Workbook
Name CMMVersion: '1Cav기존'!$R$6
Name CMMVersion: '2Cav기존'!$R$6
Name CMMVersion: '3Cav기존'!$R$6
Name CMMVersion: '4Cav기존'!$R$6
Name CMMVersion: OOC!#REF!
Name dim_type: #REF!
Name gauging: #REF!
Name insp_meth: #REF!

Sheet OQC
A1: Enhanced Cpk Data Sheet - Enclosures MD
B2: Rev 4.3 | V2: Instructions | Y2: 없는 캐비티 | AK2: {=TRANSPOSE(IFERROR(_xlfn._xlws.FILTER(CE10:CE160,CE10:CE160<>""),""))}
B4: Part Number : | D4: 817-11868 | F4: Supplier : | H4: Dpamstech | O4: Tool # / Build / DOE Name : | R4: MP / OQC | Y4: 들어간차수 | AK4: {=TRANSPOSE(_xlfn.ANCHORARRAY(BT10))}
B5: Part Description : | D5: IR BASE | F5: Inspector : | H5: M.W Nam | O5: Notes/Comments : | R5: OQC | Y5: 들어간 캐비티 | AK5: {=TRANSPOSE(_xlfn.ANCHORARRAY(BR10))}
B6: Revision : | D6: 6 | F6: Date : | H6: 측정일 : 250529 / 사출일 :250527 | O6: CMM/OMM Program version : | R6: MP | Y6: 들어간 생산일
B8: DRAWING SPECIFICATIONS | O8: CALCULATED RESULTS | AG8: DO NOT DELETE COLUMNS
B9: FAI | C9: SPC | H9: (USL for one sided spec) | I9: (LSL for one sided spec) | Z9: Tolerance needed to hit target Cpk | AB9: Cp* = | AC9: 1.5
D10: Description | E10: Target Cpk | F10: Dimension Type | G10: Nominal | H10: TOL+ | I10: TOL- | J10: Inspection Method | K10: 100% Gauged | L10: USL | M10: LSL | O10: Maximum | P10: Minimum | Q10: Mean | R10: Std Dev | S10: Cp | T10: Ca | U10: Ca Level | V10: UCPK | W10: LCPK | X10: Cpk | Y10: Yield | Z10: +Tol => Cpk* | AA10: -Tol => Cpk* | AB10: Mean Shift | AC10: Tol Range => Cp* | AD10: Normality Test | AE10: Normality Result | AF10: Notes | BQ10: {=TRANSPOSE(LEFT(AK10:BP10,1))} | BR10: {=_xlfn._xlws.SORT(_xlfn.UNIQUE(_xlfn.ANCHORARRAY(BQ10)))} | BS10: {=TRANSPOSE(LEFT(AK10:BP10,3))} | BT10: {=_xlfn._xlws.SORT(_xlfn.UNIQUE(_xlfn.ANCHORARRAY(BS10)))} | BU10: {=IF(BR10="","",_xlfn._xlws.FILTER($AJ$4:$BP$4,ISNUMBER(SEARCH(BR10,$AJ$4:$BP$4))))} | BY10: {=IF(BU10="","",IF(AND(MID(BU10,1,1)=MID(BU10:BX10,1,1)),"TRUE","FALSE"))} | CA10: =IF(BR10="","",SUBSTITUTE(SUBSTITUTE(COUNTIF(_xlfn.ANCHORARRAY(BU10),BR10&"#1"),"1",""),"0",BR10&"#1")) | CB10: =IF(BR10="","",SUBSTITUTE(SUBSTITUTE(COUNTIF(_xlfn.ANCHORARRAY(BU10),BR10&"#2"),"1",""),"0",BR10&"#2")) | CC10: =IF(BR10="","",SUBSTITUTE(SUBSTITUTE(COUNTIF(_xlfn.ANCHORARRAY(BU10),BR10&"#3"),"1",""),"0",BR10&"#3")) | CD10: =IF(BR10="","",SUBSTITUTE(SUBSTITUTE(COUNTIF(_xlfn.ANCHORARRAY(BU10),BR10&"#4"),"1",""),"0",BR10&"#4")) | CE10: {=_xlfn.TOCOL(CA10:CD160,3)}
A11: 1 | B11: 1 | C11: A | D11: Parallelism | E11: 1.5 | F11: GD&T | H11: 0.04 | J11: OMM | K11: NO | L11: =IF(AND(G11="",H11=""),"",IF(G11="",H11,G11+H11)) -> 0.04 | M11: =IF(AND(G11="",I11=""),"",IF(G11="",I11,G11+I11)) | O11: =IF(OR($AK11="",ISNUMBER($AK11)=FALSE),"",MAX(AK11:AN11)) | P11: =IF(OR($AK11="",ISNUMBER($AK11)=FALSE),"",MIN(AK11:AN11)) | Q11: =IF(OR($AK11="",ISNUMBER($AK11)=FALSE),"",AVERAGE(AK11:AN11)) | R11: =IF(OR($AK11="",ISNUMBER($AK11)=FALSE),"",STDEV(AK11:AN11)) | S11: =IF(OR($AK11="",ISNUMBER($AK11)=FALSE),"",IF(AND(G11="",I11=""),V11,IF(AND(G11="",H11=""),W11,(H11+ABS(I11))/(6*R11)))) | T11: =IF(OR($AK11="",ISNUMBER($AK11)=FALSE),"",IF(AND($F11="Tolerance",$G11<>""),($Q11-$G11)/(($L11-$M11)/2),IF(AND($F11="GD&T",$H11<>""),$Q11/$H11,""))) | U11: =IF($T11="","",IF(ABS($T11)<=0.125, "Level A",IF(AND(ABS($T11)>0.125,ABS($T11)<=0.25), "Level B",IF(AND(ABS($T11)>0.25,ABS($T11)<=0.5), "Level C", IF(ABS($T11)>0.5, "Level D"))))) | V11: =IF(OR($AK11="",ISNUMBER($AK11)=FALSE),"",IF(H11="","",(L11-Q11)/(3*R11))) | W11: =IF(OR($AK11="",ISNUMBER($AK11)=FALSE),"",IF(I11="","",(Q11-M11)/(3*R11))) | X11: =IF(OR($AK11="",ISNUMBER($AK11)=FALSE),"",IF(AND(G11=0,I11=0),((H11)-(Q11))/(3*R11),MIN(V11:W11))) | Y11: =IF(OR($AK11="",ISNUMBER($AK11)=FALSE),"",IF(AND(G11=0,I11=0),NORMSDIST(3*X11),NORMSDIST(3*X11)+NORMSDIST(6*S11-3*X11)-1)) | Z11: =IF($Q11="","",IF(F11="Tolerance",IF(($E11*3*R11+Q11)-G11<H11,"",($E11*3*R11+Q11)-G11),IF(OR(F11="GD&T",F11="MAX"),IF(($E11*3*R11+Q11)<H11,"",($E11*3*R11+Q11)),""))) | AA11: =IF(Q11="","",IF(F11="Tolerance",IF(-(($E11*3*R11)-Q11)-G11>I11,"",-(($E11*3*R11)-Q11)-G11),IF(F11="MIN",IF(-(($E11*3*R11)-Q11)>I11,"",-(($E11*3*R11)-Q11)),""))) | AB11: =IF(OR(G11="",Q11=""),"",(L11+M11)/2-Q11) | AC11: =IF(OR($S11>$AC$9,$R11=""),"",$AC$9*6*$R11) | AE11: =IF(AD11="","",IF(AD11>=0.966,"Normal","Not Normal")) | BU11: {=IF(BR11="","",_xlfn._xlws.FILTER($AJ$4:$BP$4,ISNUMBER(SEARCH(BR11,$AJ$4:$BP$4))))} | BY11: {=IF(BU11="","",IF(AND(MID(BU11,1,1)=MID(BU11:BX11,1,1)),"TRUE","FALSE"))} | CA11: =IF(BR11="","",SUBSTITUTE(SUBSTITUTE(COUNTIF(_xlfn.ANCHORARRAY(BU11),BR11&"#1"),"1",""),"0",BR11&"#1")) | CB11: =IF(BR11="","",SUBSTITUTE(SUBSTITUTE(COUNTIF(_xlfn.ANCHORARRAY(BU11),BR11&"#2"),"1",""),"0",BR11&"#2")) | CC11: =IF(BR11="","",SUBSTITUTE(SUBSTITUTE(COUNTIF(_xlfn.ANCHORARRAY(BU11),BR11&"#3"),"1",""),"0",BR11&"#3")) | CD11: =IF(BR11="","",SUBSTITUTE(SUBSTITUTE(COUNTIF(_xlfn.ANCHORARRAY(BU11),BR11&"#4"),"1",""),"0",BR11&"#4"))
A12: 2 | B12: 3-D3 | C12: AL | D12: Distance | E12: 1.33 | F12: Tolerance | G12: 3.984 | H12: 0.025 | I12: -0.02 | J12: OMM | K12: NO | L12: =IF(AND(G12="",H12=""),"",IF(G12="",H12,G12+H12)) -> 4.009 | M12: =IF(AND(G12="",I12=""),"",IF(G12="",I12,G12+I12)) -> 3.964 | O12: =IF(OR($AK12="",ISNUMBER($AK12)=FALSE),"",MAX(AK12:AN12)) | P12: =IF(OR($AK12="",ISNUMBER($AK12)=FALSE),"",MIN(AK12:AN12)) | Q12: =IF(OR($AK12="",ISNUMBER($AK12)=FALSE),"",AVERAGE(AK12:AN12)) | R12: =IF(OR($AK12="",ISNUMBER($AK12)=FALSE),"",STDEV(AK12:AN12)) | S12: =IF(OR($AK12="",ISNUMBER($AK12)=FALSE),"",IF(AND(G12="",I12=""),V12,IF(AND(G12="",H12=""),W12,(H12+ABS(I12))/(6*R12)))) | T12: =IF(OR($AK12="",ISNUMBER($AK12)=FALSE),"",IF(AND($F12="Tolerance",$G12<>""),($Q12-$G12)/(($L12-$M12)/2),IF(AND($F12="GD&T",$H12<>""),$Q12/$H12,""))) | U12: =IF($T12="","",IF(ABS($T12)<=0.125, "Level A",IF(AND(ABS($T12)>0.125,ABS($T12)<=0.25), "Level B",IF(AND(ABS($T12)>0.25,ABS($T12)<=0.5), "Level C", IF(ABS($T12)>0.5, "Level D"))))) | V12: =IF(OR($AK12="",ISNUMBER($AK12)=FALSE),"",IF(H12="","",(L12-Q12)/(3*R12))) | W12: =IF(OR($AK12="",ISNUMBER($AK12)=FALSE),"",IF(I12="","",(Q12-M12)/(3*R12))) | X12: =IF(OR($AK12="",ISNUMBER($AK12)=FALSE),"",IF(AND(G12=0,I12=0),((H12)-(Q12))/(3*R12),MIN(V12:W12))) | Y12: =IF(OR($AK12="",ISNUMBER($AK12)=FALSE),"",IF(AND(G12=0,I12=0),NORMSDIST(3*X12),NORMSDIST(3*X12)+NORMSDIST(6*S12-3*X12)-1)) | Z12: =IF($Q12="","",IF(F12="Tolerance",IF(($E12*3*R12+Q12)-G12<H12,"",($E12*3*R12+Q12)-G12),IF(OR(F12="GD&T",F12="MAX"),IF(($E12*3*R12+Q12)<H12,"",($E12*3*R12+Q12)),""))) | AA12: =IF(Q12="","",IF(F12="Tolerance",IF(-(($E12*3*R12)-Q12)-G12>I12,"",-(($E12*3*R12)-Q12)-G12),IF(F12="MIN",IF(-(($E12*3*R12)-Q12)>I12,"",-(($E12*3*R12)-Q12)),""))) | AB12: =IF(OR(G12="",Q12=""),"",(L12+M12)/2-Q12) | AC12: =IF(OR($S12>$AC$9,$R12=""),"",$AC$9*6*$R12) | AE12: =IF(AD12="","",IF(AD12>=0.966,"Normal","Not Normal")) | BU12: {=IF(BR12="","",_xlfn._xlws.FILTER($AJ$4:$BP$4,ISNUMBER(SEARCH(BR12,$AJ$4:$BP$4))))} | BY12: {=IF(BU12="","",IF(AND(MID(BU12,1,1)=MID(BU12:BX12,1,1)),"TRUE","FALSE"))} | CA12: =IF(BR12="","",SUBSTITUTE(SUBSTITUTE(COUNTIF(_xlfn.ANCHORARRAY(BU12),BR12&"#1"),"1",""),"0",BR12&"#1")) | CB12: =IF(BR12="","",SUBSTITUTE(SUBSTITUTE(COUNTIF(_xlfn.ANCHORARRAY(BU12),BR12&"#2"),"1",""),"0",BR12&"#2")) | CC12: =IF(BR12="","",SUBSTITUTE(SUBSTITUTE(COUNTIF(_xlfn.ANCHORARRAY(BU12),BR12&"#3"),"1",""),"0",BR12&"#3")) | CD12: =IF(BR12="","",SUBSTITUTE(SUBSTITUTE(COUNTIF(_xlfn.ANCHORARRAY(BU12),BR12&"#4"),"1",""),"0",BR12&"#4"))
A13: 3 | B13: 3-D4 | C13: AL | D13: Distance | E13: 1.33 | F13: Tolerance | G13: 3.984 | H13: 0.025 | I13: -0.02 | J13: OMM | K13: NO | L13: =IF(AND(G13="",H13=""),"",IF(G13="",H13,G13+H13)) -> 4.009 | M13: =IF(AND(G13="",I13=""),"",IF(G13="",I13,G13+I13)) -> 3.964 | O13: =IF(OR($AK13="",ISNUMBER($AK13)=FALSE),"",MAX(AK13:AN13)) | P13: =IF(OR($AK13="",ISNUMBER($AK13)=FALSE),"",MIN(AK13:AN13)) | Q13: =IF(OR($AK13="",ISNUMBER($AK13)=FALSE),"",AVERAGE(AK13:AN13)) | R13: =IF(OR($AK13="",ISNUMBER($AK13)=FALSE),"",STDEV(AK13:AN13)) | S13: =IF(OR($AK13="",ISNUMBER($AK13)=FALSE),"",IF(AND(G13="",I13=""),V13,IF(AND(G13="",H13=""),W13,(H13+ABS(I13))/(6*R13)))) | T13: =IF(OR($AK13="",ISNUMBER($AK13)=FALSE),"",IF(AND($F13="Tolerance",$G13<>""),($Q13-$G13)/(($L13-$M13)/2),IF(AND($F13="GD&T",$H13<>""),$Q13/$H13,""))) | U13: =IF($T13="","",IF(ABS($T13)<=0.125, "Level A",IF(AND(ABS($T13)>0.125,ABS($T13)<=0.25), "Level B",IF(AND(ABS($T13)>0.25,ABS($T13)<=0.5), "Level C", IF(ABS($T13)>0.5, "Level D"))))) | V13: =IF(OR($AK13="",ISNUMBER($AK13)=FALSE),"",IF(H13="","",(L13-Q13)/(3*R13))) | W13: =IF(OR($AK13="",ISNUMBER($AK13)=FALSE),"",IF(I13="","",(Q13-M13)/(3*R13))) | X13: =IF(OR($AK13="",ISNUMBER($AK13)=FALSE),"",IF(AND(G13=0,I13=0),((H13)-(Q13))/(3*R13),MIN(V13:W13))) | Y13: =IF(OR($AK13="",ISNUMBER($AK13)=FALSE),"",IF(AND(G13=0,I13=0),NORMSDIST(3*X13),NORMSDIST(3*X13)+NORMSDIST(6*S13-3*X13)-1)) | Z13: =IF($Q13="","",IF(F13="Tolerance",IF(($E13*3*R13+Q13)-G13<H13,"",($E13*3*R13+Q13)-G13),IF(OR(F13="GD&T",F13="MAX"),IF(($E13*3*R13+Q13)<H13,"",($E13*3*R13+Q13)),""))) | AA13: =IF(Q13="","",IF(F13="Tolerance",IF(-(($E13*3*R13)-Q13)-G13>I13,"",-(($E13*3*R13)-Q13)-G13),IF(F13="MIN",IF(-(($E13*3*R13)-Q13)>I13,"",-(($E13*3*R13)-Q13)),""))) | AB13: =IF(OR(G13="",Q13=""),"",(L13+M13)/2-Q13) | AC13: =IF(OR($S13>$AC$9,$R13=""),"",$AC$9*6*$R13) | AE13: =IF(AD13="","",IF(AD13>=0.966,"Normal","Not Normal")) | BU13: {=IF(BR13="","",_xlfn._xlws.FILTER($AJ$4:$BP$4,ISNUMBER(SEARCH(BR13,$AJ$4:$BP$4))))} | BY13: {=IF(BU13="","",IF(AND(MID(BU13,1,1)=MID(BU13:BX13,1,1)),"TRUE","FALSE"))} | CA13: =IF(BR13="","",SUBSTITUTE(SUBSTITUTE(COUNTIF(_xlfn.ANCHORARRAY(BU13),BR13&"#1"),"1",""),"0",BR13&"#1")) | CB13: =IF(BR13="","",SUBSTITUTE(SUBSTITUTE(COUNTIF(_xlfn.ANCHORARRAY(BU13),BR13&"#2"),"1",""),"0",BR13&"#2")) | CC13: =IF(BR13="","",SUBSTITUTE(SUBSTITUTE(COUNTIF(_xlfn.ANCHORARRAY(BU13),BR13&"#3"),"1",""),"0",BR13&"#3")) | CD13: =IF(BR13="","",SUBSTITUTE(SUBSTITUTE(COUNTIF(_xlfn.ANCHORARRAY(BU13),BR13&"#4"),"1",""),"0",BR13&"#4"))
A14: 4 | B14: 4 | C14: C | D14: Flatness | E14: 1.5 | F14: GD&T | H14: 0.015 | J14: OMM | K14: NO | L14: =IF(AND(G14="",H14=""),"",IF(G14="",H14,G14+H14)) -> 0.015 | M14: =IF(AND(G14="",I14=""),"",IF(G14="",I14,G14+I14)) | O14: =IF(OR($AK14="",ISNUMBER($AK14)=FALSE),"",MAX(AK14:AN14)) | P14: =IF(OR($AK14="",ISNUMBER($AK14)=FALSE),"",MIN(AK14:AN14)) | Q14: =IF(OR($AK14="",ISNUMBER($AK14)=FALSE),"",AVERAGE(AK14:AN14)) | R14: =IF(OR($AK14="",ISNUMBER($AK14)=FALSE),"",STDEV(AK14:AN14)) | S14: =IF(OR($AK14="",ISNUMBER($AK14)=FALSE),"",IF(AND(G14="",I14=""),V14,IF(AND(G14="",H14=""),W14,(H14+ABS(I14))/(6*R14)))) | T14: =IF(OR($AK14="",ISNUMBER($AK14)=FALSE),"",IF(AND($F14="Tolerance",$G14<>""),($Q14-$G14)/(($L14-$M14)/2),IF(AND($F14="GD&T",$H14<>""),$Q14/$H14,""))) | U14: =IF($T14="","",IF(ABS($T14)<=0.125, "Level A",IF(AND(ABS($T14)>0.125,ABS($T14)<=0.25), "Level B",IF(AND(ABS($T14)>0.25,ABS($T14)<=0.5), "Level C", IF(ABS($T14)>0.5, "Level D"))))) | V14: =IF(OR($AK14="",ISNUMBER($AK14)=FALSE),"",IF(H14="","",(L14-Q14)/(3*R14))) | W14: =IF(OR($AK14="",ISNUMBER($AK14)=FALSE),"",IF(I14="","",(Q14-M14)/(3*R14))) | X14: =IF(OR($AK14="",ISNUMBER($AK14)=FALSE),"",IF(AND(G14=0,I14=0),((H14)-(Q14))/(3*R14),MIN(V14:W14))) | Y14: =IF(OR($AK14="",ISNUMBER($AK14)=FALSE),"",IF(AND(G14=0,I14=0),NORMSDIST(3*X14),NORMSDIST(3*X14)+NORMSDIST(6*S14-3*X14)-1)) | Z14: =IF($Q14="","",IF(F14="Tolerance",IF(($E14*3*R14+Q14)-G14<H14,"",($E14*3*R14+Q14)-G14),IF(OR(F14="GD&T",F14="MAX"),IF(($E14*3*R14+Q14)<H14,"",($E14*3*R14+Q14)),""))) | AA14: =IF(Q14="","",IF(F14="Tolerance",IF(-(($E14*3*R14)-Q14)-G14>I14,"",-(($E14*3*R14)-Q14)-G14),IF(F14="MIN",IF(-(($E14*3*R14)-Q14)>I14,"",-(($E14*3*R14)-Q14)),""))) | AB14: =IF(OR(G14="",Q14=""),"",(L14+M14)/2-Q14) | AC14: =IF(OR($S14>$AC$9,$R14=""),"",$AC$9*6*$R14) | AE14: =IF(AD14="","",IF(AD14>=0.966,"Normal","Not Normal")) | BU14: {=IF(BR14="","",_xlfn._xlws.FILTER($AJ$4:$BP$4,ISNUMBER(SEARCH(BR14,$AJ$4:$BP$4))))} | BY14: {=IF(BU14="","",IF(AND(MID(BU14,1,1)=MID(BU14:BX14,1,1)),"TRUE","FALSE"))} | CA14: =IF(BR14="","",SUBSTITUTE(SUBSTITUTE(COUNTIF(_xlfn.ANCHORARRAY(BU14),BR14&"#1"),"1",""),"0",BR14&"#1")) | CB14: =IF(BR14="","",SUBSTITUTE(SUBSTITUTE(COUNTIF(_xlfn.ANCHORARRAY(BU14),BR14&"#2"),"1",""),"0",BR14&"#2")) | CC14: =IF(BR14="","",SUBSTITUTE(SUBSTITUTE(COUNTIF(_xlfn.ANCHORARRAY(BU14),BR14&"#3"),"1",""),"0",BR14&"#3")) | CD14: =IF(BR14="","",SUBSTITUTE(SUBSTITUTE(COUNTIF(_xlfn.ANCHORARRAY(BU14),BR14&"#4"),"1",""),"0",BR14&"#4"))
A15: 5 | B15: 5 | D15: Flatness | F15: GD&T | H15: 0.015 | J15: OMM | K15: NO | L15: =IF(AND(G15="",H15=""),"",IF(G15="",H15,G15+H15)) -> 0.015 | M15: =IF(AND(G15="",I15=""),"",IF(G15="",I15,G15+I15)) | O15: =IF(OR($AK15="",ISNUMBER($AK15)=FALSE),"",MAX(AK15:AN15)) | P15: =IF(OR($AK15="",ISNUMBER($AK15)=FALSE),"",MIN(AK15:AN15)) | Q15: =IF(OR($AK15="",ISNUMBER($AK15)=FALSE),"",AVERAGE(AK15:AN15)) | R15: =IF(OR($AK15="",ISNUMBER($AK15)=FALSE),"",STDEV(AK15:AN15)) | S15: =IF(OR($AK15="",ISNUMBER($AK15)=FALSE),"",IF(AND(G15="",I15=""),V15,IF(AND(G15="",H15=""),W15,(H15+ABS(I15))/(6*R15)))) | T15: =IF(OR($AK15="",ISNUMBER($AK15)=FALSE),"",IF(AND($F15="Tolerance",$G15<>""),($Q15-$G15)/(($L15-$M15)/2),IF(AND($F15="GD&T",$H15<>""),$Q15/$H15,""))) | U15: =IF($T15="","",IF(ABS($T15)<=0.125, "Level A",IF(AND(ABS($T15)>0.125,ABS($T15)<=0.25), "Level B",IF(AND(ABS($T15)>0.25,ABS($T15)<=0.5), "Level C", IF(ABS($T15)>0.5, "Level D"))))) | V15: =IF(OR($AK15="",ISNUMBER($AK15)=FALSE),"",IF(H15="","",(L15-Q15)/(3*R15))) | W15: =IF(OR($AK15="",ISNUMBER($AK15)=FALSE),"",IF(I15="","",(Q15-M15)/(3*R15))) | X15: =IF(OR($AK15="",ISNUMBER($AK15)=FALSE),"",IF(AND(G15=0,I15=0),((H15)-(Q15))/(3*R15),MIN(V15:W15))) | Y15: =IF(OR($AK15="",ISNUMBER($AK15)=FALSE),"",IF(AND(G15=0,I15=0),NORMSDIST(3*X15),NORMSDIST(3*X15)+NORMSDIST(6*S15-3*X15)-1)) | Z15: =IF($Q15="","",IF(F15="Tolerance",IF(($E15*3*R15+Q15)-G15<H15,"",($E15*3*R15+Q15)-G15),IF(OR(F15="GD&T",F15="MAX"),IF(($E15*3*R15+Q15)<H15,"",($E15*3*R15+Q15)),""))) | AA15: =IF(Q15="","",IF(F15="Tolerance",IF(-(($E15*3*R15)-Q15)-G15>I15,"",-(($E15*3*R15)-Q15)-G15),IF(F15="MIN",IF(-(($E15*3*R15)-Q15)>I15,"",-(($E15*3*R15)-Q15)),""))) | AB15: =IF(OR(G15="",Q15=""),"",(L15+M15)/2-Q15) | AC15: =IF(OR($S15>$AC$9,$R15=""),"",$AC$9*6*$R15) | AE15: =IF(AD15="","",IF(AD15>=0.966,"Normal","Not Normal")) | BU15: {=IF(BR15="","",_xlfn._xlws.FILTER($AJ$4:$BP$4,ISNUMBER(SEARCH(BR15,$AJ$4:$BP$4))))} | BY15: {=IF(BU15="","",IF(AND(MID(BU15,1,1)=MID(BU15:BX15,1,1)),"TRUE","FALSE"))} | CA15: =IF(BR15="","",SUBSTITUTE(SUBSTITUTE(COUNTIF(_xlfn.ANCHORARRAY(BU15),BR15&"#1"),"1",""),"0",BR15&"#1")) | CB15: =IF(BR15="","",SUBSTITUTE(SUBSTITUTE(COUNTIF(_xlfn.ANCHORARRAY(BU15),BR15&"#2"),"1",""),"0",BR15&"#2")) | CC15: =IF(BR15="","",SUBSTITUTE(SUBSTITUTE(COUNTIF(_xlfn.ANCHORARRAY(BU15),BR15&"#3"),"1",""),"0",BR15&"#3")) | CD15: =IF(BR15="","",SUBSTITUTE(SUBSTITUTE(COUNTIF(_xlfn.ANCHORARRAY(BU15),BR15&"#4"),"1",""),"0",BR15&"#4"))
A16: 6 | B16: 6-D1 | C16: AM | D16: Distance | E16: 1.33 | F16: Tolerance | G16: 4.009 | H16: 0.02 | I16: -0.02 | J16: OMM | K16: NO | L16: =IF(AND(G16="",H16=""),"",IF(G16="",H16,G16+H16)) -> 4.029 | M16: =IF(AND(G16="",I16=""),"",IF(G16="",I16,G16+I16)) -> 3.989 | O16: =IF(OR($AK16="",ISNUMBER($AK16)=FALSE),"",MAX(AK16:AN16)) | P16: =IF(OR($AK16="",ISNUMBER($AK16)=FALSE),"",MIN(AK16:AN16)) | Q16: =IF(OR($AK16="",ISNUMBER($AK16)=FALSE),"",AVERAGE(AK16:AN16)) | R16: =IF(OR($AK16="",ISNUMBER($AK16)=FALSE),"",STDEV(AK16:AN16)) | S16: =IF(OR($AK16="",ISNUMBER($AK16)=FALSE),"",IF(AND(G16="",I16=""),V16,IF(AND(G16="",H16=""),W16,(H16+ABS(I16))/(6*R16)))) | T16: =IF(OR($AK16="",ISNUMBER($AK16)=FALSE),"",IF(AND($F16="Tolerance",$G16<>""),($Q16-$G16)/(($L16-$M16)/2),IF(AND($F16="GD&T",$H16<>""),$Q16/$H16,""))) | U16: =IF($T16="","",IF(ABS($T16)<=0.125, "Level A",IF(AND(ABS($T16)>0.125,ABS($T16)<=0.25), "Level B",IF(AND(ABS($T16)>0.25,ABS($T16)<=0.5), "Level C", IF(ABS($T16)>0.5, "Level D"))))) | V16: =IF(OR($AK16="",ISNUMBER($AK16)=FALSE),"",IF(H16="","",(L16-Q16)/(3*R16))) | W16: =IF(OR($AK16="",ISNUMBER($AK16)=FALSE),"",IF(I16="","",(Q16-M16)/(3*R16))) | X16: =IF(OR($AK16="",ISNUMBER($AK16)=FALSE),"",IF(AND(G16=0,I16=0),((H16)-(Q16))/(3*R16),MIN(V16:W16))) | Y16: =IF(OR($AK16="",ISNUMBER($AK16)=FALSE),"",IF(AND(G16=0,I16=0),NORMSDIST(3*X16),NORMSDIST(3*X16)+NORMSDIST(6*S16-3*X16)-1)) | Z16: =IF($Q16="","",IF(F16="Tolerance",IF(($E16*3*R16+Q16)-G16<H16,"",($E16*3*R16+Q16)-G16),IF(OR(F16="GD&T",F16="MAX"),IF(($E16*3*R16+Q16)<H16,"",($E16*3*R16+Q16)),""))) | AA16: =IF(Q16="","",IF(F16="Tolerance",IF(-(($E16*3*R16)-Q16)-G16>I16,"",-(($E16*3*R16)-Q16)-G16),IF(F16="MIN",IF(-(($E16*3*R16)-Q16)>I16,"",-(($E16*3*R16)-Q16)),""))) | AB16: =IF(OR(G16="",Q16=""),"",(L16+M16)/2-Q16) | AC16: =IF(OR($S16>$AC$9,$R16=""),"",$AC$9*6*$R16) | AE16: =IF(AD16="","",IF(AD16>=0.966,"Normal","Not Normal")) | BU16: {=IF(BR16="","",_xlfn._xlws.FILTER($AJ$4:$BP$4,ISNUMBER(SEARCH(BR16,$AJ$4:$BP$4))))} | BY16: {=IF(BU16="","",IF(AND(MID(BU16,1,1)=MID(BU16:BX16,1,1)),"TRUE","FALSE"))} | CA16: =IF(BR16="","",SUBSTITUTE(SUBSTITUTE(COUNTIF(_xlfn.ANCHORARRAY(BU16),BR16&"#1"),"1",""),"0",BR16&"#1")) | CB16: =IF(BR16="","",SUBSTITUTE(SUBSTITUTE(COUNTIF(_xlfn.ANCHORARRAY(BU16),BR16&"#2"),"1",""),"0",BR16&"#2")) | CC16: =IF(BR16="","",SUBSTITUTE(SUBSTITUTE(COUNTIF(_xlfn.ANCHORARRAY(BU16),BR16&"#3"),"1",""),"0",BR16&"#3")) | CD16: =IF(BR16="","",SUBSTITUTE(SUBSTITUTE(COUNTIF(_xlfn.ANCHORARRAY(BU16),BR16&"#4"),"1",""),"0",BR16&"#4"))
A17: 7 | B17: 6-D2 | C17: AM | D17: Distance | E17: 1.33 | F17: Tolerance | G17: 4.009 | H17: 0.02 | I17: -0.02 | J17: OMM | K17: NO | L17: =IF(AND(G17="",H17=""),"",IF(G17="",H17,G17+H17)) -> 4.029 | M17: =IF(AND(G17="",I17=""),"",IF(G17="",I17,G17+I17)) -> 3.989 | O17: =IF(OR($AK17="",ISNUMBER($AK17)=FALSE),"",MAX(AK17:AN17)) | P17: =IF(OR($AK17="",ISNUMBER($AK17)=FALSE),"",MIN(AK17:AN17)) | Q17: =IF(OR($AK17="",ISNUMBER($AK17)=FALSE),"",AVERAGE(AK17:AN17)) | R17: =IF(OR($AK17="",ISNUMBER($AK17)=FALSE),"",STDEV(AK17:AN17)) | S17: =IF(OR($AK17="",ISNUMBER($AK17)=FALSE),"",IF(AND(G17="",I17=""),V17,IF(AND(G17="",H17=""),W17,(H17+ABS(I17))/(6*R17)))) | T17: =IF(OR($AK17="",ISNUMBER($AK17)=FALSE),"",IF(AND($F17="Tolerance",$G17<>""),($Q17-$G17)/(($L17-$M17)/2),IF(AND($F17="GD&T",$H17<>""),$Q17/$H17,""))) | U17: =IF($T17="","",IF(ABS($T17)<=0.125, "Level A",IF(AND(ABS($T17)>0.125,ABS($T17)<=0.25), "Level B",IF(AND(ABS($T17)>0.25,ABS($T17)<=0.5), "Level C", IF(ABS($T17)>0.5, "Level D"))))) | V17: =IF(OR($AK17="",ISNUMBER($AK17)=FALSE),"",IF(H17="","",(L17-Q17)/(3*R17))) | W17: =IF(OR($AK17="",ISNUMBER($AK17)=FALSE),"",IF(I17="","",(Q17-M17)/(3*R17))) | X17: =IF(OR($AK17="",ISNUMBER($AK17)=FALSE),"",IF(AND(G17=0,I17=0),((H17)-(Q17))/(3*R17),MIN(V17:W17))) | Y17: =IF(OR($AK17="",ISNUMBER($AK17)=FALSE),"",IF(AND(G17=0,I17=0),NORMSDIST(3*X17),NORMSDIST(3*X17)+NORMSDIST(6*S17-3*X17)-1)) | Z17: =IF($Q17="","",IF(F17="Tolerance",IF(($E17*3*R17+Q17)-G17<H17,"",($E17*3*R17+Q17)-G17),IF(OR(F17="GD&T",F17="MAX"),IF(($E17*3*R17+Q17)<H17,"",($E17*3*R17+Q17)),""))) | AA17: =IF(Q17="","",IF(F17="Tolerance",IF(-(($E17*3*R17)-Q17)-G17>I17,"",-(($E17*3*R17)-Q17)-G17),IF(F17="MIN",IF(-(($E17*3*R17)-Q17)>I17,"",-(($E17*3*R17)-Q17)),""))) | AB17: =IF(OR(G17="",Q17=""),"",(L17+M17)/2-Q17) | AC17: =IF(OR($S17>$AC$9,$R17=""),"",$AC$9*6*$R17) | AE17: =IF(AD17="","",IF(AD17>=0.966,"Normal","Not Normal")) | BU17: {=IF(BR17="","",_xlfn._xlws.FILTER($AJ$4:$BP$4,ISNUMBER(SEARCH(BR17,$AJ$4:$BP$4))))} | BY17: {=IF(BU17="","",IF(AND(MID(BU17,1,1)=MID(BU17:BX17,1,1)),"TRUE","FALSE"))} | CA17: =IF(BR17="","",SUBSTITUTE(SUBSTITUTE(COUNTIF(_xlfn.ANCHORARRAY(BU17),BR17&"#1"),"1",""),"0",BR17&"#1")) | CB17: =IF(BR17="","",SUBSTITUTE(SUBSTITUTE(COUNTIF(_xlfn.ANCHORARRAY(BU17),BR17&"#2"),"1",""),"0",BR17&"#2")) | CC17: =IF(BR17="","",SUBSTITUTE(SUBSTITUTE(COUNTIF(_xlfn.ANCHORARRAY(BU17),BR17&"#3"),"1",""),"0",BR17&"#3")) | CD17: =IF(BR17="","",SUBSTITUTE(SUBSTITUTE(COUNTIF(_xlfn.ANCHORARRAY(BU17),BR17&"#4"),"1",""),"0",BR17&"#4"))
A18: 11 | B18: 8-1 (V2) | C18: E | D18: Straightness | E18: 1.5 | F18: GD&T | H18: 0.008 | J18: CMM | K18: NO | L18: =IF(AND(G18="",H18=""),"",IF(G18="",H18,G18+H18)) -> 0.008 | M18: =IF(AND(G18="",I18=""),"",IF(G18="",I18,G18+I18)) | O18: =IF(OR($AK18="",ISNUMBER($AK18)=FALSE),"",MAX(AK18:AN18)) | P18: =IF(OR($AK18="",ISNUMBER($AK18)=FALSE),"",MIN(AK18:AN18)) | Q18: =IF(OR($AK18="",ISNUMBER($AK18)=FALSE),"",AVERAGE(AK18:AN18)) | R18: =IF(OR($AK18="",ISNUMBER($AK18)=FALSE),"",STDEV(AK18:AN18)) | S18: =IF(OR($AK18="",ISNUMBER($AK18)=FALSE),"",IF(AND(G18="",I18=""),V18,IF(AND(G18="",H18=""),W18,(H18+ABS(I18))/(6*R18)))) | T18: =IF(OR($AK18="",ISNUMBER($AK18)=FALSE),"",IF(AND($F18="Tolerance",$G18<>""),($Q18-$G18)/(($L18-$M18)/2),IF(AND($F18="GD&T",$H18<>""),$Q18/$H18,""))) | U18: =IF($T18="","",IF(ABS($T18)<=0.125, "Level A",IF(AND(ABS($T18)>0.125,ABS($T18)<=0.25), "Level B",IF(AND(ABS($T18)>0.25,ABS($T18)<=0.5), "Level C", IF(ABS($T18)>0.5, "Level D"))))) | V18: =IF(OR($AK18="",ISNUMBER($AK18)=FALSE),"",IF(H18="","",(L18-Q18)/(3*R18))) | W18: =IF(OR($AK18="",ISNUMBER($AK18)=FALSE),"",IF(I18="","",(Q18-M18)/(3*R18))) | X18: =IF(OR($AK18="",ISNUMBER($AK18)=FALSE),"",IF(AND(G18=0,I18=0),((H18)-(Q18))/(3*R18),MIN(V18:W18))) | Y18: =IF(OR($AK18="",ISNUMBER($AK18)=FALSE),"",IF(AND(G18=0,I18=0),NORMSDIST(3*X18),NORMSDIST(3*X18)+NORMSDIST(6*S18-3*X18)-1)) | Z18: =IF($Q18="","",IF(F18="Tolerance",IF(($E18*3*R18+Q18)-G18<H18,"",($E18*3*R18+Q18)-G18),IF(OR(F18="GD&T",F18="MAX"),IF(($E18*3*R18+Q18)<H18,"",($E18*3*R18+Q18)),""))) | AA18: =IF(Q18="","",IF(F18="Tolerance",IF(-(($E18*3*R18)-Q18)-G18>I18,"",-(($E18*3*R18)-Q18)-G18),IF(F18="MIN",IF(-(($E18*3*R18)-Q18)>I18,"",-(($E18*3*R18)-Q18)),""))) | AB18: =IF(OR(G18="",Q18=""),"",(L18+M18)/2-Q18) | AC18: =IF(OR($S18>$AC$9,$R18=""),"",$AC$9*6*$R18) | AE18: =IF(AD18="","",IF(AD18>=0.966,"Normal","Not Normal")) | BU18: {=IF(BR18="","",_xlfn._xlws.FILTER($AJ$4:$BP$4,ISNUMBER(SEARCH(BR18,$AJ$4:$BP$4))))} | BY18: {=IF(BU18="","",IF(AND(MID(BU18,1,1)=MID(BU18:BX18,1,1)),"TRUE","FALSE"))} | CA18: =IF(BR18="","",SUBSTITUTE(SUBSTITUTE(COUNTIF(_xlfn.ANCHORARRAY(BU18),BR18&"#1"),"1",""),"0",BR18&"#1")) | CB18: =IF(BR18="","",SUBSTITUTE(SUBSTITUTE(COUNTIF(_xlfn.ANCHORARRAY(BU18),BR18&"#2"),"1",""),"0",BR18&"#2")) | CC18: =IF(BR18="","",SUBSTITUTE(SUBSTITUTE(COUNTIF(_xlfn.ANCHORARRAY(BU18),BR18&"#3"),"1",""),"0",BR18&"#3")) | CD18: =IF(BR18="","",SUBSTITUTE(SUBSTITUTE(COUNTIF(_xlfn.ANCHORARRAY(BU18),BR18&"#4"),"1",""),"0",BR18&"#4"))
A19: 12 | B19: 8-2 (V1) | C19: E | D19: Straightness | E19: 1.5 | F19: GD&T | H19: 0.008 | J19: CMM | K19: NO | L19: =IF(AND(G19="",H19=""),"",IF(G19="",H19,G19+H19)) -> 0.008 | M19: =IF(AND(G19="",I19=""),"",IF(G19="",I19,G19+I19)) | O19: =IF(OR($AK19="",ISNUMBER($AK19)=FALSE),"",MAX(AK19:AN19)) | P19: =IF(OR($AK19="",ISNUMBER($AK19)=FALSE),"",MIN(AK19:AN19)) | Q19: =IF(OR($AK19="",ISNUMBER($AK19)=FALSE),"",AVERAGE(AK19:AN19)) | R19: =IF(OR($AK19="",ISNUMBER($AK19)=FALSE),"",STDEV(AK19:AN19)) | S19: =IF(OR($AK19="",ISNUMBER($AK19)=FALSE),"",IF(AND(G19="",I19=""),V19,IF(AND(G19="",H19=""),W19,(H19+ABS(I19))/(6*R19)))) | T19: =IF(OR($AK19="",ISNUMBER($AK19)=FALSE),"",IF(AND($F19="Tolerance",$G19<>""),($Q19-$G19)/(($L19-$M19)/2),IF(AND($F19="GD&T",$H19<>""),$Q19/$H19,""))) | U19: =IF($T19="","",IF(ABS($T19)<=0.125, "Level A",IF(AND(ABS($T19)>0.125,ABS($T19)<=0.25), "Level B",IF(AND(ABS($T19)>0.25,ABS($T19)<=0.5), "Level C", IF(ABS($T19)>0.5, "Level D"))))) | V19: =IF(OR($AK19="",ISNUMBER($AK19)=FALSE),"",IF(H19="","",(L19-Q19)/(3*R19))) | W19: =IF(OR($AK19="",ISNUMBER($AK19)=FALSE),"",IF(I19="","",(Q19-M19)/(3*R19))) | X19: =IF(OR($AK19="",ISNUMBER($AK19)=FALSE),"",IF(AND(G19=0,I19=0),((H19)-(Q19))/(3*R19),MIN(V19:W19))) | Y19: =IF(OR($AK19="",ISNUMBER($AK19)=FALSE),"",IF(AND(G19=0,I19=0),NORMSDIST(3*X19),NORMSDIST(3*X19)+NORMSDIST(6*S19-3*X19)-1)) | Z19: =IF($Q19="","",IF(F19="Tolerance",IF(($E19*3*R19+Q19)-G19<H19,"",($E19*3*R19+Q19)-G19),IF(OR(F19="GD&T",F19="MAX"),IF(($E19*3*R19+Q19)<H19,"",($E19*3*R19+Q19)),""))) | AA19: =IF(Q19="","",IF(F19="Tolerance",IF(-(($E19*3*R19)-Q19)-G19>I19,"",-(($E19*3*R19)-Q19)-G19),IF(F19="MIN",IF(-(($E19*3*R19)-Q19)>I19,"",-(($E19*3*R19)-Q19)),""))) | AB19: =IF(OR(G19="",Q19=""),"",(L19+M19)/2-Q19) | AC19: =IF(OR($S19>$AC$9,$R19=""),"",$AC$9*6*$R19) | AE19: =IF(AD19="","",IF(AD19>=0.966,"Normal","Not Normal")) | BU19: {=IF(BR19="","",_xlfn._xlws.FILTER($AJ$4:$BP$4,ISNUMBER(SEARCH(BR19,$AJ$4:$BP$4))))} | BY19: {=IF(BU19="","",IF(AND(MID(BU19,1,1)=MID(BU19:BX19,1,1)),"TRUE","FALSE"))} | CA19: =IF(BR19="","",SUBSTITUTE(SUBSTITUTE(COUNTIF(_xlfn.ANCHORARRAY(BU19),BR19&"#1"),"1",""),"0",BR19&"#1")) | CB19: =IF(BR19="","",SUBSTITUTE(SUBSTITUTE(COUNTIF(_xlfn.ANCHORARRAY(BU19),BR19&"#2"),"1",""),"0",BR19&"#2")) | CC19: =IF(BR19="","",SUBSTITUTE(SUBSTITUTE(COUNTIF(_xlfn.ANCHORARRAY(BU19),BR19&"#3"),"1",""),"0",BR19&"#3")) | CD19: =IF(BR19="","",SUBSTITUTE(SUBSTITUTE(COUNTIF(_xlfn.ANCHORARRAY(BU19),BR19&"#4"),"1",""),"0",BR19&"#4"))
A20: 13 | B20: 8-3 (U) | C20: E | D20: Straightness | E20: 1.5 | F20: GD&T | H20: 0.008 | J20: CMM | K20: NO | L20: =IF(AND(G20="",H20=""),"",IF(G20="",H20,G20+H20)) -> 0.008 | M20: =IF(AND(G20="",I20=""),"",IF(G20="",I20,G20+I20)) | O20: =IF(OR($AK20="",ISNUMBER($AK20)=FALSE),"",MAX(AK20:AN20)) | P20: =IF(OR($AK20="",ISNUMBER($AK20)=FALSE),"",MIN(AK20:AN20)) | Q20: =IF(OR($AK20="",ISNUMBER($AK20)=FALSE),"",AVERAGE(AK20:AN20)) | R20: =IF(OR($AK20="",ISNUMBER($AK20)=FALSE),"",STDEV(AK20:AN20)) | S20: =IF(OR($AK20="",ISNUMBER($AK20)=FALSE),"",IF(AND(G20="",I20=""),V20,IF(AND(G20="",H20=""),W20,(H20+ABS(I20))/(6*R20)))) | T20: =IF(OR($AK20="",ISNUMBER($AK20)=FALSE),"",IF(AND($F20="Tolerance",$G20<>""),($Q20-$G20)/(($L20-$M20)/2),IF(AND($F20="GD&T",$H20<>""),$Q20/$H20,""))) | U20: =IF($T20="","",IF(ABS($T20)<=0.125, "Level A",IF(AND(ABS($T20)>0.125,ABS($T20)<=0.25), "Level B",IF(AND(ABS($T20)>0.25,ABS($T20)<=0.5), "Level C", IF(ABS($T20)>0.5, "Level D"))))) | V20: =IF(OR($AK20="",ISNUMBER($AK20)=FALSE),"",IF(H20="","",(L20-Q20)/(3*R20))) | W20: =IF(OR($AK20="",ISNUMBER($AK20)=FALSE),"",IF(I20="","",(Q20-M20)/(3*R20))) | X20: =IF(OR($AK20="",ISNUMBER($AK20)=FALSE),"",IF(AND(G20=0,I20=0),((H20)-(Q20))/(3*R20),MIN(V20:W20))) | Y20: =IF(OR($AK20="",ISNUMBER($AK20)=FALSE),"",IF(AND(G20=0,I20=0),NORMSDIST(3*X20),NORMSDIST(3*X20)+NORMSDIST(6*S20-3*X20)-1)) | Z20: =IF($Q20="","",IF(F20="Tolerance",IF(($E20*3*R20+Q20)-G20<H20,"",($E20*3*R20+Q20)-G20),IF(OR(F20="GD&T",F20="MAX"),IF(($E20*3*R20+Q20)<H20,"",($E20*3*R20+Q20)),""))) | AA20: =IF(Q20="","",IF(F20="Tolerance",IF(-(($E20*3*R20)-Q20)-G20>I20,"",-(($E20*3*R20)-Q20)-G20),IF(F20="MIN",IF(-(($E20*3*R20)-Q20)>I20,"",-(($E20*3*R20)-Q20)),""))) | AB20: =IF(OR(G20="",Q20=""),"",(L20+M20)/2-Q20) | AC20: =IF(OR($S20>$AC$9,$R20=""),"",$AC$9*6*$R20) | AE20: =IF(AD20="","",IF(AD20>=0.966,"Normal","Not Normal")) | BU20: {=IF(BR20="","",_xlfn._xlws.FILTER($AJ$4:$BP$4,ISNUMBER(SEARCH(BR20,$AJ$4:$BP$4))))} | BY20: {=IF(BU20="","",IF(AND(MID(BU20,1,1)=MID(BU20:BX20,1,1)),"TRUE","FALSE"))} | CA20: =IF(BR20="","",SUBSTITUTE(SUBSTITUTE(COUNTIF(_xlfn.ANCHORARRAY(BU20),BR20&"#1"),"1",""),"0",BR20&"#1")) | CB20: =IF(BR20="","",SUBSTITUTE(SUBSTITUTE(COUNTIF(_xlfn.ANCHORARRAY(BU20),BR20&"#2"),"1",""),"0",BR20&"#2")) | CC20: =IF(BR20="","",SUBSTITUTE(SUBSTITUTE(COUNTIF(_xlfn.ANCHORARRAY(BU20),BR20&"#3"),"1",""),"0",BR20&"#3")) | CD20: =IF(BR20="","",SUBSTITUTE(SUBSTITUTE(COUNTIF(_xlfn.ANCHORARRAY(BU20),BR20&"#4"),"1",""),"0",BR20&"#4"))
A21: 14 | B21: 9 | C21: F | D21: Flatness | E21: 1.33 | F21: GD&T | H21: 0.06 | J21: OMM | K21: NO | L21: =IF(AND(G21="",H21=""),"",IF(G21="",H21,G21+H21)) -> 0.06 | M21: =IF(AND(G21="",I21=""),"",IF(G21="",I21,G21+I21)) | O21: =IF(OR($AK21="",ISNUMBER($AK21)=FALSE),"",MAX(AK21:AN21)) | P21: =IF(OR($AK21="",ISNUMBER($AK21)=FALSE),"",MIN(AK21:AN21)) | Q21: =IF(OR($AK21="",ISNUMBER($AK21)=FALSE),"",AVERAGE(AK21:AN21)) | R21: =IF(OR($AK21="",ISNUMBER($AK21)=FALSE),"",STDEV(AK21:AN21)) | S21: =IF(OR($AK21="",ISNUMBER($AK21)=FALSE),"",IF(AND(G21="",I21=""),V21,IF(AND(G21="",H21=""),W21,(H21+ABS(I21))/(6*R21)))) | T21: =IF(OR($AK21="",ISNUMBER($AK21)=FALSE),"",IF(AND($F21="Tolerance",$G21<>""),($Q21-$G21)/(($L21-$M21)/2),IF(AND($F21="GD&T",$H21<>""),$Q21/$H21,""))) | U21: =IF($T21="","",IF(ABS($T21)<=0.125, "Level A",IF(AND(ABS($T21)>0.125,ABS($T21)<=0.25), "Level B",IF(AND(ABS($T21)>0.25,ABS($T21)<=0.5), "Level C", IF(ABS($T21)>0.5, "Level D"))))) | V21: =IF(OR($AK21="",ISNUMBER($AK21)=FALSE),"",IF(H21="","",(L21-Q21)/(3*R21))) | W21: =IF(OR($AK21="",ISNUMBER($AK21)=FALSE),"",IF(I21="","",(Q21-M21)/(3*R21))) | X21: =IF(OR($AK21="",ISNUMBER($AK21)=FALSE),"",IF(AND(G21=0,I21=0),((H21)-(Q21))/(3*R21),MIN(V21:W21))) | Y21: =IF(OR($AK21="",ISNUMBER($AK21)=FALSE),"",IF(AND(G21=0,I21=0),NORMSDIST(3*X21),NORMSDIST(3*X21)+NORMSDIST(6*S21-3*X21)-1)) | Z21: =IF($Q21="","",IF(F21="Tolerance",IF(($E21*3*R21+Q21)-G21<H21,"",($E21*3*R21+Q21)-G21),IF(OR(F21="GD&T",F21="MAX"),IF(($E21*3*R21+Q21)<H21,"",($E21*3*R21+Q21)),""))) | AA21: =IF(Q21="","",IF(F21="Tolerance",IF(-(($E21*3*R21)-Q21)-G21>I21,"",-(($E21*3*R21)-Q21)-G21),IF(F21="MIN",IF(-(($E21*3*R21)-Q21)>I21,"",-(($E21*3*R21)-Q21)),""))) | AB21: =IF(OR(G21="",Q21=""),"",(L21+M21)/2-Q21) | AC21: =IF(OR($S21>$AC$9,$R21=""),"",$AC$9*6*$R21) | AE21: =IF(AD21="","",IF(AD21>=0.966,"Normal","Not Normal")) | BU21: {=IF(BR21="","",_xlfn._xlws.FILTER($AJ$4:$BP$4,ISNUMBER(SEARCH(BR21,$AJ$4:$BP$4))))} | BY21: {=IF(BU21="","",IF(AND(MID(BU21,1,1)=MID(BU21:BX21,1,1)),"TRUE","FALSE"))} | CA21: =IF(BR21="","",SUBSTITUTE(SUBSTITUTE(COUNTIF(_xlfn.ANCHORARRAY(BU21),BR21&"#1"),"1",""),"0",BR21&"#1")) | CB21: =IF(BR21="","",SUBSTITUTE(SUBSTITUTE(COUNTIF(_xlfn.ANCHORARRAY(BU21),BR21&"#2"),"1",""),"0",BR21&"#2")) | CC21: =IF(BR21="","",SUBSTITUTE(SUBSTITUTE(COUNTIF(_xlfn.ANCHORARRAY(BU21),BR21&"#3"),"1",""),"0",BR21&"#3")) | CD21: =IF(BR21="","",SUBSTITUTE(SUBSTITUTE(COUNTIF(_xlfn.ANCHORARRAY(BU21),BR21&"#4"),"1",""),"0",BR21&"#4"))
A22: 22 | B22: 10 | C22: G | D22: Flatness | E22: 1.5 | F22: GD&T | H22: 0.06 | J22: OMM | K22: NO | L22: =IF(AND(G22="",H22=""),"",IF(G22="",H22,G22+H22)) -> 0.06 | M22: =IF(AND(G22="",I22=""),"",IF(G22="",I22,G22+I22)) | O22: =IF(OR($AK22="",ISNUMBER($AK22)=FALSE),"",MAX(AK22:AN22)) | P22: =IF(OR($AK22="",ISNUMBER($AK22)=FALSE),"",MIN(AK22:AN22)) | Q22: =IF(OR($AK22="",ISNUMBER($AK22)=FALSE),"",AVERAGE(AK22:AN22)) | R22: =IF(OR($AK22="",ISNUMBER($AK22)=FALSE),"",STDEV(AK22:AN22)) | S22: =IF(OR($AK22="",ISNUMBER($AK22)=FALSE),"",IF(AND(G22="",I22=""),V22,IF(AND(G22="",H22=""),W22,(H22+ABS(I22))/(6*R22)))) | T22: =IF(OR($AK22="",ISNUMBER($AK22)=FALSE),"",IF(AND($F22="Tolerance",$G22<>""),($Q22-$G22)/(($L22-$M22)/2),IF(AND($F22="GD&T",$H22<>""),$Q22/$H22,""))) | U22: =IF($T22="","",IF(ABS($T22)<=0.125, "Level A",IF(AND(ABS($T22)>0.125,ABS($T22)<=0.25), "Level B",IF(AND(ABS($T22)>0.25,ABS($T22)<=0.5), "Level C", IF(ABS($T22)>0.5, "Level D"))))) | V22: =IF(OR($AK22="",ISNUMBER($AK22)=FALSE),"",IF(H22="","",(L22-Q22)/(3*R22))) | W22: =IF(OR($AK22="",ISNUMBER($AK22)=FALSE),"",IF(I22="","",(Q22-M22)/(3*R22))) | X22: =IF(OR($AK22="",ISNUMBER($AK22)=FALSE),"",IF(AND(G22=0,I22=0),((H22)-(Q22))/(3*R22),MIN(V22:W22))) | Y22: =IF(OR($AK22="",ISNUMBER($AK22)=FALSE),"",IF(AND(G22=0,I22=0),NORMSDIST(3*X22),NORMSDIST(3*X22)+NORMSDIST(6*S22-3*X22)-1)) | Z22: =IF($Q22="","",IF(F22="Tolerance",IF(($E22*3*R22+Q22)-G22<H22,"",($E22*3*R22+Q22)-G22),IF(OR(F22="GD&T",F22="MAX"),IF(($E22*3*R22+Q22)<H22,"",($E22*3*R22+Q22)),""))) | AA22: =IF(Q22="","",IF(F22="Tolerance",IF(-(($E22*3*R22)-Q22)-G22>I22,"",-(($E22*3*R22)-Q22)-G22),IF(F22="MIN",IF(-(($E22*3*R22)-Q22)>I22,"",-(($E22*3*R22)-Q22)),""))) | AB22: =IF(OR(G22="",Q22=""),"",(L22+M22)/2-Q22) | AC22: =IF(OR($S22>$AC$9,$R22=""),"",$AC$9*6*$R22) | AE22: =IF(AD22="","",IF(AD22>=0.966,"Normal","Not Normal")) | BU22: {=IF(BR22="","",_xlfn._xlws.FILTER($AJ$4:$BP$4,ISNUMBER(SEARCH(BR22,$AJ$4:$BP$4))))} | BY22: {=IF(BU22="","",IF(AND(MID(BU22,1,1)=MID(BU22:BX22,1,1)),"TRUE","FALSE"))} | CA22: =IF(BR22="","",SUBSTITUTE(SUBSTITUTE(COUNTIF(_xlfn.ANCHORARRAY(BU22),BR22&"#1"),"1",""),"0",BR22&"#1")) | CB22: =IF(BR22="","",SUBSTITUTE(SUBSTITUTE(COUNTIF(_xlfn.ANCHORARRAY(BU22),BR22&"#2"),"1",""),"0",BR22&"#2")) | CC22: =IF(BR22="","",SUBSTITUTE(SUBSTITUTE(COUNTIF(_xlfn.ANCHORARRAY(BU22),BR22&"#3"),"1",""),"0",BR22&"#3")) | CD22: =IF(BR22="","",SUBSTITUTE(SUBSTITUTE(COUNTIF(_xlfn.ANCHORARRAY(BU22),BR22&"#4"),"1",""),"0",BR22&"#4"))
A23: 36 | B23: 13 | D23: Distance | F23: Tolerance | G23: 0.535 | H23: 0.03 | I23: -0.03 | J23: OMM | K23: NO | L23: =IF(AND(G23="",H23=""),"",IF(G23="",H23,G23+H23)) -> 0.565 | M23: =IF(AND(G23="",I23=""),"",IF(G23="",I23,G23+I23)) -> 0.505 | O23: =IF(OR($AK23="",ISNUMBER($AK23)=FALSE),"",MAX(AK23:AN23)) | P23: =IF(OR($AK23="",ISNUMBER($AK23)=FALSE),"",MIN(AK23:AN23)) | Q23: =IF(OR($AK23="",ISNUMBER($AK23)=FALSE),"",AVERAGE(AK23:AN23)) | R23: =IF(OR($AK23="",ISNUMBER($AK23)=FALSE),"",STDEV(AK23:AN23)) | S23: =IF(OR($AK23="",ISNUMBER($AK23)=FALSE),"",IF(AND(G23="",I23=""),V23,IF(AND(G23="",H23=""),W23,(H23+ABS(I23))/(6*R23)))) | T23: =IF(OR($AK23="",ISNUMBER($AK23)=FALSE),"",IF(AND($F23="Tolerance",$G23<>""),($Q23-$G23)/(($L23-$M23)/2),IF(AND($F23="GD&T",$H23<>""),$Q23/$H23,""))) | U23: =IF($T23="","",IF(ABS($T23)<=0.125, "Level A",IF(AND(ABS($T23)>0.125,ABS($T23)<=0.25), "Level B",IF(AND(ABS($T23)>0.25,ABS($T23)<=0.5), "Level C", IF(ABS($T23)>0.5, "Level D"))))) | V23: =IF(OR($AK23="",ISNUMBER($AK23)=FALSE),"",IF(H23="","",(L23-Q23)/(3*R23))) | W23: =IF(OR($AK23="",ISNUMBER($AK23)=FALSE),"",IF(I23="","",(Q23-M23)/(3*R23))) | X23: =IF(OR($AK23="",ISNUMBER($AK23)=FALSE),"",IF(AND(G23=0,I23=0),((H23)-(Q23))/(3*R23),MIN(V23:W23))) | Y23: =IF(OR($AK23="",ISNUMBER($AK23)=FALSE),"",IF(AND(G23=0,I23=0),NORMSDIST(3*X23),NORMSDIST(3*X23)+NORMSDIST(6*S23-3*X23)-1)) | Z23: =IF($Q23="","",IF(F23="Tolerance",IF(($E23*3*R23+Q23)-G23<H23,"",($E23*3*R23+Q23)-G23),IF(OR(F23="GD&T",F23="MAX"),IF(($E23*3*R23+Q23)<H23,"",($E23*3*R23+Q23)),""))) | AA23: =IF(Q23="","",IF(F23="Tolerance",IF(-(($E23*3*R23)-Q23)-G23>I23,"",-(($E23*3*R23)-Q23)-G23),IF(F23="MIN",IF(-(($E23*3*R23)-Q23)>I23,"",-(($E23*3*R23)-Q23)),""))) | AB23: =IF(OR(G23="",Q23=""),"",(L23+M23)/2-Q23) | AC23: =IF(OR($S23>$AC$9,$R23=""),"",$AC$9*6*$R23) | AE23: =IF(AD23="","",IF(AD23>=0.966,"Normal","Not Normal")) | BU23: {=IF(BR23="","",_xlfn._xlws.FILTER($AJ$4:$BP$4,ISNUMBER(SEARCH(BR23,$AJ$4:$BP$4))))} | BY23: {=IF(BU23="","",IF(AND(MID(BU23,1,1)=MID(BU23:BX23,1,1)),"TRUE","FALSE"))} | CA23: =IF(BR23="","",SUBSTITUTE(SUBSTITUTE(COUNTIF(_xlfn.ANCHORARRAY(BU23),BR23&"#1"),"1",""),"0",BR23&"#1")) | CB23: =IF(BR23="","",SUBSTITUTE(SUBSTITUTE(COUNTIF(_xlfn.ANCHORARRAY(BU23),BR23&"#2"),"1",""),"0",BR23&"#2")) | CC23: =IF(BR23="","",SUBSTITUTE(SUBSTITUTE(COUNTIF(_xlfn.ANCHORARRAY(BU23),BR23&"#3"),"1",""),"0",BR23&"#3")) | CD23: =IF(BR23="","",SUBSTITUTE(SUBSTITUTE(COUNTIF(_xlfn.ANCHORARRAY(BU23),BR23&"#4"),"1",""),"0",BR23&"#4"))
A24: 37 | B24: 14-P1 | D24: Distance | F24: Tolerance | G24: 4.09 | H24: 0.05 | I24: -0.03 | J24: OMM | K24: NO | L24: =IF(AND(G24="",H24=""),"",IF(G24="",H24,G24+H24)) -> 4.14 | M24: =IF(AND(G24="",I24=""),"",IF(G24="",I24,G24+I24)) -> 4.06 | O24: =IF(OR($AK24="",ISNUMBER($AK24)=FALSE),"",MAX(AK24:AN24)) | P24: =IF(OR($AK24="",ISNUMBER($AK24)=FALSE),"",MIN(AK24:AN24)) | Q24: =IF(OR($AK24="",ISNUMBER($AK24)=FALSE),"",AVERAGE(AK24:AN24)) | R24: =IF(OR($AK24="",ISNUMBER($AK24)=FALSE),"",STDEV(AK24:AN24)) | S24: =IF(OR($AK24="",ISNUMBER($AK24)=FALSE),"",IF(AND(G24="",I24=""),V24,IF(AND(G24="",H24=""),W24,(H24+ABS(I24))/(6*R24)))) | T24: =IF(OR($AK24="",ISNUMBER($AK24)=FALSE),"",IF(AND($F24="Tolerance",$G24<>""),($Q24-$G24)/(($L24-$M24)/2),IF(AND($F24="GD&T",$H24<>""),$Q24/$H24,""))) | U24: =IF($T24="","",IF(ABS($T24)<=0.125, "Level A",IF(AND(ABS($T24)>0.125,ABS($T24)<=0.25), "Level B",IF(AND(ABS($T24)>0.25,ABS($T24)<=0.5), "Level C", IF(ABS($T24)>0.5, "Level D"))))) | V24: =IF(OR($AK24="",ISNUMBER($AK24)=FALSE),"",IF(H24="","",(L24-Q24)/(3*R24))) | W24: =IF(OR($AK24="",ISNUMBER($AK24)=FALSE),"",IF(I24="","",(Q24-M24)/(3*R24))) | X24: =IF(OR($AK24="",ISNUMBER($AK24)=FALSE),"",IF(AND(G24=0,I24=0),((H24)-(Q24))/(3*R24),MIN(V24:W24))) | Y24: =IF(OR($AK24="",ISNUMBER($AK24)=FALSE),"",IF(AND(G24=0,I24=0),NORMSDIST(3*X24),NORMSDIST(3*X24)+NORMSDIST(6*S24-3*X24)-1)) | Z24: =IF($Q24="","",IF(F24="Tolerance",IF(($E24*3*R24+Q24)-G24<H24,"",($E24*3*R24+Q24)-G24),IF(OR(F24="GD&T",F24="MAX"),IF(($E24*3*R24+Q24)<H24,"",($E24*3*R24+Q24)),""))) | AA24: =IF(Q24="","",IF(F24="Tolerance",IF(-(($E24*3*R24)-Q24)-G24>I24,"",-(($E24*3*R24)-Q24)-G24),IF(F24="MIN",IF(-(($E24*3*R24)-Q24)>I24,"",-(($E24*3*R24)-Q24)),""))) | AB24: =IF(OR(G24="",Q24=""),"",(L24+M24)/2-Q24) | AC24: =IF(OR($S24>$AC$9,$R24=""),"",$AC$9*6*$R24) | AE24: =IF(AD24="","",IF(AD24>=0.966,"Normal","Not Normal")) | BU24: {=IF(BR24="","",_xlfn._xlws.FILTER($AJ$4:$BP$4,ISNUMBER(SEARCH(BR24,$AJ$4:$BP$4))))} | BY24: {=IF(BU24="","",IF(AND(MID(BU24,1,1)=MID(BU24:BX24,1,1)),"TRUE","FALSE"))} | CA24: =IF(BR24="","",SUBSTITUTE(SUBSTITUTE(COUNTIF(_xlfn.ANCHORARRAY(BU24),BR24&"#1"),"1",""),"0",BR24&"#1")) | CB24: =IF(BR24="","",SUBSTITUTE(SUBSTITUTE(COUNTIF(_xlfn.ANCHORARRAY(BU24),BR24&"#2"),"1",""),"0",BR24&"#2")) | CC24: =IF(BR24="","",SUBSTITUTE(SUBSTITUTE(COUNTIF(_xlfn.ANCHORARRAY(BU24),BR24&"#3"),"1",""),"0",BR24&"#3")) | CD24: =IF(BR24="","",SUBSTITUTE(SUBSTITUTE(COUNTIF(_xlfn.ANCHORARRAY(BU24),BR24&"#4"),"1",""),"0",BR24&"#4"))
A25: 38 | B25: 14-P2 | D25: Distance | F25: Tolerance | G25: 4.09 | H25: 0.05 | I25: -0.03 | J25: OMM | K25: NO | L25: =IF(AND(G25="",H25=""),"",IF(G25="",H25,G25+H25)) -> 4.14 | M25: =IF(AND(G25="",I25=""),"",IF(G25="",I25,G25+I25)) -> 4.06 | O25: =IF(OR($AK25="",ISNUMBER($AK25)=FALSE),"",MAX(AK25:AN25)) | P25: =IF(OR($AK25="",ISNUMBER($AK25)=FALSE),"",MIN(AK25:AN25)) | Q25: =IF(OR($AK25="",ISNUMBER($AK25)=FALSE),"",AVERAGE(AK25:AN25)) | R25: =IF(OR($AK25="",ISNUMBER($AK25)=FALSE),"",STDEV(AK25:AN25)) | S25: =IF(OR($AK25="",ISNUMBER($AK25)=FALSE),"",IF(AND(G25="",I25=""),V25,IF(AND(G25="",H25=""),W25,(H25+ABS(I25))/(6*R25)))) | T25: =IF(OR($AK25="",ISNUMBER($AK25)=FALSE),"",IF(AND($F25="Tolerance",$G25<>""),($Q25-$G25)/(($L25-$M25)/2),IF(AND($F25="GD&T",$H25<>""),$Q25/$H25,""))) | U25: =IF($T25="","",IF(ABS($T25)<=0.125, "Level A",IF(AND(ABS($T25)>0.125,ABS($T25)<=0.25), "Level B",IF(AND(ABS($T25)>0.25,ABS($T25)<=0.5), "Level C", IF(ABS($T25)>0.5, "Level D"))))) | V25: =IF(OR($AK25="",ISNUMBER($AK25)=FALSE),"",IF(H25="","",(L25-Q25)/(3*R25))) | W25: =IF(OR($AK25="",ISNUMBER($AK25)=FALSE),"",IF(I25="","",(Q25-M25)/(3*R25))) | X25: =IF(OR($AK25="",ISNUMBER($AK25)=FALSE),"",IF(AND(G25=0,I25=0),((H25)-(Q25))/(3*R25),MIN(V25:W25))) | Y25: =IF(OR($AK25="",ISNUMBER($AK25)=FALSE),"",IF(AND(G25=0,I25=0),NORMSDIST(3*X25),NORMSDIST(3*X25)+NORMSDIST(6*S25-3*X25)-1)) | Z25: =IF($Q25="","",IF(F25="Tolerance",IF(($E25*3*R25+Q25)-G25<H25,"",($E25*3*R25+Q25)-G25),IF(OR(F25="GD&T",F25="MAX"),IF(($E25*3*R25+Q25)<H25,"",($E25*3*R25+Q25)),""))) | AA25: =IF(Q25="","",IF(F25="Tolerance",IF(-(($E25*3*R25)-Q25)-G25>I25,"",-(($E25*3*R25)-Q25)-G25),IF(F25="MIN",IF(-(($E25*3*R25)-Q25)>I25,"",-(($E25*3*R25)-Q25)),""))) | AB25: =IF(OR(G25="",Q25=""),"",(L25+M25)/2-Q25) | AC25: =IF(OR($S25>$AC$9,$R25=""),"",$AC$9*6*$R25) | AE25: =IF(AD25="","",IF(AD25>=0.966,"Normal","Not Normal")) | BU25: {=IF(BR25="","",_xlfn._xlws.FILTER($AJ$4:$BP$4,ISNUMBER(SEARCH(BR25,$AJ$4:$BP$4))))} | BY25: {=IF(BU25="","",IF(AND(MID(BU25,1,1)=MID(BU25:BX25,1,1)),"TRUE","FALSE"))} | CA25: =IF(BR25="","",SUBSTITUTE(SUBSTITUTE(COUNTIF(_xlfn.ANCHORARRAY(BU25),BR25&"#1"),"1",""),"0",BR25&"#1")) | CB25: =IF(BR25="","",SUBSTITUTE(SUBSTITUTE(COUNTIF(_xlfn.ANCHORARRAY(BU25),BR25&"#2"),"1",""),"0",BR25&"#2")) | CC25: =IF(BR25="","",SUBSTITUTE(SUBSTITUTE(COUNTIF(_xlfn.ANCHORARRAY(BU25),BR25&"#3"),"1",""),"0",BR25&"#3")) | CD25: =IF(BR25="","",SUBSTITUTE(SUBSTITUTE(COUNTIF(_xlfn.ANCHORARRAY(BU25),BR25&"#4"),"1",""),"0",BR25&"#4"))
A26: 40 | B26: 17-P1 | C26: U | D26: Distance | E26: 1.33 | F26: Tolerance | G26: 19.794 | H26: 0.03 | I26: -0.03 | J26: OMM | K26: NO | L26: =IF(AND(G26="",H26=""),"",IF(G26="",H26,G26+H26)) -> 19.824 | M26: =IF(AND(G26="",I26=""),"",IF(G26="",I26,G26+I26)) -> 19.764 | O26: =IF(OR($AK26="",ISNUMBER($AK26)=FALSE),"",MAX(AK26:AN26)) | P26: =IF(OR($AK26="",ISNUMBER($AK26)=FALSE),"",MIN(AK26:AN26)) | Q26: =IF(OR($AK26="",ISNUMBER($AK26)=FALSE),"",AVERAGE(AK26:AN26)) | R26: =IF(OR($AK26="",ISNUMBER($AK26)=FALSE),"",STDEV(AK26:AN26)) | S26: =IF(OR($AK26="",ISNUMBER($AK26)=FALSE),"",IF(AND(G26="",I26=""),V26,IF(AND(G26="",H26=""),W26,(H26+ABS(I26))/(6*R26)))) | T26: =IF(OR($AK26="",ISNUMBER($AK26)=FALSE),"",IF(AND($F26="Tolerance",$G26<>""),($Q26-$G26)/(($L26-$M26)/2),IF(AND($F26="GD&T",$H26<>""),$Q26/$H26,""))) | U26: =IF($T26="","",IF(ABS($T26)<=0.125, "Level A",IF(AND(ABS($T26)>0.125,ABS($T26)<=0.25), "Level B",IF(AND(ABS($T26)>0.25,ABS($T26)<=0.5), "Level C", IF(ABS($T26)>0.5, "Level D"))))) | V26: =IF(OR($AK26="",ISNUMBER($AK26)=FALSE),"",IF(H26="","",(L26-Q26)/(3*R26))) | W26: =IF(OR($AK26="",ISNUMBER($AK26)=FALSE),"",IF(I26="","",(Q26-M26)/(3*R26))) | X26: =IF(OR($AK26="",ISNUMBER($AK26)=FALSE),"",IF(AND(G26=0,I26=0),((H26)-(Q26))/(3*R26),MIN(V26:W26))) | Y26: =IF(OR($AK26="",ISNUMBER($AK26)=FALSE),"",IF(AND(G26=0,I26=0),NORMSDIST(3*X26),NORMSDIST(3*X26)+NORMSDIST(6*S26-3*X26)-1)) | Z26: =IF($Q26="","",IF(F26="Tolerance",IF(($E26*3*R26+Q26)-G26<H26,"",($E26*3*R26+Q26)-G26),IF(OR(F26="GD&T",F26="MAX"),IF(($E26*3*R26+Q26)<H26,"",($E26*3*R26+Q26)),""))) | AA26: =IF(Q26="","",IF(F26="Tolerance",IF(-(($E26*3*R26)-Q26)-G26>I26,"",-(($E26*3*R26)-Q26)-G26),IF(F26="MIN",IF(-(($E26*3*R26)-Q26)>I26,"",-(($E26*3*R26)-Q26)),""))) | AB26: =IF(OR(G26="",Q26=""),"",(L26+M26)/2-Q26) | AC26: =IF(OR($S26>$AC$9,$R26=""),"",$AC$9*6*$R26) | AE26: =IF(AD26="","",IF(AD26>=0.966,"Normal","Not Normal")) | BU26: {=IF(BR26="","",_xlfn._xlws.FILTER($AJ$4:$BP$4,ISNUMBER(SEARCH(BR26,$AJ$4:$BP$4))))} | BY26: {=IF(BU26="","",IF(AND(MID(BU26,1,1)=MID(BU26:BX26,1,1)),"TRUE","FALSE"))} | CA26: =IF(BR26="","",SUBSTITUTE(SUBSTITUTE(COUNTIF(_xlfn.ANCHORARRAY(BU26),BR26&"#1"),"1",""),"0",BR26&"#1")) | CB26: =IF(BR26="","",SUBSTITUTE(SUBSTITUTE(COUNTIF(_xlfn.ANCHORARRAY(BU26),BR26&"#2"),"1",""),"0",BR26&"#2")) | CC26: =IF(BR26="","",SUBSTITUTE(SUBSTITUTE(COUNTIF(_xlfn.ANCHORARRAY(BU26),BR26&"#3"),"1",""),"0",BR26&"#3")) | CD26: =IF(BR26="","",SUBSTITUTE(SUBSTITUTE(COUNTIF(_xlfn.ANCHORARRAY(BU26),BR26&"#4"),"1",""),"0",BR26&"#4"))
A27: 41 | B27: 17-P2 | C27: U | D27: Distance | E27: 1.33 | F27: Tolerance | G27: 19.794 | H27: 0.03 | I27: -0.03 | J27: OMM | K27: NO | L27: =IF(AND(G27="",H27=""),"",IF(G27="",H27,G27+H27)) -> 19.824 | M27: =IF(AND(G27="",I27=""),"",IF(G27="",I27,G27+I27)) -> 19.764 | O27: =IF(OR($AK27="",ISNUMBER($AK27)=FALSE),"",MAX(AK27:AN27)) | P27: =IF(OR($AK27="",ISNUMBER($AK27)=FALSE),"",MIN(AK27:AN27)) | Q27: =IF(OR($AK27="",ISNUMBER($AK27)=FALSE),"",AVERAGE(AK27:AN27)) | R27: =IF(OR($AK27="",ISNUMBER($AK27)=FALSE),"",STDEV(AK27:AN27)) | S27: =IF(OR($AK27="",ISNUMBER($AK27)=FALSE),"",IF(AND(G27="",I27=""),V27,IF(AND(G27="",H27=""),W27,(H27+ABS(I27))/(6*R27)))) | T27: =IF(OR($AK27="",ISNUMBER($AK27)=FALSE),"",IF(AND($F27="Tolerance",$G27<>""),($Q27-$G27)/(($L27-$M27)/2),IF(AND($F27="GD&T",$H27<>""),$Q27/$H27,""))) | U27: =IF($T27="","",IF(ABS($T27)<=0.125, "Level A",IF(AND(ABS($T27)>0.125,ABS($T27)<=0.25), "Level B",IF(AND(ABS($T27)>0.25,ABS($T27)<=0.5), "Level C", IF(ABS($T27)>0.5, "Level D"))))) | V27: =IF(OR($AK27="",ISNUMBER($AK27)=FALSE),"",IF(H27="","",(L27-Q27)/(3*R27))) | W27: =IF(OR($AK27="",ISNUMBER($AK27)=FALSE),"",IF(I27="","",(Q27-M27)/(3*R27))) | X27: =IF(OR($AK27="",ISNUMBER($AK27)=FALSE),"",IF(AND(G27=0,I27=0),((H27)-(Q27))/(3*R27),MIN(V27:W27))) | Y27: =IF(OR($AK27="",ISNUMBER($AK27)=FALSE),"",IF(AND(G27=0,I27=0),NORMSDIST(3*X27),NORMSDIST(3*X27)+NORMSDIST(6*S27-3*X27)-1)) | Z27: =IF($Q27="","",IF(F27="Tolerance",IF(($E27*3*R27+Q27)-G27<H27,"",($E27*3*R27+Q27)-G27),IF(OR(F27="GD&T",F27="MAX"),IF(($E27*3*R27+Q27)<H27,"",($E27*3*R27+Q27)),""))) | AA27: =IF(Q27="","",IF(F27="Tolerance",IF(-(($E27*3*R27)-Q27)-G27>I27,"",-(($E27*3*R27)-Q27)-G27),IF(F27="MIN",IF(-(($E27*3*R27)-Q27)>I27,"",-(($E27*3*R27)-Q27)),""))) | AB27: =IF(OR(G27="",Q27=""),"",(L27+M27)/2-Q27) | AC27: =IF(OR($S27>$AC$9,$R27=""),"",$AC$9*6*$R27) | AE27: =IF(AD27="","",IF(AD27>=0.966,"Normal","Not Normal")) | BU27: {=IF(BR27="","",_xlfn._xlws.FILTER($AJ$4:$BP$4,ISNUMBER(SEARCH(BR27,$AJ$4:$BP$4))))} | BY27: {=IF(BU27="","",IF(AND(MID(BU27,1,1)=MID(BU27:BX27,1,1)),"TRUE","FALSE"))} | CA27: =IF(BR27="","",SUBSTITUTE(SUBSTITUTE(COUNTIF(_xlfn.ANCHORARRAY(BU27),BR27&"#1"),"1",""),"0",BR27&"#1")) | CB27: =IF(BR27="","",SUBSTITUTE(SUBSTITUTE(COUNTIF(_xlfn.ANCHORARRAY(BU27),BR27&"#2"),"1",""),"0",BR27&"#2")) | CC27: =IF(BR27="","",SUBSTITUTE(SUBSTITUTE(COUNTIF(_xlfn.ANCHORARRAY(BU27),BR27&"#3"),"1",""),"0",BR27&"#3")) | CD27: =IF(BR27="","",SUBSTITUTE(SUBSTITUTE(COUNTIF(_xlfn.ANCHORARRAY(BU27),BR27&"#4"),"1",""),"0",BR27&"#4"))
A28: 42 | B28: 17-P3 | C28: U | D28: Distance | E28: 1.33 | F28: Tolerance | G28: 19.794 | H28: 0.03 | I28: -0.03 | J28: OMM | K28: NO | L28: =IF(AND(G28="",H28=""),"",IF(G28="",H28,G28+H28)) -> 19.824 | M28: =IF(AND(G28="",I28=""),"",IF(G28="",I28,G28+I28)) -> 19.764 | O28: =IF(OR($AK28="",ISNUMBER($AK28)=FALSE),"",MAX(AK28:AN28)) | P28: =IF(OR($AK28="",ISNUMBER($AK28)=FALSE),"",MIN(AK28:AN28)) | Q28: =IF(OR($AK28="",ISNUMBER($AK28)=FALSE),"",AVERAGE(AK28:AN28)) | R28: =IF(OR($AK28="",ISNUMBER($AK28)=FALSE),"",STDEV(AK28:AN28)) | S28: =IF(OR($AK28="",ISNUMBER($AK28)=FALSE),"",IF(AND(G28="",I28=""),V28,IF(AND(G28="",H28=""),W28,(H28+ABS(I28))/(6*R28)))) | T28: =IF(OR($AK28="",ISNUMBER($AK28)=FALSE),"",IF(AND($F28="Tolerance",$G28<>""),($Q28-$G28)/(($L28-$M28)/2),IF(AND($F28="GD&T",$H28<>""),$Q28/$H28,""))) | U28: =IF($T28="","",IF(ABS($T28)<=0.125, "Level A",IF(AND(ABS($T28)>0.125,ABS($T28)<=0.25), "Level B",IF(AND(ABS($T28)>0.25,ABS($T28)<=0.5), "Level C", IF(ABS($T28)>0.5, "Level D"))))) | V28: =IF(OR($AK28="",ISNUMBER($AK28)=FALSE),"",IF(H28="","",(L28-Q28)/(3*R28))) | W28: =IF(OR($AK28="",ISNUMBER($AK28)=FALSE),"",IF(I28="","",(Q28-M28)/(3*R28))) | X28: =IF(OR($AK28="",ISNUMBER($AK28)=FALSE),"",IF(AND(G28=0,I28=0),((H28)-(Q28))/(3*R28),MIN(V28:W28))) | Y28: =IF(OR($AK28="",ISNUMBER($AK28)=FALSE),"",IF(AND(G28=0,I28=0),NORMSDIST(3*X28),NORMSDIST(3*X28)+NORMSDIST(6*S28-3*X28)-1)) | Z28: =IF($Q28="","",IF(F28="Tolerance",IF(($E28*3*R28+Q28)-G28<H28,"",($E28*3*R28+Q28)-G28),IF(OR(F28="GD&T",F28="MAX"),IF(($E28*3*R28+Q28)<H28,"",($E28*3*R28+Q28)),""))) | AA28: =IF(Q28="","",IF(F28="Tolerance",IF(-(($E28*3*R28)-Q28)-G28>I28,"",-(($E28*3*R28)-Q28)-G28),IF(F28="MIN",IF(-(($E28*3*R28)-Q28)>I28,"",-(($E28*3*R28)-Q28)),""))) | AB28: =IF(OR(G28="",Q28=""),"",(L28+M28)/2-Q28) | AC28: =IF(OR($S28>$AC$9,$R28=""),"",$AC$9*6*$R28) | AE28: =IF(AD28="","",IF(AD28>=0.966,"Normal","Not Normal")) | BU28: {=IF(BR28="","",_xlfn._xlws.FILTER($AJ$4:$BP$4,ISNUMBER(SEARCH(BR28,$AJ$4:$BP$4))))} | BY28: {=IF(BU28="","",IF(AND(MID(BU28,1,1)=MID(BU28:BX28,1,1)),"TRUE","FALSE"))} | CA28: =IF(BR28="","",SUBSTITUTE(SUBSTITUTE(COUNTIF(_xlfn.ANCHORARRAY(BU28),BR28&"#1"),"1",""),"0",BR28&"#1")) | CB28: =IF(BR28="","",SUBSTITUTE(SUBSTITUTE(COUNTIF(_xlfn.ANCHORARRAY(BU28),BR28&"#2"),"1",""),"0",BR28&"#2")) | CC28: =IF(BR28="","",SUBSTITUTE(SUBSTITUTE(COUNTIF(_xlfn.ANCHORARRAY(BU28),BR28&"#3"),"1",""),"0",BR28&"#3")) | CD28: =IF(BR28="","",SUBSTITUTE(SUBSTITUTE(COUNTIF(_xlfn.ANCHORARRAY(BU28),BR28&"#4"),"1",""),"0",BR28&"#4"))
A29: 44 | B29: 18 | C29: AB | D29: Distance | E29: 1.33 | F29: Tolerance | G29: 18.643 | H29: 0.03 | I29: -0.03 | J29: OMM | K29: NO | L29: =IF(AND(G29="",H29=""),"",IF(G29="",H29,G29+H29)) -> 18.673 | M29: =IF(AND(G29="",I29=""),"",IF(G29="",I29,G29+I29)) -> 18.613 | O29: =IF(OR($AK29="",ISNUMBER($AK29)=FALSE),"",MAX(AK29:AN29)) | P29: =IF(OR($AK29="",ISNUMBER($AK29)=FALSE),"",MIN(AK29:AN29)) | Q29: =IF(OR($AK29="",ISNUMBER($AK29)=FALSE),"",AVERAGE(AK29:AN29)) | R29: =IF(OR($AK29="",ISNUMBER($AK29)=FALSE),"",STDEV(AK29:AN29)) | S29: =IF(OR($AK29="",ISNUMBER($AK29)=FALSE),"",IF(AND(G29="",I29=""),V29,IF(AND(G29="",H29=""),W29,(H29+ABS(I29))/(6*R29)))) | T29: =IF(OR($AK29="",ISNUMBER($AK29)=FALSE),"",IF(AND($F29="Tolerance",$G29<>""),($Q29-$G29)/(($L29-$M29)/2),IF(AND($F29="GD&T",$H29<>""),$Q29/$H29,""))) | U29: =IF($T29="","",IF(ABS($T29)<=0.125, "Level A",IF(AND(ABS($T29)>0.125,ABS($T29)<=0.25), "Level B",IF(AND(ABS($T29)>0.25,ABS($T29)<=0.5), "Level C", IF(ABS($T29)>0.5, "Level D"))))) | V29: =IF(OR($AK29="",ISNUMBER($AK29)=FALSE),"",IF(H29="","",(L29-Q29)/(3*R29))) | W29: =IF(OR($AK29="",ISNUMBER($AK29)=FALSE),"",IF(I29="","",(Q29-M29)/(3*R29))) | X29: =IF(OR($AK29="",ISNUMBER($AK29)=FALSE),"",IF(AND(G29=0,I29=0),((H29)-(Q29))/(3*R29),MIN(V29:W29))) | Y29: =IF(OR($AK29="",ISNUMBER($AK29)=FALSE),"",IF(AND(G29=0,I29=0),NORMSDIST(3*X29),NORMSDIST(3*X29)+NORMSDIST(6*S29-3*X29)-1)) | Z29: =IF($Q29="","",IF(F29="Tolerance",IF(($E29*3*R29+Q29)-G29<H29,"",($E29*3*R29+Q29)-G29),IF(OR(F29="GD&T",F29="MAX"),IF(($E29*3*R29+Q29)<H29,"",($E29*3*R29+Q29)),""))) | AA29: =IF(Q29="","",IF(F29="Tolerance",IF(-(($E29*3*R29)-Q29)-G29>I29,"",-(($E29*3*R29)-Q29)-G29),IF(F29="MIN",IF(-(($E29*3*R29)-Q29)>I29,"",-(($E29*3*R29)-Q29)),""))) | AB29: =IF(OR(G29="",Q29=""),"",(L29+M29)/2-Q29) | AC29: =IF(OR($S29>$AC$9,$R29=""),"",$AC$9*6*$R29) | AE29: =IF(AD29="","",IF(AD29>=0.966,"Normal","Not Normal")) | BU29: {=IF(BR29="","",_xlfn._xlws.FILTER($AJ$4:$BP$4,ISNUMBER(SEARCH(BR29,$AJ$4:$BP$4))))} | BY29: {=IF(BU29="","",IF(AND(MID(BU29,1,1)=MID(BU29:BX29,1,1)),"TRUE","FALSE"))} | CA29: =IF(BR29="","",SUBSTITUTE(SUBSTITUTE(COUNTIF(_xlfn.ANCHORARRAY(BU29),BR29&"#1"),"1",""),"0",BR29&"#1")) | CB29: =IF(BR29="","",SUBSTITUTE(SUBSTITUTE(COUNTIF(_xlfn.ANCHORARRAY(BU29),BR29&"#2"),"1",""),"0",BR29&"#2")) | CC29: =IF(BR29="","",SUBSTITUTE(SUBSTITUTE(COUNTIF(_xlfn.ANCHORARRAY(BU29),BR29&"#3"),"1",""),"0",BR29&"#3")) | CD29: =IF(BR29="","",SUBSTITUTE(SUBSTITUTE(COUNTIF(_xlfn.ANCHORARRAY(BU29),BR29&"#4"),"1",""),"0",BR29&"#4"))
A30: 45 | B30: 19 | C30: AC | D30: Distance | E30: 1.33 | F30: Tolerance | G30: 15.883 | H30: 0.03 | I30: -0.03 | J30: OMM | K30: NO | L30: =IF(AND(G30="",H30=""),"",IF(G30="",H30,G30+H30)) -> 15.913 | M30: =IF(AND(G30="",I30=""),"",IF(G30="",I30,G30+I30)) -> 15.853 | O30: =IF(OR($AK30="",ISNUMBER($AK30)=FALSE),"",MAX(AK30:AN30)) | P30: =IF(OR($AK30="",ISNUMBER($AK30)=FALSE),"",MIN(AK30:AN30)) | Q30: =IF(OR($AK30="",ISNUMBER($AK30)=FALSE),"",AVERAGE(AK30:AN30)) | R30: =IF(OR($AK30="",ISNUMBER($AK30)=FALSE),"",STDEV(AK30:AN30)) | S30: =IF(OR($AK30="",ISNUMBER($AK30)=FALSE),"",IF(AND(G30="",I30=""),V30,IF(AND(G30="",H30=""),W30,(H30+ABS(I30))/(6*R30)))) | T30: =IF(OR($AK30="",ISNUMBER($AK30)=FALSE),"",IF(AND($F30="Tolerance",$G30<>""),($Q30-$G30)/(($L30-$M30)/2),IF(AND($F30="GD&T",$H30<>""),$Q30/$H30,""))) | U30: =IF($T30="","",IF(ABS($T30)<=0.125, "Level A",IF(AND(ABS($T30)>0.125,ABS($T30)<=0.25), "Level B",IF(AND(ABS($T30)>0.25,ABS($T30)<=0.5), "Level C", IF(ABS($T30)>0.5, "Level D"))))) | V30: =IF(OR($AK30="",ISNUMBER($AK30)=FALSE),"",IF(H30="","",(L30-Q30)/(3*R30))) | W30: =IF(OR($AK30="",ISNUMBER($AK30)=FALSE),"",IF(I30="","",(Q30-M30)/(3*R30))) | X30: =IF(OR($AK30="",ISNUMBER($AK30)=FALSE),"",IF(AND(G30=0,I30=0),((H30)-(Q30))/(3*R30),MIN(V30:W30))) | Y30: =IF(OR($AK30="",ISNUMBER($AK30)=FALSE),"",IF(AND(G30=0,I30=0),NORMSDIST(3*X30),NORMSDIST(3*X30)+NORMSDIST(6*S30-3*X30)-1)) | Z30: =IF($Q30="","",IF(F30="Tolerance",IF(($E30*3*R30+Q30)-G30<H30,"",($E30*3*R30+Q30)-G30),IF(OR(F30="GD&T",F30="MAX"),IF(($E30*3*R30+Q30)<H30,"",($E30*3*R30+Q30)),""))) | AA30: =IF(Q30="","",IF(F30="Tolerance",IF(-(($E30*3*R30)-Q30)-G30>I30,"",-(($E30*3*R30)-Q30)-G30),IF(F30="MIN",IF(-(($E30*3*R30)-Q30)>I30,"",-(($E30*3*R30)-Q30)),""))) | AB30: =IF(OR(G30="",Q30=""),"",(L30+M30)/2-Q30) | AC30: =IF(OR($S30>$AC$9,$R30=""),"",$AC$9*6*$R30) | AE30: =IF(AD30="","",IF(AD30>=0.966,"Normal","Not Normal")) | BU30: {=IF(BR30="","",_xlfn._xlws.FILTER($AJ$4:$BP$4,ISNUMBER(SEARCH(BR30,$AJ$4:$BP$4))))} | BY30: {=IF(BU30="","",IF(AND(MID(BU30,1,1)=MID(BU30:BX30,1,1)),"TRUE","FALSE"))} | CA30: =IF(BR30="","",SUBSTITUTE(SUBSTITUTE(COUNTIF(_xlfn.ANCHORARRAY(BU30),BR30&"#1"),"1",""),"0",BR30&"#1")) | CB30: =IF(BR30="","",SUBSTITUTE(SUBSTITUTE(COUNTIF(_xlfn.ANCHORARRAY(BU30),BR30&"#2"),"1",""),"0",BR30&"#2")) | CC30: =IF(BR30="","",SUBSTITUTE(SUBSTITUTE(COUNTIF(_xlfn.ANCHORARRAY(BU30),BR30&"#3"),"1",""),"0",BR30&"#3")) | CD30: =IF(BR30="","",SUBSTITUTE(SUBSTITUTE(COUNTIF(_xlfn.ANCHORARRAY(BU30),BR30&"#4"),"1",""),"0",BR30&"#4"))
A31: 46 | B31: 20-P1 | C31: AD | D31: Distance | E31: 1.33 | F31: Tolerance | G31: 3.938 | H31: 0.03 | I31: -0.03 | J31: OMM | K31: NO | L31: =IF(AND(G31="",H31=""),"",IF(G31="",H31,G31+H31)) -> 3.968 | M31: =IF(AND(G31="",I31=""),"",IF(G31="",I31,G31+I31)) -> 3.908 | O31: =IF(OR($AK31="",ISNUMBER($AK31)=FALSE),"",MAX(AK31:AN31)) | P31: =IF(OR($AK31="",ISNUMBER($AK31)=FALSE),"",MIN(AK31:AN31)) | Q31: =IF(OR($AK31="",ISNUMBER($AK31)=FALSE),"",AVERAGE(AK31:AN31)) | R31: =IF(OR($AK31="",ISNUMBER($AK31)=FALSE),"",STDEV(AK31:AN31)) | S31: =IF(OR($AK31="",ISNUMBER($AK31)=FALSE),"",IF(AND(G31="",I31=""),V31,IF(AND(G31="",H31=""),W31,(H31+ABS(I31))/(6*R31)))) | T31: =IF(OR($AK31="",ISNUMBER($AK31)=FALSE),"",IF(AND($F31="Tolerance",$G31<>""),($Q31-$G31)/(($L31-$M31)/2),IF(AND($F31="GD&T",$H31<>""),$Q31/$H31,""))) | U31: =IF($T31="","",IF(ABS($T31)<=0.125, "Level A",IF(AND(ABS($T31)>0.125,ABS($T31)<=0.25), "Level B",IF(AND(ABS($T31)>0.25,ABS($T31)<=0.5), "Level C", IF(ABS($T31)>0.5, "Level D"))))) | V31: =IF(OR($AK31="",ISNUMBER($AK31)=FALSE),"",IF(H31="","",(L31-Q31)/(3*R31))) | W31: =IF(OR($AK31="",ISNUMBER($AK31)=FALSE),"",IF(I31="","",(Q31-M31)/(3*R31))) | X31: =IF(OR($AK31="",ISNUMBER($AK31)=FALSE),"",IF(AND(G31=0,I31=0),((H31)-(Q31))/(3*R31),MIN(V31:W31))) | Y31: =IF(OR($AK31="",ISNUMBER($AK31)=FALSE),"",IF(AND(G31=0,I31=0),NORMSDIST(3*X31),NORMSDIST(3*X31)+NORMSDIST(6*S31-3*X31)-1)) | Z31: =IF($Q31="","",IF(F31="Tolerance",IF(($E31*3*R31+Q31)-G31<H31,"",($E31*3*R31+Q31)-G31),IF(OR(F31="GD&T",F31="MAX"),IF(($E31*3*R31+Q31)<H31,"",($E31*3*R31+Q31)),""))) | AA31: =IF(Q31="","",IF(F31="Tolerance",IF(-(($E31*3*R31)-Q31)-G31>I31,"",-(($E31*3*R31)-Q31)-G31),IF(F31="MIN",IF(-(($E31*3*R31)-Q31)>I31,"",-(($E31*3*R31)-Q31)),""))) | AB31: =IF(OR(G31="",Q31=""),"",(L31+M31)/2-Q31) | AC31: =IF(OR($S31>$AC$9,$R31=""),"",$AC$9*6*$R31) | AE31: =IF(AD31="","",IF(AD31>=0.966,"Normal","Not Normal")) | BU31: {=IF(BR31="","",_xlfn._xlws.FILTER($AJ$4:$BP$4,ISNUMBER(SEARCH(BR31,$AJ$4:$BP$4))))} | BY31: {=IF(BU31="","",IF(AND(MID(BU31,1,1)=MID(BU31:BX31,1,1)),"TRUE","FALSE"))} | CA31: =IF(BR31="","",SUBSTITUTE(SUBSTITUTE(COUNTIF(_xlfn.ANCHORARRAY(BU31),BR31&"#1"),"1",""),"0",BR31&"#1")) | CB31: =IF(BR31="","",SUBSTITUTE(SUBSTITUTE(COUNTIF(_xlfn.ANCHORARRAY(BU31),BR31&"#2"),"1",""),"0",BR31&"#2")) | CC31: =IF(BR31="","",SUBSTITUTE(SUBSTITUTE(COUNTIF(_xlfn.ANCHORARRAY(BU31),BR31&"#3"),"1",""),"0",BR31&"#3")) | CD31: =IF(BR31="","",SUBSTITUTE(SUBSTITUTE(COUNTIF(_xlfn.ANCHORARRAY(BU31),BR31&"#4"),"1",""),"0",BR31&"#4"))
A32: 47 | B32: 20-P2 | C32: AD | D32: Distance | E32: 1.33 | F32: Tolerance | G32: 3.938 | H32: 0.03 | I32: -0.03 | J32: OMM | K32: NO | L32: =IF(AND(G32="",H32=""),"",IF(G32="",H32,G32+H32)) -> 3.968 | M32: =IF(AND(G32="",I32=""),"",IF(G32="",I32,G32+I32)) -> 3.908 | O32: =IF(OR($AK32="",ISNUMBER($AK32)=FALSE),"",MAX(AK32:AN32)) | P32: =IF(OR($AK32="",ISNUMBER($AK32)=FALSE),"",MIN(AK32:AN32)) | Q32: =IF(OR($AK32="",ISNUMBER($AK32)=FALSE),"",AVERAGE(AK32:AN32)) | R32: =IF(OR($AK32="",ISNUMBER($AK32)=FALSE),"",STDEV(AK32:AN32)) | S32: =IF(OR($AK32="",ISNUMBER($AK32)=FALSE),"",IF(AND(G32="",I32=""),V32,IF(AND(G32="",H32=""),W32,(H32+ABS(I32))/(6*R32)))) | T32: =IF(OR($AK32="",ISNUMBER($AK32)=FALSE),"",IF(AND($F32="Tolerance",$G32<>""),($Q32-$G32)/(($L32-$M32)/2),IF(AND($F32="GD&T",$H32<>""),$Q32/$H32,""))) | U32: =IF($T32="","",IF(ABS($T32)<=0.125, "Level A",IF(AND(ABS($T32)>0.125,ABS($T32)<=0.25), "Level B",IF(AND(ABS($T32)>0.25,ABS($T32)<=0.5), "Level C", IF(ABS($T32)>0.5, "Level D"))))) | V32: =IF(OR($AK32="",ISNUMBER($AK32)=FALSE),"",IF(H32="","",(L32-Q32)/(3*R32))) | W32: =IF(OR($AK32="",ISNUMBER($AK32)=FALSE),"",IF(I32="","",(Q32-M32)/(3*R32))) | X32: =IF(OR($AK32="",ISNUMBER($AK32)=FALSE),"",IF(AND(G32=0,I32=0),((H32)-(Q32))/(3*R32),MIN(V32:W32))) | Y32: =IF(OR($AK32="",ISNUMBER($AK32)=FALSE),"",IF(AND(G32=0,I32=0),NORMSDIST(3*X32),NORMSDIST(3*X32)+NORMSDIST(6*S32-3*X32)-1)) | Z32: =IF($Q32="","",IF(F32="Tolerance",IF(($E32*3*R32+Q32)-G32<H32,"",($E32*3*R32+Q32)-G32),IF(OR(F32="GD&T",F32="MAX"),IF(($E32*3*R32+Q32)<H32,"",($E32*3*R32+Q32)),""))) | AA32: =IF(Q32="","",IF(F32="Tolerance",IF(-(($E32*3*R32)-Q32)-G32>I32,"",-(($E32*3*R32)-Q32)-G32),IF(F32="MIN",IF(-(($E32*3*R32)-Q32)>I32,"",-(($E32*3*R32)-Q32)),""))) | AB32: =IF(OR(G32="",Q32=""),"",(L32+M32)/2-Q32) | AC32: =IF(OR($S32>$AC$9,$R32=""),"",$AC$9*6*$R32) | AE32: =IF(AD32="","",IF(AD32>=0.966,"Normal","Not Normal")) | BU32: {=IF(BR32="","",_xlfn._xlws.FILTER($AJ$4:$BP$4,ISNUMBER(SEARCH(BR32,$AJ$4:$BP$4))))} | BY32: {=IF(BU32="","",IF(AND(MID(BU32,1,1)=MID(BU32:BX32,1,1)),"TRUE","FALSE"))} | CA32: =IF(BR32="","",SUBSTITUTE(SUBSTITUTE(COUNTIF(_xlfn.ANCHORARRAY(BU32),BR32&"#1"),"1",""),"0",BR32&"#1")) | CB32: =IF(BR32="","",SUBSTITUTE(SUBSTITUTE(COUNTIF(_xlfn.ANCHORARRAY(BU32),BR32&"#2"),"1",""),"0",BR32&"#2")) | CC32: =IF(BR32="","",SUBSTITUTE(SUBSTITUTE(COUNTIF(_xlfn.ANCHORARRAY(BU32),BR32&"#3"),"1",""),"0",BR32&"#3")) | CD32: =IF(BR32="","",SUBSTITUTE(SUBSTITUTE(COUNTIF(_xlfn.ANCHORARRAY(BU32),BR32&"#4"),"1",""),"0",BR32&"#4"))
A33: 48 | B33: 20-P3 | C33: AD | D33: Distance | E33: 1.33 | F33: Tolerance | G33: 3.938 | H33: 0.03 | I33: -0.03 | J33: OMM | K33: NO | L33: =IF(AND(G33="",H33=""),"",IF(G33="",H33,G33+H33)) -> 3.968 | M33: =IF(AND(G33="",I33=""),"",IF(G33="",I33,G33+I33)) -> 3.908 | O33: =IF(OR($AK33="",ISNUMBER($AK33)=FALSE),"",MAX(AK33:AN33)) | P33: =IF(OR($AK33="",ISNUMBER($AK33)=FALSE),"",MIN(AK33:AN33)) | Q33: =IF(OR($AK33="",ISNUMBER($AK33)=FALSE),"",AVERAGE(AK33:AN33)) | R33: =IF(OR($AK33="",ISNUMBER($AK33)=FALSE),"",STDEV(AK33:AN33)) | S33: =IF(OR($AK33="",ISNUMBER($AK33)=FALSE),"",IF(AND(G33="",I33=""),V33,IF(AND(G33="",H33=""),W33,(H33+ABS(I33))/(6*R33)))) | T33: =IF(OR($AK33="",ISNUMBER($AK33)=FALSE),"",IF(AND($F33="Tolerance",$G33<>""),($Q33-$G33)/(($L33-$M33)/2),IF(AND($F33="GD&T",$H33<>""),$Q33/$H33,""))) | U33: =IF($T33="","",IF(ABS($T33)<=0.125, "Level A",IF(AND(ABS($T33)>0.125,ABS($T33)<=0.25), "Level B",IF(AND(ABS($T33)>0.25,ABS($T33)<=0.5), "Level C", IF(ABS($T33)>0.5, "Level D"))))) | V33: =IF(OR($AK33="",ISNUMBER($AK33)=FALSE),"",IF(H33="","",(L33-Q33)/(3*R33))) | W33: =IF(OR($AK33="",ISNUMBER($AK33)=FALSE),"",IF(I33="","",(Q33-M33)/(3*R33))) | X33: =IF(OR($AK33="",ISNUMBER($AK33)=FALSE),"",IF(AND(G33=0,I33=0),((H33)-(Q33))/(3*R33),MIN(V33:W33))) | Y33: =IF(OR($AK33="",ISNUMBER($AK33)=FALSE),"",IF(AND(G33=0,I33=0),NORMSDIST(3*X33),NORMSDIST(3*X33)+NORMSDIST(6*S33-3*X33)-1)) | Z33: =IF($Q33="","",IF(F33="Tolerance",IF(($E33*3*R33+Q33)-G33<H33,"",($E33*3*R33+Q33)-G33),IF(OR(F33="GD&T",F33="MAX"),IF(($E33*3*R33+Q33)<H33,"",($E33*3*R33+Q33)),""))) | AA33: =IF(Q33="","",IF(F33="Tolerance",IF(-(($E33*3*R33)-Q33)-G33>I33,"",-(($E33*3*R33)-Q33)-G33),IF(F33="MIN",IF(-(($E33*3*R33)-Q33)>I33,"",-(($E33*3*R33)-Q33)),""))) | AB33: =IF(OR(G33="",Q33=""),"",(L33+M33)/2-Q33) | AC33: =IF(OR($S33>$AC$9,$R33=""),"",$AC$9*6*$R33) | AE33: =IF(AD33="","",IF(AD33>=0.966,"Normal","Not Normal")) | BU33: {=IF(BR33="","",_xlfn._xlws.FILTER($AJ$4:$BP$4,ISNUMBER(SEARCH(BR33,$AJ$4:$BP$4))))} | BY33: {=IF(BU33="","",IF(AND(MID(BU33,1,1)=MID(BU33:BX33,1,1)),"TRUE","FALSE"))} | CA33: =IF(BR33="","",SUBSTITUTE(SUBSTITUTE(COUNTIF(_xlfn.ANCHORARRAY(BU33),BR33&"#1"),"1",""),"0",BR33&"#1")) | CB33: =IF(BR33="","",SUBSTITUTE(SUBSTITUTE(COUNTIF(_xlfn.ANCHORARRAY(BU33),BR33&"#2"),"1",""),"0",BR33&"#2")) | CC33: =IF(BR33="","",SUBSTITUTE(SUBSTITUTE(COUNTIF(_xlfn.ANCHORARRAY(BU33),BR33&"#3"),"1",""),"0",BR33&"#3")) | CD33: =IF(BR33="","",SUBSTITUTE(SUBSTITUTE(COUNTIF(_xlfn.ANCHORARRAY(BU33),BR33&"#4"),"1",""),"0",BR33&"#4"))
A34: 49 | B34: 21-P73 | C34: BZ | D34: Distance | E34: 1.33 | F34: Tolerance | G34: 1.125 | H34: 0.03 | I34: -0.02 | J34: CMM | K34: NO | L34: =IF(AND(G34="",H34=""),"",IF(G34="",H34,G34+H34)) -> 1.155 | M34: =IF(AND(G34="",I34=""),"",IF(G34="",I34,G34+I34)) -> 1.105 | O34: =IF(OR($AK34="",ISNUMBER($AK34)=FALSE),"",MAX(AK34:AN34)) | P34: =IF(OR($AK34="",ISNUMBER($AK34)=FALSE),"",MIN(AK34:AN34)) | Q34: =IF(OR($AK34="",ISNUMBER($AK34)=FALSE),"",AVERAGE(AK34:AN34)) | R34: =IF(OR($AK34="",ISNUMBER($AK34)=FALSE),"",STDEV(AK34:AN34)) | S34: =IF(OR($AK34="",ISNUMBER($AK34)=FALSE),"",IF(AND(G34="",I34=""),V34,IF(AND(G34="",H34=""),W34,(H34+ABS(I34))/(6*R34)))) | T34: =IF(OR($AK34="",ISNUMBER($AK34)=FALSE),"",IF(AND($F34="Tolerance",$G34<>""),($Q34-$G34)/(($L34-$M34)/2),IF(AND($F34="GD&T",$H34<>""),$Q34/$H34,""))) | U34: =IF($T34="","",IF(ABS($T34)<=0.125, "Level A",IF(AND(ABS($T34)>0.125,ABS($T34)<=0.25), "Level B",IF(AND(ABS($T34)>0.25,ABS($T34)<=0.5), "Level C", IF(ABS($T34)>0.5, "Level D"))))) | V34: =IF(OR($AK34="",ISNUMBER($AK34)=FALSE),"",IF(H34="","",(L34-Q34)/(3*R34))) | W34: =IF(OR($AK34="",ISNUMBER($AK34)=FALSE),"",IF(I34="","",(Q34-M34)/(3*R34))) | X34: =IF(OR($AK34="",ISNUMBER($AK34)=FALSE),"",IF(AND(G34=0,I34=0),((H34)-(Q34))/(3*R34),MIN(V34:W34))) | Y34: =IF(OR($AK34="",ISNUMBER($AK34)=FALSE),"",IF(AND(G34=0,I34=0),NORMSDIST(3*X34),NORMSDIST(3*X34)+NORMSDIST(6*S34-3*X34)-1)) | Z34: =IF($Q34="","",IF(F34="Tolerance",IF(($E34*3*R34+Q34)-G34<H34,"",($E34*3*R34+Q34)-G34),IF(OR(F34="GD&T",F34="MAX"),IF(($E34*3*R34+Q34)<H34,"",($E34*3*R34+Q34)),""))) | AA34: =IF(Q34="","",IF(F34="Tolerance",IF(-(($E34*3*R34)-Q34)-G34>I34,"",-(($E34*3*R34)-Q34)-G34),IF(F34="MIN",IF(-(($E34*3*R34)-Q34)>I34,"",-(($E34*3*R34)-Q34)),""))) | AB34: =IF(OR(G34="",Q34=""),"",(L34+M34)/2-Q34) | AC34: =IF(OR($S34>$AC$9,$R34=""),"",$AC$9*6*$R34) | AE34: =IF(AD34="","",IF(AD34>=0.966,"Normal","Not Normal")) | BU34: {=IF(BR34="","",_xlfn._xlws.FILTER($AJ$4:$BP$4,ISNUMBER(SEARCH(BR34,$AJ$4:$BP$4))))} | BY34: {=IF(BU34="","",IF(AND(MID(BU34,1,1)=MID(BU34:BX34,1,1)),"TRUE","FALSE"))} | CA34: =IF(BR34="","",SUBSTITUTE(SUBSTITUTE(COUNTIF(_xlfn.ANCHORARRAY(BU34),BR34&"#1"),"1",""),"0",BR34&"#1")) | CB34: =IF(BR34="","",SUBSTITUTE(SUBSTITUTE(COUNTIF(_xlfn.ANCHORARRAY(BU34),BR34&"#2"),"1",""),"0",BR34&"#2")) | CC34: =IF(BR34="","",SUBSTITUTE(SUBSTITUTE(COUNTIF(_xlfn.ANCHORARRAY(BU34),BR34&"#3"),"1",""),"0",BR34&"#3")) | CD34: =IF(BR34="","",SUBSTITUTE(SUBSTITUTE(COUNTIF(_xlfn.ANCHORARRAY(BU34),BR34&"#4"),"1",""),"0",BR34&"#4"))
A35: 50 | B35: 21-P52 | C35: BZ | D35: Distance | E35: 1.33 | F35: Tolerance | G35: 1.125 | H35: 0.03 | I35: -0.02 | J35: CMM | K35: NO | L35: =IF(AND(G35="",H35=""),"",IF(G35="",H35,G35+H35)) -> 1.155 | M35: =IF(AND(G35="",I35=""),"",IF(G35="",I35,G35+I35)) -> 1.105 | O35: =IF(OR($AK35="",ISNUMBER($AK35)=FALSE),"",MAX(AK35:AN35)) | P35: =IF(OR($AK35="",ISNUMBER($AK35)=FALSE),"",MIN(AK35:AN35)) | Q35: =IF(OR($AK35="",ISNUMBER($AK35)=FALSE),"",AVERAGE(AK35:AN35)) | R35: =IF(OR($AK35="",ISNUMBER($AK35)=FALSE),"",STDEV(AK35:AN35)) | S35: =IF(OR($AK35="",ISNUMBER($AK35)=FALSE),"",IF(AND(G35="",I35=""),V35,IF(AND(G35="",H35=""),W35,(H35+ABS(I35))/(6*R35)))) | T35: =IF(OR($AK35="",ISNUMBER($AK35)=FALSE),"",IF(AND($F35="Tolerance",$G35<>""),($Q35-$G35)/(($L35-$M35)/2),IF(AND($F35="GD&T",$H35<>""),$Q35/$H35,""))) | U35: =IF($T35="","",IF(ABS($T35)<=0.125, "Level A",IF(AND(ABS($T35)>0.125,ABS($T35)<=0.25), "Level B",IF(AND(ABS($T35)>0.25,ABS($T35)<=0.5), "Level C", IF(ABS($T35)>0.5, "Level D"))))) | V35: =IF(OR($AK35="",ISNUMBER($AK35)=FALSE),"",IF(H35="","",(L35-Q35)/(3*R35))) | W35: =IF(OR($AK35="",ISNUMBER($AK35)=FALSE),"",IF(I35="","",(Q35-M35)/(3*R35))) | X35: =IF(OR($AK35="",ISNUMBER($AK35)=FALSE),"",IF(AND(G35=0,I35=0),((H35)-(Q35))/(3*R35),MIN(V35:W35))) | Y35: =IF(OR($AK35="",ISNUMBER($AK35)=FALSE),"",IF(AND(G35=0,I35=0),NORMSDIST(3*X35),NORMSDIST(3*X35)+NORMSDIST(6*S35-3*X35)-1)) | Z35: =IF($Q35="","",IF(F35="Tolerance",IF(($E35*3*R35+Q35)-G35<H35,"",($E35*3*R35+Q35)-G35),IF(OR(F35="GD&T",F35="MAX"),IF(($E35*3*R35+Q35)<H35,"",($E35*3*R35+Q35)),""))) | AA35: =IF(Q35="","",IF(F35="Tolerance",IF(-(($E35*3*R35)-Q35)-G35>I35,"",-(($E35*3*R35)-Q35)-G35),IF(F35="MIN",IF(-(($E35*3*R35)-Q35)>I35,"",-(($E35*3*R35)-Q35)),""))) | AB35: =IF(OR(G35="",Q35=""),"",(L35+M35)/2-Q35) | AC35: =IF(OR($S35>$AC$9,$R35=""),"",$AC$9*6*$R35) | AE35: =IF(AD35="","",IF(AD35>=0.966,"Normal","Not Normal")) | BU35: {=IF(BR35="","",_xlfn._xlws.FILTER($AJ$4:$BP$4,ISNUMBER(SEARCH(BR35,$AJ$4:$BP$4))))} | BY35: {=IF(BU35="","",IF(AND(MID(BU35,1,1)=MID(BU35:BX35,1,1)),"TRUE","FALSE"))} | CA35: =IF(BR35="","",SUBSTITUTE(SUBSTITUTE(COUNTIF(_xlfn.ANCHORARRAY(BU35),BR35&"#1"),"1",""),"0",BR35&"#1")) | CB35: =IF(BR35="","",SUBSTITUTE(SUBSTITUTE(COUNTIF(_xlfn.ANCHORARRAY(BU35),BR35&"#2"),"1",""),"0",BR35&"#2")) | CC35: =IF(BR35="","",SUBSTITUTE(SUBSTITUTE(COUNTIF(_xlfn.ANCHORARRAY(BU35),BR35&"#3"),"1",""),"0",BR35&"#3")) | CD35: =IF(BR35="","",SUBSTITUTE(SUBSTITUTE(COUNTIF(_xlfn.ANCHORARRAY(BU35),BR35&"#4"),"1",""),"0",BR35&"#4"))
A36: 51 | B36: 21-P36 | C36: BZ | D36: Distance | E36: 1.33 | F36: Tolerance | G36: 1.125 | H36: 0.03 | I36: -0.02 | J36: CMM | K36: NO | L36: =IF(AND(G36="",H36=""),"",IF(G36="",H36,G36+H36)) -> 1.155 | M36: =IF(AND(G36="",I36=""),"",IF(G36="",I36,G36+I36)) -> 1.105 | O36: =IF(OR($AK36="",ISNUMBER($AK36)=FALSE),"",MAX(AK36:AN36)) | P36: =IF(OR($AK36="",ISNUMBER($AK36)=FALSE),"",MIN(AK36:AN36)) | Q36: =IF(OR($AK36="",ISNUMBER($AK36)=FALSE),"",AVERAGE(AK36:AN36)) | R36: =IF(OR($AK36="",ISNUMBER($AK36)=FALSE),"",STDEV(AK36:AN36)) | S36: =IF(OR($AK36="",ISNUMBER($AK36)=FALSE),"",IF(AND(G36="",I36=""),V36,IF(AND(G36="",H36=""),W36,(H36+ABS(I36))/(6*R36)))) | T36: =IF(OR($AK36="",ISNUMBER($AK36)=FALSE),"",IF(AND($F36="Tolerance",$G36<>""),($Q36-$G36)/(($L36-$M36)/2),IF(AND($F36="GD&T",$H36<>""),$Q36/$H36,""))) | U36: =IF($T36="","",IF(ABS($T36)<=0.125, "Level A",IF(AND(ABS($T36)>0.125,ABS($T36)<=0.25), "Level B",IF(AND(ABS($T36)>0.25,ABS($T36)<=0.5), "Level C", IF(ABS($T36)>0.5, "Level D"))))) | V36: =IF(OR($AK36="",ISNUMBER($AK36)=FALSE),"",IF(H36="","",(L36-Q36)/(3*R36))) | W36: =IF(OR($AK36="",ISNUMBER($AK36)=FALSE),"",IF(I36="","",(Q36-M36)/(3*R36))) | X36: =IF(OR($AK36="",ISNUMBER($AK36)=FALSE),"",IF(AND(G36=0,I36=0),((H36)-(Q36))/(3*R36),MIN(V36:W36))) | Y36: =IF(OR($AK36="",ISNUMBER($AK36)=FALSE),"",IF(AND(G36=0,I36=0),NORMSDIST(3*X36),NORMSDIST(3*X36)+NORMSDIST(6*S36-3*X36)-1)) | Z36: =IF($Q36="","",IF(F36="Tolerance",IF(($E36*3*R36+Q36)-G36<H36,"",($E36*3*R36+Q36)-G36),IF(OR(F36="GD&T",F36="MAX"),IF(($E36*3*R36+Q36)<H36,"",($E36*3*R36+Q36)),""))) | AA36: =IF(Q36="","",IF(F36="Tolerance",IF(-(($E36*3*R36)-Q36)-G36>I36,"",-(($E36*3*R36)-Q36)-G36),IF(F36="MIN",IF(-(($E36*3*R36)-Q36)>I36,"",-(($E36*3*R36)-Q36)),""))) | AB36: =IF(OR(G36="",Q36=""),"",(L36+M36)/2-Q36) | AC36: =IF(OR($S36>$AC$9,$R36=""),"",$AC$9*6*$R36) | AE36: =IF(AD36="","",IF(AD36>=0.966,"Normal","Not Normal")) | BU36: {=IF(BR36="","",_xlfn._xlws.FILTER($AJ$4:$BP$4,ISNUMBER(SEARCH(BR36,$AJ$4:$BP$4))))} | BY36: {=IF(BU36="","",IF(AND(MID(BU36,1,1)=MID(BU36:BX36,1,1)),"TRUE","FALSE"))} | CA36: =IF(BR36="","",SUBSTITUTE(SUBSTITUTE(COUNTIF(_xlfn.ANCHORARRAY(BU36),BR36&"#1"),"1",""),"0",BR36&"#1")) | CB36: =IF(BR36="","",SUBSTITUTE(SUBSTITUTE(COUNTIF(_xlfn.ANCHORARRAY(BU36),BR36&"#2"),"1",""),"0",BR36&"#2")) | CC36: =IF(BR36="","",SUBSTITUTE(SUBSTITUTE(COUNTIF(_xlfn.ANCHORARRAY(BU36),BR36&"#3"),"1",""),"0",BR36&"#3")) | CD36: =IF(BR36="","",SUBSTITUTE(SUBSTITUTE(COUNTIF(_xlfn.ANCHORARRAY(BU36),BR36&"#4"),"1",""),"0",BR36&"#4"))
A37: 52 | B37: 21-P21 | C37: BZ | D37: Distance | E37: 1.33 | F37: Tolerance | G37: 1.125 | H37: 0.03 | I37: -0.02 | J37: CMM | K37: NO | L37: =IF(AND(G37="",H37=""),"",IF(G37="",H37,G37+H37)) -> 1.155 | M37: =IF(AND(G37="",I37=""),"",IF(G37="",I37,G37+I37)) -> 1.105 | O37: =IF(OR($AK37="",ISNUMBER($AK37)=FALSE),"",MAX(AK37:AN37)) | P37: =IF(OR($AK37="",ISNUMBER($AK37)=FALSE),"",MIN(AK37:AN37)) | Q37: =IF(OR($AK37="",ISNUMBER($AK37)=FALSE),"",AVERAGE(AK37:AN37)) | R37: =IF(OR($AK37="",ISNUMBER($AK37)=FALSE),"",STDEV(AK37:AN37)) | S37: =IF(OR($AK37="",ISNUMBER($AK37)=FALSE),"",IF(AND(G37="",I37=""),V37,IF(AND(G37="",H37=""),W37,(H37+ABS(I37))/(6*R37)))) | T37: =IF(OR($AK37="",ISNUMBER($AK37)=FALSE),"",IF(AND($F37="Tolerance",$G37<>""),($Q37-$G37)/(($L37-$M37)/2),IF(AND($F37="GD&T",$H37<>""),$Q37/$H37,""))) | U37: =IF($T37="","",IF(ABS($T37)<=0.125, "Level A",IF(AND(ABS($T37)>0.125,ABS($T37)<=0.25), "Level B",IF(AND(ABS($T37)>0.25,ABS($T37)<=0.5), "Level C", IF(ABS($T37)>0.5, "Level D"))))) | V37: =IF(OR($AK37="",ISNUMBER($AK37)=FALSE),"",IF(H37="","",(L37-Q37)/(3*R37))) | W37: =IF(OR($AK37="",ISNUMBER($AK37)=FALSE),"",IF(I37="","",(Q37-M37)/(3*R37))) | X37: =IF(OR($AK37="",ISNUMBER($AK37)=FALSE),"",IF(AND(G37=0,I37=0),((H37)-(Q37))/(3*R37),MIN(V37:W37))) | Y37: =IF(OR($AK37="",ISNUMBER($AK37)=FALSE),"",IF(AND(G37=0,I37=0),NORMSDIST(3*X37),NORMSDIST(3*X37)+NORMSDIST(6*S37-3*X37)-1)) | Z37: =IF($Q37="","",IF(F37="Tolerance",IF(($E37*3*R37+Q37)-G37<H37,"",($E37*3*R37+Q37)-G37),IF(OR(F37="GD&T",F37="MAX"),IF(($E37*3*R37+Q37)<H37,"",($E37*3*R37+Q37)),""))) | AA37: =IF(Q37="","",IF(F37="Tolerance",IF(-(($E37*3*R37)-Q37)-G37>I37,"",-(($E37*3*R37)-Q37)-G37),IF(F37="MIN",IF(-(($E37*3*R37)-Q37)>I37,"",-(($E37*3*R37)-Q37)),""))) | AB37: =IF(OR(G37="",Q37=""),"",(L37+M37)/2-Q37) | AC37: =IF(OR($S37>$AC$9,$R37=""),"",$AC$9*6*$R37) | AE37: =IF(AD37="","",IF(AD37>=0.966,"Normal","Not Normal")) | BU37: {=IF(BR37="","",_xlfn._xlws.FILTER($AJ$4:$BP$4,ISNUMBER(SEARCH(BR37,$AJ$4:$BP$4))))} | BY37: {=IF(BU37="","",IF(AND(MID(BU37,1,1)=MID(BU37:BX37,1,1)),"TRUE","FALSE"))} | CA37: =IF(BR37="","",SUBSTITUTE(SUBSTITUTE(COUNTIF(_xlfn.ANCHORARRAY(BU37),BR37&"#1"),"1",""),"0",BR37&"#1")) | CB37: =IF(BR37="","",SUBSTITUTE(SUBSTITUTE(COUNTIF(_xlfn.ANCHORARRAY(BU37),BR37&"#2"),"1",""),"0",BR37&"#2")) | CC37: =IF(BR37="","",SUBSTITUTE(SUBSTITUTE(COUNTIF(_xlfn.ANCHORARRAY(BU37),BR37&"#3"),"1",""),"0",BR37&"#3")) | CD37: =IF(BR37="","",SUBSTITUTE(SUBSTITUTE(COUNTIF(_xlfn.ANCHORARRAY(BU37),BR37&"#4"),"1",""),"0",BR37&"#4"))
A38: 53 | B38: 21-P2 | C38: BZ | D38: Distance | E38: 1.33 | F38: Tolerance | G38: 1.125 | H38: 0.03 | I38: -0.02 | J38: CMM | K38: NO | L38: =IF(AND(G38="",H38=""),"",IF(G38="",H38,G38+H38)) -> 1.155 | M38: =IF(AND(G38="",I38=""),"",IF(G38="",I38,G38+I38)) -> 1.105 | O38: =IF(OR($AK38="",ISNUMBER($AK38)=FALSE),"",MAX(AK38:AN38)) | P38: =IF(OR($AK38="",ISNUMBER($AK38)=FALSE),"",MIN(AK38:AN38)) | Q38: =IF(OR($AK38="",ISNUMBER($AK38)=FALSE),"",AVERAGE(AK38:AN38)) | R38: =IF(OR($AK38="",ISNUMBER($AK38)=FALSE),"",STDEV(AK38:AN38)) | S38: =IF(OR($AK38="",ISNUMBER($AK38)=FALSE),"",IF(AND(G38="",I38=""),V38,IF(AND(G38="",H38=""),W38,(H38+ABS(I38))/(6*R38)))) | T38: =IF(OR($AK38="",ISNUMBER($AK38)=FALSE),"",IF(AND($F38="Tolerance",$G38<>""),($Q38-$G38)/(($L38-$M38)/2),IF(AND($F38="GD&T",$H38<>""),$Q38/$H38,""))) | U38: =IF($T38="","",IF(ABS($T38)<=0.125, "Level A",IF(AND(ABS($T38)>0.125,ABS($T38)<=0.25), "Level B",IF(AND(ABS($T38)>0.25,ABS($T38)<=0.5), "Level C", IF(ABS($T38)>0.5, "Level D"))))) | V38: =IF(OR($AK38="",ISNUMBER($AK38)=FALSE),"",IF(H38="","",(L38-Q38)/(3*R38))) | W38: =IF(OR($AK38="",ISNUMBER($AK38)=FALSE),"",IF(I38="","",(Q38-M38)/(3*R38))) | X38: =IF(OR($AK38="",ISNUMBER($AK38)=FALSE),"",IF(AND(G38=0,I38=0),((H38)-(Q38))/(3*R38),MIN(V38:W38))) | Y38: =IF(OR($AK38="",ISNUMBER($AK38)=FALSE),"",IF(AND(G38=0,I38=0),NORMSDIST(3*X38),NORMSDIST(3*X38)+NORMSDIST(6*S38-3*X38)-1)) | Z38: =IF($Q38="","",IF(F38="Tolerance",IF(($E38*3*R38+Q38)-G38<H38,"",($E38*3*R38+Q38)-G38),IF(OR(F38="GD&T",F38="MAX"),IF(($E38*3*R38+Q38)<H38,"",($E38*3*R38+Q38)),""))) | AA38: =IF(Q38="","",IF(F38="Tolerance",IF(-(($E38*3*R38)-Q38)-G38>I38,"",-(($E38*3*R38)-Q38)-G38),IF(F38="MIN",IF(-(($E38*3*R38)-Q38)>I38,"",-(($E38*3*R38)-Q38)),""))) | AB38: =IF(OR(G38="",Q38=""),"",(L38+M38)/2-Q38) | AC38: =IF(OR($S38>$AC$9,$R38=""),"",$AC$9*6*$R38) | AE38: =IF(AD38="","",IF(AD38>=0.966,"Normal","Not Normal")) | BU38: {=IF(BR38="","",_xlfn._xlws.FILTER($AJ$4:$BP$4,ISNUMBER(SEARCH(BR38,$AJ$4:$BP$4))))} | BY38: {=IF(BU38="","",IF(AND(MID(BU38,1,1)=MID(BU38:BX38,1,1)),"TRUE","FALSE"))} | CA38: =IF(BR38="","",SUBSTITUTE(SUBSTITUTE(COUNTIF(_xlfn.ANCHORARRAY(BU38),BR38&"#1"),"1",""),"0",BR38&"#1")) | CB38: =IF(BR38="","",SUBSTITUTE(SUBSTITUTE(COUNTIF(_xlfn.ANCHORARRAY(BU38),BR38&"#2"),"1",""),"0",BR38&"#2")) | CC38: =IF(BR38="","",SUBSTITUTE(SUBSTITUTE(COUNTIF(_xlfn.ANCHORARRAY(BU38),BR38&"#3"),"1",""),"0",BR38&"#3")) | CD38: =IF(BR38="","",SUBSTITUTE(SUBSTITUTE(COUNTIF(_xlfn.ANCHORARRAY(BU38),BR38&"#4"),"1",""),"0",BR38&"#4"))
A39: 54 | B39: 21-P1 | C39: BZ | D39: Distance | E39: 1.33 | F39: Tolerance | G39: 1.125 | H39: 0.03 | I39: -0.02 | J39: CMM | K39: NO | L39: =IF(AND(G39="",H39=""),"",IF(G39="",H39,G39+H39)) -> 1.155 | M39: =IF(AND(G39="",I39=""),"",IF(G39="",I39,G39+I39)) -> 1.105 | O39: =IF(OR($AK39="",ISNUMBER($AK39)=FALSE),"",MAX(AK39:AN39)) | P39: =IF(OR($AK39="",ISNUMBER($AK39)=FALSE),"",MIN(AK39:AN39)) | Q39: =IF(OR($AK39="",ISNUMBER($AK39)=FALSE),"",AVERAGE(AK39:AN39)) | R39: =IF(OR($AK39="",ISNUMBER($AK39)=FALSE),"",STDEV(AK39:AN39)) | S39: =IF(OR($AK39="",ISNUMBER($AK39)=FALSE),"",IF(AND(G39="",I39=""),V39,IF(AND(G39="",H39=""),W39,(H39+ABS(I39))/(6*R39)))) | T39: =IF(OR($AK39="",ISNUMBER($AK39)=FALSE),"",IF(AND($F39="Tolerance",$G39<>""),($Q39-$G39)/(($L39-$M39)/2),IF(AND($F39="GD&T",$H39<>""),$Q39/$H39,""))) | U39: =IF($T39="","",IF(ABS($T39)<=0.125, "Level A",IF(AND(ABS($T39)>0.125,ABS($T39)<=0.25), "Level B",IF(AND(ABS($T39)>0.25,ABS($T39)<=0.5), "Level C", IF(ABS($T39)>0.5, "Level D"))))) | V39: =IF(OR($AK39="",ISNUMBER($AK39)=FALSE),"",IF(H39="","",(L39-Q39)/(3*R39))) | W39: =IF(OR($AK39="",ISNUMBER($AK39)=FALSE),"",IF(I39="","",(Q39-M39)/(3*R39))) | X39: =IF(OR($AK39="",ISNUMBER($AK39)=FALSE),"",IF(AND(G39=0,I39=0),((H39)-(Q39))/(3*R39),MIN(V39:W39))) | Y39: =IF(OR($AK39="",ISNUMBER($AK39)=FALSE),"",IF(AND(G39=0,I39=0),NORMSDIST(3*X39),NORMSDIST(3*X39)+NORMSDIST(6*S39-3*X39)-1)) | Z39: =IF($Q39="","",IF(F39="Tolerance",IF(($E39*3*R39+Q39)-G39<H39,"",($E39*3*R39+Q39)-G39),IF(OR(F39="GD&T",F39="MAX"),IF(($E39*3*R39+Q39)<H39,"",($E39*3*R39+Q39)),""))) | AA39: =IF(Q39="","",IF(F39="Tolerance",IF(-(($E39*3*R39)-Q39)-G39>I39,"",-(($E39*3*R39)-Q39)-G39),IF(F39="MIN",IF(-(($E39*3*R39)-Q39)>I39,"",-(($E39*3*R39)-Q39)),""))) | AB39: =IF(OR(G39="",Q39=""),"",(L39+M39)/2-Q39) | AC39: =IF(OR($S39>$AC$9,$R39=""),"",$AC$9*6*$R39) | AE39: =IF(AD39="","",IF(AD39>=0.966,"Normal","Not Normal")) | BU39: {=IF(BR39="","",_xlfn._xlws.FILTER($AJ$4:$BP$4,ISNUMBER(SEARCH(BR39,$AJ$4:$BP$4))))} | BY39: {=IF(BU39="","",IF(AND(MID(BU39,1,1)=MID(BU39:BX39,1,1)),"TRUE","FALSE"))} | CA39: =IF(BR39="","",SUBSTITUTE(SUBSTITUTE(COUNTIF(_xlfn.ANCHORARRAY(BU39),BR39&"#1"),"1",""),"0",BR39&"#1")) | CB39: =IF(BR39="","",SUBSTITUTE(SUBSTITUTE(COUNTIF(_xlfn.ANCHORARRAY(BU39),BR39&"#2"),"1",""),"0",BR39&"#2")) | CC39: =IF(BR39="","",SUBSTITUTE(SUBSTITUTE(COUNTIF(_xlfn.ANCHORARRAY(BU39),BR39&"#3"),"1",""),"0",BR39&"#3")) | CD39: =IF(BR39="","",SUBSTITUTE(SUBSTITUTE(COUNTIF(_xlfn.ANCHORARRAY(BU39),BR39&"#4"),"1",""),"0",BR39&"#4"))
A40: 55 | B40: 22-S1 | C40: CC | D40: Distance | F40: Tolerance | G40: 0.275 | H40: 0.03 | I40: -0.03 | J40: OMM | K40: NO | L40: =IF(AND(G40="",H40=""),"",IF(G40="",H40,G40+H40)) -> 0.305 | M40: =IF(AND(G40="",I40=""),"",IF(G40="",I40,G40+I40)) -> 0.245 | O40: =IF(OR($AK40="",ISNUMBER($AK40)=FALSE),"",MAX(AK40:AN40)) | P40: =IF(OR($AK40="",ISNUMBER($AK40)=FALSE),"",MIN(AK40:AN40)) | Q40: =IF(OR($AK40="",ISNUMBER($AK40)=FALSE),"",AVERAGE(AK40:AN40)) | R40: =IF(OR($AK40="",ISNUMBER($AK40)=FALSE),"",STDEV(AK40:AN40)) | S40: =IF(OR($AK40="",ISNUMBER($AK40)=FALSE),"",IF(AND(G40="",I40=""),V40,IF(AND(G40="",H40=""),W40,(H40+ABS(I40))/(6*R40)))) | T40: =IF(OR($AK40="",ISNUMBER($AK40)=FALSE),"",IF(AND($F40="Tolerance",$G40<>""),($Q40-$G40)/(($L40-$M40)/2),IF(AND($F40="GD&T",$H40<>""),$Q40/$H40,""))) | U40: =IF($T40="","",IF(ABS($T40)<=0.125, "Level A",IF(AND(ABS($T40)>0.125,ABS($T40)<=0.25), "Level B",IF(AND(ABS($T40)>0.25,ABS($T40)<=0.5), "Level C", IF(ABS($T40)>0.5, "Level D"))))) | V40: =IF(OR($AK40="",ISNUMBER($AK40)=FALSE),"",IF(H40="","",(L40-Q40)/(3*R40))) | W40: =IF(OR($AK40="",ISNUMBER($AK40)=FALSE),"",IF(I40="","",(Q40-M40)/(3*R40))) | X40: =IF(OR($AK40="",ISNUMBER($AK40)=FALSE),"",IF(AND(G40=0,I40=0),((H40)-(Q40))/(3*R40),MIN(V40:W40))) | Y40: =IF(OR($AK40="",ISNUMBER($AK40)=FALSE),"",IF(AND(G40=0,I40=0),NORMSDIST(3*X40),NORMSDIST(3*X40)+NORMSDIST(6*S40-3*X40)-1)) | Z40: =IF($Q40="","",IF(F40="Tolerance",IF(($E40*3*R40+Q40)-G40<H40,"",($E40*3*R40+Q40)-G40),IF(OR(F40="GD&T",F40="MAX"),IF(($E40*3*R40+Q40)<H40,"",($E40*3*R40+Q40)),""))) | AA40: =IF(Q40="","",IF(F40="Tolerance",IF(-(($E40*3*R40)-Q40)-G40>I40,"",-(($E40*3*R40)-Q40)-G40),IF(F40="MIN",IF(-(($E40*3*R40)-Q40)>I40,"",-(($E40*3*R40)-Q40)),""))) | AB40: =IF(OR(G40="",Q40=""),"",(L40+M40)/2-Q40) | AC40: =IF(OR($S40>$AC$9,$R40=""),"",$AC$9*6*$R40) | AE40: =IF(AD40="","",IF(AD40>=0.966,"Normal","Not Normal")) | BU40: {=IF(BR40="","",_xlfn._xlws.FILTER($AJ$4:$BP$4,ISNUMBER(SEARCH(BR40,$AJ$4:$BP$4))))} | BY40: {=IF(BU40="","",IF(AND(MID(BU40,1,1)=MID(BU40:BX40,1,1)),"TRUE","FALSE"))}
A41: 56 | B41: 22-S2 | C41: CC | D41: Distance | F41: Tolerance | G41: 0.275 | H41: 0.03 | I41: -0.03 | J41: OMM | K41: NO | L41: =IF(AND(G41="",H41=""),"",IF(G41="",H41,G41+H41)) -> 0.305 | M41: =IF(AND(G41="",I41=""),"",IF(G41="",I41,G41+I41)) -> 0.245 | O41: =IF(OR($AK41="",ISNUMBER($AK41)=FALSE),"",MAX(AK41:AN41)) | P41: =IF(OR($AK41="",ISNUMBER($AK41)=FALSE),"",MIN(AK41:AN41)) | Q41: =IF(OR($AK41="",ISNUMBER($AK41)=FALSE),"",AVERAGE(AK41:AN41)) | R41: =IF(OR($AK41="",ISNUMBER($AK41)=FALSE),"",STDEV(AK41:AN41)) | S41: =IF(OR($AK41="",ISNUMBER($AK41)=FALSE),"",IF(AND(G41="",I41=""),V41,IF(AND(G41="",H41=""),W41,(H41+ABS(I41))/(6*R41)))) | T41: =IF(OR($AK41="",ISNUMBER($AK41)=FALSE),"",IF(AND($F41="Tolerance",$G41<>""),($Q41-$G41)/(($L41-$M41)/2),IF(AND($F41="GD&T",$H41<>""),$Q41/$H41,""))) | U41: =IF($T41="","",IF(ABS($T41)<=0.125, "Level A",IF(AND(ABS($T41)>0.125,ABS($T41)<=0.25), "Level B",IF(AND(ABS($T41)>0.25,ABS($T41)<=0.5), "Level C", IF(ABS($T41)>0.5, "Level D"))))) | V41: =IF(OR($AK41="",ISNUMBER($AK41)=FALSE),"",IF(H41="","",(L41-Q41)/(3*R41))) | W41: =IF(OR($AK41="",ISNUMBER($AK41)=FALSE),"",IF(I41="","",(Q41-M41)/(3*R41))) | X41: =IF(OR($AK41="",ISNUMBER($AK41)=FALSE),"",IF(AND(G41=0,I41=0),((H41)-(Q41))/(3*R41),MIN(V41:W41))) | Y41: =IF(OR($AK41="",ISNUMBER($AK41)=FALSE),"",IF(AND(G41=0,I41=0),NORMSDIST(3*X41),NORMSDIST(3*X41)+NORMSDIST(6*S41-3*X41)-1)) | Z41: =IF($Q41="","",IF(F41="Tolerance",IF(($E41*3*R41+Q41)-G41<H41,"",($E41*3*R41+Q41)-G41),IF(OR(F41="GD&T",F41="MAX"),IF(($E41*3*R41+Q41)<H41,"",($E41*3*R41+Q41)),""))) | AA41: =IF(Q41="","",IF(F41="Tolerance",IF(-(($E41*3*R41)-Q41)-G41>I41,"",-(($E41*3*R41)-Q41)-G41),IF(F41="MIN",IF(-(($E41*3*R41)-Q41)>I41,"",-(($E41*3*R41)-Q41)),""))) | AB41: =IF(OR(G41="",Q41=""),"",(L41+M41)/2-Q41) | AC41: =IF(OR($S41>$AC$9,$R41=""),"",$AC$9*6*$R41) | AE41: =IF(AD41="","",IF(AD41>=0.966,"Normal","Not Normal"))
A42: 57 | B42: 22-S3 | C42: CC | D42: Distance | F42: Tolerance | G42: 0.275 | H42: 0.03 | I42: -0.03 | J42: OMM | K42: NO | L42: =IF(AND(G42="",H42=""),"",IF(G42="",H42,G42+H42)) -> 0.305 | M42: =IF(AND(G42="",I42=""),"",IF(G42="",I42,G42+I42)) -> 0.245 | O42: =IF(OR($AK42="",ISNUMBER($AK42)=FALSE),"",MAX(AK42:AN42)) | P42: =IF(OR($AK42="",ISNUMBER($AK42)=FALSE),"",MIN(AK42:AN42)) | Q42: =IF(OR($AK42="",ISNUMBER($AK42)=FALSE),"",AVERAGE(AK42:AN42)) | R42: =IF(OR($AK42="",ISNUMBER($AK42)=FALSE),"",STDEV(AK42:AN42)) | S42: =IF(OR($AK42="",ISNUMBER($AK42)=FALSE),"",IF(AND(G42="",I42=""),V42,IF(AND(G42="",H42=""),W42,(H42+ABS(I42))/(6*R42)))) | T42: =IF(OR($AK42="",ISNUMBER($AK42)=FALSE),"",IF(AND($F42="Tolerance",$G42<>""),($Q42-$G42)/(($L42-$M42)/2),IF(AND($F42="GD&T",$H42<>""),$Q42/$H42,""))) | U42: =IF($T42="","",IF(ABS($T42)<=0.125, "Level A",IF(AND(ABS($T42)>0.125,ABS($T42)<=0.25), "Level B",IF(AND(ABS($T42)>0.25,ABS($T42)<=0.5), "Level C", IF(ABS($T42)>0.5, "Level D"))))) | V42: =IF(OR($AK42="",ISNUMBER($AK42)=FALSE),"",IF(H42="","",(L42-Q42)/(3*R42))) | W42: =IF(OR($AK42="",ISNUMBER($AK42)=FALSE),"",IF(I42="","",(Q42-M42)/(3*R42))) | X42: =IF(OR($AK42="",ISNUMBER($AK42)=FALSE),"",IF(AND(G42=0,I42=0),((H42)-(Q42))/(3*R42),MIN(V42:W42))) | Y42: =IF(OR($AK42="",ISNUMBER($AK42)=FALSE),"",IF(AND(G42=0,I42=0),NORMSDIST(3*X42),NORMSDIST(3*X42)+NORMSDIST(6*S42-3*X42)-1)) | Z42: =IF($Q42="","",IF(F42="Tolerance",IF(($E42*3*R42+Q42)-G42<H42,"",($E42*3*R42+Q42)-G42),IF(OR(F42="GD&T",F42="MAX"),IF(($E42*3*R42+Q42)<H42,"",($E42*3*R42+Q42)),""))) | AA42: =IF(Q42="","",IF(F42="Tolerance",IF(-(($E42*3*R42)-Q42)-G42>I42,"",-(($E42*3*R42)-Q42)-G42),IF(F42="MIN",IF(-(($E42*3*R42)-Q42)>I42,"",-(($E42*3*R42)-Q42)),""))) | AB42: =IF(OR(G42="",Q42=""),"",(L42+M42)/2-Q42) | AC42: =IF(OR($S42>$AC$9,$R42=""),"",$AC$9*6*$R42) | AE42: =IF(AD42="","",IF(AD42>=0.966,"Normal","Not Normal"))
A43: 58 | B43: 22-S4 | C43: CC | D43: Distance | F43: Tolerance | G43: 0.275 | H43: 0.03 | I43: -0.03 | J43: OMM | K43: NO | L43: =IF(AND(G43="",H43=""),"",IF(G43="",H43,G43+H43)) -> 0.305 | M43: =IF(AND(G43="",I43=""),"",IF(G43="",I43,G43+I43)) -> 0.245 | O43: =IF(OR($AK43="",ISNUMBER($AK43)=FALSE),"",MAX(AK43:AN43)) | P43: =IF(OR($AK43="",ISNUMBER($AK43)=FALSE),"",MIN(AK43:AN43)) | Q43: =IF(OR($AK43="",ISNUMBER($AK43)=FALSE),"",AVERAGE(AK43:AN43)) | R43: =IF(OR($AK43="",ISNUMBER($AK43)=FALSE),"",STDEV(AK43:AN43)) | S43: =IF(OR($AK43="",ISNUMBER($AK43)=FALSE),"",IF(AND(G43="",I43=""),V43,IF(AND(G43="",H43=""),W43,(H43+ABS(I43))/(6*R43)))) | T43: =IF(OR($AK43="",ISNUMBER($AK43)=FALSE),"",IF(AND($F43="Tolerance",$G43<>""),($Q43-$G43)/(($L43-$M43)/2),IF(AND($F43="GD&T",$H43<>""),$Q43/$H43,""))) | U43: =IF($T43="","",IF(ABS($T43)<=0.125, "Level A",IF(AND(ABS($T43)>0.125,ABS($T43)<=0.25), "Level B",IF(AND(ABS($T43)>0.25,ABS($T43)<=0.5), "Level C", IF(ABS($T43)>0.5, "Level D"))))) | V43: =IF(OR($AK43="",ISNUMBER($AK43)=FALSE),"",IF(H43="","",(L43-Q43)/(3*R43))) | W43: =IF(OR($AK43="",ISNUMBER($AK43)=FALSE),"",IF(I43="","",(Q43-M43)/(3*R43))) | X43: =IF(OR($AK43="",ISNUMBER($AK43)=FALSE),"",IF(AND(G43=0,I43=0),((H43)-(Q43))/(3*R43),MIN(V43:W43))) | Y43: =IF(OR($AK43="",ISNUMBER($AK43)=FALSE),"",IF(AND(G43=0,I43=0),NORMSDIST(3*X43),NORMSDIST(3*X43)+NORMSDIST(6*S43-3*X43)-1)) | Z43: =IF($Q43="","",IF(F43="Tolerance",IF(($E43*3*R43+Q43)-G43<H43,"",($E43*3*R43+Q43)-G43),IF(OR(F43="GD&T",F43="MAX"),IF(($E43*3*R43+Q43)<H43,"",($E43*3*R43+Q43)),""))) | AA43: =IF(Q43="","",IF(F43="Tolerance",IF(-(($E43*3*R43)-Q43)-G43>I43,"",-(($E43*3*R43)-Q43)-G43),IF(F43="MIN",IF(-(($E43*3*R43)-Q43)>I43,"",-(($E43*3*R43)-Q43)),""))) | AB43: =IF(OR(G43="",Q43=""),"",(L43+M43)/2-Q43) | AC43: =IF(OR($S43>$AC$9,$R43=""),"",$AC$9*6*$R43) | AE43: =IF(AD43="","",IF(AD43>=0.966,"Normal","Not Normal"))
A44: 59 | B44: 22-S5 | C44: CC | D44: Distance | F44: Tolerance | G44: 0.275 | H44: 0.03 | I44: -0.03 | J44: OMM | K44: NO | L44: =IF(AND(G44="",H44=""),"",IF(G44="",H44,G44+H44)) -> 0.305 | M44: =IF(AND(G44="",I44=""),"",IF(G44="",I44,G44+I44)) -> 0.245 | O44: =IF(OR($AK44="",ISNUMBER($AK44)=FALSE),"",MAX(AK44:AN44)) | P44: =IF(OR($AK44="",ISNUMBER($AK44)=FALSE),"",MIN(AK44:AN44)) | Q44: =IF(OR($AK44="",ISNUMBER($AK44)=FALSE),"",AVERAGE(AK44:AN44)) | R44: =IF(OR($AK44="",ISNUMBER($AK44)=FALSE),"",STDEV(AK44:AN44)) | S44: =IF(OR($AK44="",ISNUMBER($AK44)=FALSE),"",IF(AND(G44="",I44=""),V44,IF(AND(G44="",H44=""),W44,(H44+ABS(I44))/(6*R44)))) | T44: =IF(OR($AK44="",ISNUMBER($AK44)=FALSE),"",IF(AND($F44="Tolerance",$G44<>""),($Q44-$G44)/(($L44-$M44)/2),IF(AND($F44="GD&T",$H44<>""),$Q44/$H44,""))) | U44: =IF($T44="","",IF(ABS($T44)<=0.125, "Level A",IF(AND(ABS($T44)>0.125,ABS($T44)<=0.25), "Level B",IF(AND(ABS($T44)>0.25,ABS($T44)<=0.5), "Level C", IF(ABS($T44)>0.5, "Level D"))))) | V44: =IF(OR($AK44="",ISNUMBER($AK44)=FALSE),"",IF(H44="","",(L44-Q44)/(3*R44))) | W44: =IF(OR($AK44="",ISNUMBER($AK44)=FALSE),"",IF(I44="","",(Q44-M44)/(3*R44))) | X44: =IF(OR($AK44="",ISNUMBER($AK44)=FALSE),"",IF(AND(G44=0,I44=0),((H44)-(Q44))/(3*R44),MIN(V44:W44))) | Y44: =IF(OR($AK44="",ISNUMBER($AK44)=FALSE),"",IF(AND(G44=0,I44=0),NORMSDIST(3*X44),NORMSDIST(3*X44)+NORMSDIST(6*S44-3*X44)-1)) | Z44: =IF($Q44="","",IF(F44="Tolerance",IF(($E44*3*R44+Q44)-G44<H44,"",($E44*3*R44+Q44)-G44),IF(OR(F44="GD&T",F44="MAX"),IF(($E44*3*R44+Q44)<H44,"",($E44*3*R44+Q44)),""))) | AA44: =IF(Q44="","",IF(F44="Tolerance",IF(-(($E44*3*R44)-Q44)-G44>I44,"",-(($E44*3*R44)-Q44)-G44),IF(F44="MIN",IF(-(($E44*3*R44)-Q44)>I44,"",-(($E44*3*R44)-Q44)),""))) | AB44: =IF(OR(G44="",Q44=""),"",(L44+M44)/2-Q44) | AC44: =IF(OR($S44>$AC$9,$R44=""),"",$AC$9*6*$R44) | AE44: =IF(AD44="","",IF(AD44>=0.966,"Normal","Not Normal"))
A45: 60 | B45: 23-S6 | C45: CD | D45: Distance | F45: Tolerance | G45: 0.275 | H45: 0.015 | I45: -0.015 | J45: OMM | K45: NO | L45: =IF(AND(G45="",H45=""),"",IF(G45="",H45,G45+H45)) -> 0.29 | M45: =IF(AND(G45="",I45=""),"",IF(G45="",I45,G45+I45)) -> 0.26 | O45: =IF(OR($AK45="",ISNUMBER($AK45)=FALSE),"",MAX(AK45:AN45)) | P45: =IF(OR($AK45="",ISNUMBER($AK45)=FALSE),"",MIN(AK45:AN45)) | Q45: =IF(OR($AK45="",ISNUMBER($AK45)=FALSE),"",AVERAGE(AK45:AN45)) | R45: =IF(OR($AK45="",ISNUMBER($AK45)=FALSE),"",STDEV(AK45:AN45)) | S45: =IF(OR($AK45="",ISNUMBER($AK45)=FALSE),"",IF(AND(G45="",I45=""),V45,IF(AND(G45="",H45=""),W45,(H45+ABS(I45))/(6*R45)))) | T45: =IF(OR($AK45="",ISNUMBER($AK45)=FALSE),"",IF(AND($F45="Tolerance",$G45<>""),($Q45-$G45)/(($L45-$M45)/2),IF(AND($F45="GD&T",$H45<>""),$Q45/$H45,""))) | U45: =IF($T45="","",IF(ABS($T45)<=0.125, "Level A",IF(AND(ABS($T45)>0.125,ABS($T45)<=0.25), "Level B",IF(AND(ABS($T45)>0.25,ABS($T45)<=0.5), "Level C", IF(ABS($T45)>0.5, "Level D"))))) | V45: =IF(OR($AK45="",ISNUMBER($AK45)=FALSE),"",IF(H45="","",(L45-Q45)/(3*R45))) | W45: =IF(OR($AK45="",ISNUMBER($AK45)=FALSE),"",IF(I45="","",(Q45-M45)/(3*R45))) | X45: =IF(OR($AK45="",ISNUMBER($AK45)=FALSE),"",IF(AND(G45=0,I45=0),((H45)-(Q45))/(3*R45),MIN(V45:W45))) | Y45: =IF(OR($AK45="",ISNUMBER($AK45)=FALSE),"",IF(AND(G45=0,I45=0),NORMSDIST(3*X45),NORMSDIST(3*X45)+NORMSDIST(6*S45-3*X45)-1)) | Z45: =IF($Q45="","",IF(F45="Tolerance",IF(($E45*3*R45+Q45)-G45<H45,"",($E45*3*R45+Q45)-G45),IF(OR(F45="GD&T",F45="MAX"),IF(($E45*3*R45+Q45)<H45,"",($E45*3*R45+Q45)),""))) | AA45: =IF(Q45="","",IF(F45="Tolerance",IF(-(($E45*3*R45)-Q45)-G45>I45,"",-(($E45*3*R45)-Q45)-G45),IF(F45="MIN",IF(-(($E45*3*R45)-Q45)>I45,"",-(($E45*3*R45)-Q45)),""))) | AB45: =IF(OR(G45="",Q45=""),"",(L45+M45)/2-Q45) | AC45: =IF(OR($S45>$AC$9,$R45=""),"",$AC$9*6*$R45) | AE45: =IF(AD45="","",IF(AD45>=0.966,"Normal","Not Normal"))
A46: 61 | B46: 23-S7 | C46: CD | D46: Distance | F46: Tolerance | G46: 0.275 | H46: 0.015 | I46: -0.015 | J46: OMM | K46: NO | L46: =IF(AND(G46="",H46=""),"",IF(G46="",H46,G46+H46)) -> 0.29 | M46: =IF(AND(G46="",I46=""),"",IF(G46="",I46,G46+I46)) -> 0.26 | O46: =IF(OR($AK46="",ISNUMBER($AK46)=FALSE),"",MAX(AK46:AN46)) | P46: =IF(OR($AK46="",ISNUMBER($AK46)=FALSE),"",MIN(AK46:AN46)) | Q46: =IF(OR($AK46="",ISNUMBER($AK46)=FALSE),"",AVERAGE(AK46:AN46)) | R46: =IF(OR($AK46="",ISNUMBER($AK46)=FALSE),"",STDEV(AK46:AN46)) | S46: =IF(OR($AK46="",ISNUMBER($AK46)=FALSE),"",IF(AND(G46="",I46=""),V46,IF(AND(G46="",H46=""),W46,(H46+ABS(I46))/(6*R46)))) | T46: =IF(OR($AK46="",ISNUMBER($AK46)=FALSE),"",IF(AND($F46="Tolerance",$G46<>""),($Q46-$G46)/(($L46-$M46)/2),IF(AND($F46="GD&T",$H46<>""),$Q46/$H46,""))) | U46: =IF($T46="","",IF(ABS($T46)<=0.125, "Level A",IF(AND(ABS($T46)>0.125,ABS($T46)<=0.25), "Level B",IF(AND(ABS($T46)>0.25,ABS($T46)<=0.5), "Level C", IF(ABS($T46)>0.5, "Level D"))))) | V46: =IF(OR($AK46="",ISNUMBER($AK46)=FALSE),"",IF(H46="","",(L46-Q46)/(3*R46))) | W46: =IF(OR($AK46="",ISNUMBER($AK46)=FALSE),"",IF(I46="","",(Q46-M46)/(3*R46))) | X46: =IF(OR($AK46="",ISNUMBER($AK46)=FALSE),"",IF(AND(G46=0,I46=0),((H46)-(Q46))/(3*R46),MIN(V46:W46))) | Y46: =IF(OR($AK46="",ISNUMBER($AK46)=FALSE),"",IF(AND(G46=0,I46=0),NORMSDIST(3*X46),NORMSDIST(3*X46)+NORMSDIST(6*S46-3*X46)-1)) | Z46: =IF($Q46="","",IF(F46="Tolerance",IF(($E46*3*R46+Q46)-G46<H46,"",($E46*3*R46+Q46)-G46),IF(OR(F46="GD&T",F46="MAX"),IF(($E46*3*R46+Q46)<H46,"",($E46*3*R46+Q46)),""))) | AA46: =IF(Q46="","",IF(F46="Tolerance",IF(-(($E46*3*R46)-Q46)-G46>I46,"",-(($E46*3*R46)-Q46)-G46),IF(F46="MIN",IF(-(($E46*3*R46)-Q46)>I46,"",-(($E46*3*R46)-Q46)),""))) | AB46: =IF(OR(G46="",Q46=""),"",(L46+M46)/2-Q46) | AC46: =IF(OR($S46>$AC$9,$R46=""),"",$AC$9*6*$R46) | AE46: =IF(AD46="","",IF(AD46>=0.966,"Normal","Not Normal"))
A47: 64 | B47: 25 | D47: Distance | F47: Tolerance | G47: 1.818 | H47: 0.03 | I47: -0.03 | J47: OMM | K47: NO | L47: =IF(AND(G47="",H47=""),"",IF(G47="",H47,G47+H47)) -> 1.848 | M47: =IF(AND(G47="",I47=""),"",IF(G47="",I47,G47+I47)) -> 1.788 | O47: =IF(OR($AK47="",ISNUMBER($AK47)=FALSE),"",MAX(AK47:AN47)) | P47: =IF(OR($AK47="",ISNUMBER($AK47)=FALSE),"",MIN(AK47:AN47)) | Q47: =IF(OR($AK47="",ISNUMBER($AK47)=FALSE),"",AVERAGE(AK47:AN47)) | R47: =IF(OR($AK47="",ISNUMBER($AK47)=FALSE),"",STDEV(AK47:AN47)) | S47: =IF(OR($AK47="",ISNUMBER($AK47)=FALSE),"",IF(AND(G47="",I47=""),V47,IF(AND(G47="",H47=""),W47,(H47+ABS(I47))/(6*R47)))) | T47: =IF(OR($AK47="",ISNUMBER($AK47)=FALSE),"",IF(AND($F47="Tolerance",$G47<>""),($Q47-$G47)/(($L47-$M47)/2),IF(AND($F47="GD&T",$H47<>""),$Q47/$H47,""))) | U47: =IF($T47="","",IF(ABS($T47)<=0.125, "Level A",IF(AND(ABS($T47)>0.125,ABS($T47)<=0.25), "Level B",IF(AND(ABS($T47)>0.25,ABS($T47)<=0.5), "Level C", IF(ABS($T47)>0.5, "Level D"))))) | V47: =IF(OR($AK47="",ISNUMBER($AK47)=FALSE),"",IF(H47="","",(L47-Q47)/(3*R47))) | W47: =IF(OR($AK47="",ISNUMBER($AK47)=FALSE),"",IF(I47="","",(Q47-M47)/(3*R47))) | X47: =IF(OR($AK47="",ISNUMBER($AK47)=FALSE),"",IF(AND(G47=0,I47=0),((H47)-(Q47))/(3*R47),MIN(V47:W47))) | Y47: =IF(OR($AK47="",ISNUMBER($AK47)=FALSE),"",IF(AND(G47=0,I47=0),NORMSDIST(3*X47),NORMSDIST(3*X47)+NORMSDIST(6*S47-3*X47)-1)) | Z47: =IF($Q47="","",IF(F47="Tolerance",IF(($E47*3*R47+Q47)-G47<H47,"",($E47*3*R47+Q47)-G47),IF(OR(F47="GD&T",F47="MAX"),IF(($E47*3*R47+Q47)<H47,"",($E47*3*R47+Q47)),""))) | AA47: =IF(Q47="","",IF(F47="Tolerance",IF(-(($E47*3*R47)-Q47)-G47>I47,"",-(($E47*3*R47)-Q47)-G47),IF(F47="MIN",IF(-(($E47*3*R47)-Q47)>I47,"",-(($E47*3*R47)-Q47)),""))) | AB47: =IF(OR(G47="",Q47=""),"",(L47+M47)/2-Q47) | AC47: =IF(OR($S47>$AC$9,$R47=""),"",$AC$9*6*$R47) | AE47: =IF(AD47="","",IF(AD47>=0.966,"Normal","Not Normal"))
A48: 66 | B48: 26 | D48: Distance | F48: Tolerance | G48: 5.927 | H48: 0.03 | I48: -0.03 | J48: OMM | K48: NO | L48: =IF(AND(G48="",H48=""),"",IF(G48="",H48,G48+H48)) -> 5.957 | M48: =IF(AND(G48="",I48=""),"",IF(G48="",I48,G48+I48)) -> 5.897 | O48: =IF(OR($AK48="",ISNUMBER($AK48)=FALSE),"",MAX(AK48:AN48)) | P48: =IF(OR($AK48="",ISNUMBER($AK48)=FALSE),"",MIN(AK48:AN48)) | Q48: =IF(OR($AK48="",ISNUMBER($AK48)=FALSE),"",AVERAGE(AK48:AN48)) | R48: =IF(OR($AK48="",ISNUMBER($AK48)=FALSE),"",STDEV(AK48:AN48)) | S48: =IF(OR($AK48="",ISNUMBER($AK48)=FALSE),"",IF(AND(G48="",I48=""),V48,IF(AND(G48="",H48=""),W48,(H48+ABS(I48))/(6*R48)))) | T48: =IF(OR($AK48="",ISNUMBER($AK48)=FALSE),"",IF(AND($F48="Tolerance",$G48<>""),($Q48-$G48)/(($L48-$M48)/2),IF(AND($F48="GD&T",$H48<>""),$Q48/$H48,""))) | U48: =IF($T48="","",IF(ABS($T48)<=0.125, "Level A",IF(AND(ABS($T48)>0.125,ABS($T48)<=0.25), "Level B",IF(AND(ABS($T48)>0.25,ABS($T48)<=0.5), "Level C", IF(ABS($T48)>0.5, "Level D"))))) | V48: =IF(OR($AK48="",ISNUMBER($AK48)=FALSE),"",IF(H48="","",(L48-Q48)/(3*R48))) | W48: =IF(OR($AK48="",ISNUMBER($AK48)=FALSE),"",IF(I48="","",(Q48-M48)/(3*R48))) | X48: =IF(OR($AK48="",ISNUMBER($AK48)=FALSE),"",IF(AND(G48=0,I48=0),((H48)-(Q48))/(3*R48),MIN(V48:W48))) | Y48: =IF(OR($AK48="",ISNUMBER($AK48)=FALSE),"",IF(AND(G48=0,I48=0),NORMSDIST(3*X48),NORMSDIST(3*X48)+NORMSDIST(6*S48-3*X48)-1)) | Z48: =IF($Q48="","",IF(F48="Tolerance",IF(($E48*3*R48+Q48)-G48<H48,"",($E48*3*R48+Q48)-G48),IF(OR(F48="GD&T",F48="MAX"),IF(($E48*3*R48+Q48)<H48,"",($E48*3*R48+Q48)),""))) | AA48: =IF(Q48="","",IF(F48="Tolerance",IF(-(($E48*3*R48)-Q48)-G48>I48,"",-(($E48*3*R48)-Q48)-G48),IF(F48="MIN",IF(-(($E48*3*R48)-Q48)>I48,"",-(($E48*3*R48)-Q48)),""))) | AB48: =IF(OR(G48="",Q48=""),"",(L48+M48)/2-Q48) | AC48: =IF(OR($S48>$AC$9,$R48=""),"",$AC$9*6*$R48) | AE48: =IF(AD48="","",IF(AD48>=0.966,"Normal","Not Normal"))
A49: 67 | B49: 27-P1 | C49: Z | D49: Distance | E49: 1.33 | F49: Tolerance | G49: 8.372 | H49: 0.03 | I49: -0.03 | J49: OMM | K49: NO | L49: =IF(AND(G49="",H49=""),"",IF(G49="",H49,G49+H49)) -> 8.402 | M49: =IF(AND(G49="",I49=""),"",IF(G49="",I49,G49+I49)) -> 8.342 | O49: =IF(OR($AK49="",ISNUMBER($AK49)=FALSE),"",MAX(AK49:AN49)) | P49: =IF(OR($AK49="",ISNUMBER($AK49)=FALSE),"",MIN(AK49:AN49)) | Q49: =IF(OR($AK49="",ISNUMBER($AK49)=FALSE),"",AVERAGE(AK49:AN49)) | R49: =IF(OR($AK49="",ISNUMBER($AK49)=FALSE),"",STDEV(AK49:AN49)) | S49: =IF(OR($AK49="",ISNUMBER($AK49)=FALSE),"",IF(AND(G49="",I49=""),V49,IF(AND(G49="",H49=""),W49,(H49+ABS(I49))/(6*R49)))) | T49: =IF(OR($AK49="",ISNUMBER($AK49)=FALSE),"",IF(AND($F49="Tolerance",$G49<>""),($Q49-$G49)/(($L49-$M49)/2),IF(AND($F49="GD&T",$H49<>""),$Q49/$H49,""))) | U49: =IF($T49="","",IF(ABS($T49)<=0.125, "Level A",IF(AND(ABS($T49)>0.125,ABS($T49)<=0.25), "Level B",IF(AND(ABS($T49)>0.25,ABS($T49)<=0.5), "Level C", IF(ABS($T49)>0.5, "Level D"))))) | V49: =IF(OR($AK49="",ISNUMBER($AK49)=FALSE),"",IF(H49="","",(L49-Q49)/(3*R49))) | W49: =IF(OR($AK49="",ISNUMBER($AK49)=FALSE),"",IF(I49="","",(Q49-M49)/(3*R49))) | X49: =IF(OR($AK49="",ISNUMBER($AK49)=FALSE),"",IF(AND(G49=0,I49=0),((H49)-(Q49))/(3*R49),MIN(V49:W49))) | Y49: =IF(OR($AK49="",ISNUMBER($AK49)=FALSE),"",IF(AND(G49=0,I49=0),NORMSDIST(3*X49),NORMSDIST(3*X49)+NORMSDIST(6*S49-3*X49)-1)) | Z49: =IF($Q49="","",IF(F49="Tolerance",IF(($E49*3*R49+Q49)-G49<H49,"",($E49*3*R49+Q49)-G49),IF(OR(F49="GD&T",F49="MAX"),IF(($E49*3*R49+Q49)<H49,"",($E49*3*R49+Q49)),""))) | AA49: =IF(Q49="","",IF(F49="Tolerance",IF(-(($E49*3*R49)-Q49)-G49>I49,"",-(($E49*3*R49)-Q49)-G49),IF(F49="MIN",IF(-(($E49*3*R49)-Q49)>I49,"",-(($E49*3*R49)-Q49)),""))) | AB49: =IF(OR(G49="",Q49=""),"",(L49+M49)/2-Q49) | AC49: =IF(OR($S49>$AC$9,$R49=""),"",$AC$9*6*$R49) | AE49: =IF(AD49="","",IF(AD49>=0.966,"Normal","Not Normal"))
A50: 68 | B50: 27-P2 | C50: Z | D50: Distance | E50: 1.33 | F50: Tolerance | G50: 8.372 | H50: 0.03 | I50: -0.03 | J50: OMM | K50: NO | L50: =IF(AND(G50="",H50=""),"",IF(G50="",H50,G50+H50)) -> 8.402 | M50: =IF(AND(G50="",I50=""),"",IF(G50="",I50,G50+I50)) -> 8.342 | O50: =IF(OR($AK50="",ISNUMBER($AK50)=FALSE),"",MAX(AK50:AN50)) | P50: =IF(OR($AK50="",ISNUMBER($AK50)=FALSE),"",MIN(AK50:AN50)) | Q50: =IF(OR($AK50="",ISNUMBER($AK50)=FALSE),"",AVERAGE(AK50:AN50)) | R50: =IF(OR($AK50="",ISNUMBER($AK50)=FALSE),"",STDEV(AK50:AN50)) | S50: =IF(OR($AK50="",ISNUMBER($AK50)=FALSE),"",IF(AND(G50="",I50=""),V50,IF(AND(G50="",H50=""),W50,(H50+ABS(I50))/(6*R50)))) | T50: =IF(OR($AK50="",ISNUMBER($AK50)=FALSE),"",IF(AND($F50="Tolerance",$G50<>""),($Q50-$G50)/(($L50-$M50)/2),IF(AND($F50="GD&T",$H50<>""),$Q50/$H50,""))) | U50: =IF($T50="","",IF(ABS($T50)<=0.125, "Level A",IF(AND(ABS($T50)>0.125,ABS($T50)<=0.25), "Level B",IF(AND(ABS($T50)>0.25,ABS($T50)<=0.5), "Level C", IF(ABS($T50)>0.5, "Level D"))))) | V50: =IF(OR($AK50="",ISNUMBER($AK50)=FALSE),"",IF(H50="","",(L50-Q50)/(3*R50))) | W50: =IF(OR($AK50="",ISNUMBER($AK50)=FALSE),"",IF(I50="","",(Q50-M50)/(3*R50))) | X50: =IF(OR($AK50="",ISNUMBER($AK50)=FALSE),"",IF(AND(G50=0,I50=0),((H50)-(Q50))/(3*R50),MIN(V50:W50))) | Y50: =IF(OR($AK50="",ISNUMBER($AK50)=FALSE),"",IF(AND(G50=0,I50=0),NORMSDIST(3*X50),NORMSDIST(3*X50)+NORMSDIST(6*S50-3*X50)-1)) | Z50: =IF($Q50="","",IF(F50="Tolerance",IF(($E50*3*R50+Q50)-G50<H50,"",($E50*3*R50+Q50)-G50),IF(OR(F50="GD&T",F50="MAX"),IF(($E50*3*R50+Q50)<H50,"",($E50*3*R50+Q50)),""))) | AA50: =IF(Q50="","",IF(F50="Tolerance",IF(-(($E50*3*R50)-Q50)-G50>I50,"",-(($E50*3*R50)-Q50)-G50),IF(F50="MIN",IF(-(($E50*3*R50)-Q50)>I50,"",-(($E50*3*R50)-Q50)),""))) | AB50: =IF(OR(G50="",Q50=""),"",(L50+M50)/2-Q50) | AC50: =IF(OR($S50>$AC$9,$R50=""),"",$AC$9*6*$R50) | AE50: =IF(AD50="","",IF(AD50>=0.966,"Normal","Not Normal"))
A51: 69 | B51: 28-P1 | D51: Distance | F51: Tolerance | G51: 20.185 | H51: 0.03 | I51: -0.03 | J51: OMM | K51: NO | L51: =IF(AND(G51="",H51=""),"",IF(G51="",H51,G51+H51)) -> 20.215 | M51: =IF(AND(G51="",I51=""),"",IF(G51="",I51,G51+I51)) -> 20.155 | O51: =IF(OR($AK51="",ISNUMBER($AK51)=FALSE),"",MAX(AK51:AN51)) | P51: =IF(OR($AK51="",ISNUMBER($AK51)=FALSE),"",MIN(AK51:AN51)) | Q51: =IF(OR($AK51="",ISNUMBER($AK51)=FALSE),"",AVERAGE(AK51:AN51)) | R51: =IF(OR($AK51="",ISNUMBER($AK51)=FALSE),"",STDEV(AK51:AN51)) | S51: =IF(OR($AK51="",ISNUMBER($AK51)=FALSE),"",IF(AND(G51="",I51=""),V51,IF(AND(G51="",H51=""),W51,(H51+ABS(I51))/(6*R51)))) | T51: =IF(OR($AK51="",ISNUMBER($AK51)=FALSE),"",IF(AND($F51="Tolerance",$G51<>""),($Q51-$G51)/(($L51-$M51)/2),IF(AND($F51="GD&T",$H51<>""),$Q51/$H51,""))) | U51: =IF($T51="","",IF(ABS($T51)<=0.125, "Level A",IF(AND(ABS($T51)>0.125,ABS($T51)<=0.25), "Level B",IF(AND(ABS($T51)>0.25,ABS($T51)<=0.5), "Level C", IF(ABS($T51)>0.5, "Level D"))))) | V51: =IF(OR($AK51="",ISNUMBER($AK51)=FALSE),"",IF(H51="","",(L51-Q51)/(3*R51))) | W51: =IF(OR($AK51="",ISNUMBER($AK51)=FALSE),"",IF(I51="","",(Q51-M51)/(3*R51))) | X51: =IF(OR($AK51="",ISNUMBER($AK51)=FALSE),"",IF(AND(G51=0,I51=0),((H51)-(Q51))/(3*R51),MIN(V51:W51))) | Y51: =IF(OR($AK51="",ISNUMBER($AK51)=FALSE),"",IF(AND(G51=0,I51=0),NORMSDIST(3*X51),NORMSDIST(3*X51)+NORMSDIST(6*S51-3*X51)-1)) | Z51: =IF($Q51="","",IF(F51="Tolerance",IF(($E51*3*R51+Q51)-G51<H51,"",($E51*3*R51+Q51)-G51),IF(OR(F51="GD&T",F51="MAX"),IF(($E51*3*R51+Q51)<H51,"",($E51*3*R51+Q51)),""))) | AA51: =IF(Q51="","",IF(F51="Tolerance",IF(-(($E51*3*R51)-Q51)-G51>I51,"",-(($E51*3*R51)-Q51)-G51),IF(F51="MIN",IF(-(($E51*3*R51)-Q51)>I51,"",-(($E51*3*R51)-Q51)),""))) | AB51: =IF(OR(G51="",Q51=""),"",(L51+M51)/2-Q51) | AC51: =IF(OR($S51>$AC$9,$R51=""),"",$AC$9*6*$R51) | AE51: =IF(AD51="","",IF(AD51>=0.966,"Normal","Not Normal"))
A52: 70 | B52: 28-P2 | D52: Distance | F52: Tolerance | G52: 20.185 | H52: 0.03 | I52: -0.03 | J52: OMM | K52: NO | L52: =IF(AND(G52="",H52=""),"",IF(G52="",H52,G52+H52)) -> 20.215 | M52: =IF(AND(G52="",I52=""),"",IF(G52="",I52,G52+I52)) -> 20.155 | O52: =IF(OR($AK52="",ISNUMBER($AK52)=FALSE),"",MAX(AK52:AN52)) | P52: =IF(OR($AK52="",ISNUMBER($AK52)=FALSE),"",MIN(AK52:AN52)) | Q52: =IF(OR($AK52="",ISNUMBER($AK52)=FALSE),"",AVERAGE(AK52:AN52)) | R52: =IF(OR($AK52="",ISNUMBER($AK52)=FALSE),"",STDEV(AK52:AN52)) | S52: =IF(OR($AK52="",ISNUMBER($AK52)=FALSE),"",IF(AND(G52="",I52=""),V52,IF(AND(G52="",H52=""),W52,(H52+ABS(I52))/(6*R52)))) | T52: =IF(OR($AK52="",ISNUMBER($AK52)=FALSE),"",IF(AND($F52="Tolerance",$G52<>""),($Q52-$G52)/(($L52-$M52)/2),IF(AND($F52="GD&T",$H52<>""),$Q52/$H52,""))) | U52: =IF($T52="","",IF(ABS($T52)<=0.125, "Level A",IF(AND(ABS($T52)>0.125,ABS($T52)<=0.25), "Level B",IF(AND(ABS($T52)>0.25,ABS($T52)<=0.5), "Level C", IF(ABS($T52)>0.5, "Level D"))))) | V52: =IF(OR($AK52="",ISNUMBER($AK52)=FALSE),"",IF(H52="","",(L52-Q52)/(3*R52))) | W52: =IF(OR($AK52="",ISNUMBER($AK52)=FALSE),"",IF(I52="","",(Q52-M52)/(3*R52))) | X52: =IF(OR($AK52="",ISNUMBER($AK52)=FALSE),"",IF(AND(G52=0,I52=0),((H52)-(Q52))/(3*R52),MIN(V52:W52))) | Y52: =IF(OR($AK52="",ISNUMBER($AK52)=FALSE),"",IF(AND(G52=0,I52=0),NORMSDIST(3*X52),NORMSDIST(3*X52)+NORMSDIST(6*S52-3*X52)-1)) | Z52: =IF($Q52="","",IF(F52="Tolerance",IF(($E52*3*R52+Q52)-G52<H52,"",($E52*3*R52+Q52)-G52),IF(OR(F52="GD&T",F52="MAX"),IF(($E52*3*R52+Q52)<H52,"",($E52*3*R52+Q52)),""))) | AA52: =IF(Q52="","",IF(F52="Tolerance",IF(-(($E52*3*R52)-Q52)-G52>I52,"",-(($E52*3*R52)-Q52)-G52),IF(F52="MIN",IF(-(($E52*3*R52)-Q52)>I52,"",-(($E52*3*R52)-Q52)),""))) | AB52: =IF(OR(G52="",Q52=""),"",(L52+M52)/2-Q52) | AC52: =IF(OR($S52>$AC$9,$R52=""),"",$AC$9*6*$R52) | AE52: =IF(AD52="","",IF(AD52>=0.966,"Normal","Not Normal"))
A53: 71 | B53: 29 | C53: AF | D53: Distance | E53: 1.33 | F53: Tolerance | G53: 9.682 | H53: 0.03 | I53: -0.03 | J53: OMM | K53: NO | L53: =IF(AND(G53="",H53=""),"",IF(G53="",H53,G53+H53)) -> 9.712 | M53: =IF(AND(G53="",I53=""),"",IF(G53="",I53,G53+I53)) -> 9.652 | O53: =IF(OR($AK53="",ISNUMBER($AK53)=FALSE),"",MAX(AK53:AN53)) | P53: =IF(OR($AK53="",ISNUMBER($AK53)=FALSE),"",MIN(AK53:AN53)) | Q53: =IF(OR($AK53="",ISNUMBER($AK53)=FALSE),"",AVERAGE(AK53:AN53)) | R53: =IF(OR($AK53="",ISNUMBER($AK53)=FALSE),"",STDEV(AK53:AN53)) | S53: =IF(OR($AK53="",ISNUMBER($AK53)=FALSE),"",IF(AND(G53="",I53=""),V53,IF(AND(G53="",H53=""),W53,(H53+ABS(I53))/(6*R53)))) | T53: =IF(OR($AK53="",ISNUMBER($AK53)=FALSE),"",IF(AND($F53="Tolerance",$G53<>""),($Q53-$G53)/(($L53-$M53)/2),IF(AND($F53="GD&T",$H53<>""),$Q53/$H53,""))) | U53: =IF($T53="","",IF(ABS($T53)<=0.125, "Level A",IF(AND(ABS($T53)>0.125,ABS($T53)<=0.25), "Level B",IF(AND(ABS($T53)>0.25,ABS($T53)<=0.5), "Level C", IF(ABS($T53)>0.5, "Level D"))))) | V53: =IF(OR($AK53="",ISNUMBER($AK53)=FALSE),"",IF(H53="","",(L53-Q53)/(3*R53))) | W53: =IF(OR($AK53="",ISNUMBER($AK53)=FALSE),"",IF(I53="","",(Q53-M53)/(3*R53))) | X53: =IF(OR($AK53="",ISNUMBER($AK53)=FALSE),"",IF(AND(G53=0,I53=0),((H53)-(Q53))/(3*R53),MIN(V53:W53))) | Y53: =IF(OR($AK53="",ISNUMBER($AK53)=FALSE),"",IF(AND(G53=0,I53=0),NORMSDIST(3*X53),NORMSDIST(3*X53)+NORMSDIST(6*S53-3*X53)-1)) | Z53: =IF($Q53="","",IF(F53="Tolerance",IF(($E53*3*R53+Q53)-G53<H53,"",($E53*3*R53+Q53)-G53),IF(OR(F53="GD&T",F53="MAX"),IF(($E53*3*R53+Q53)<H53,"",($E53*3*R53+Q53)),""))) | AA53: =IF(Q53="","",IF(F53="Tolerance",IF(-(($E53*3*R53)-Q53)-G53>I53,"",-(($E53*3*R53)-Q53)-G53),IF(F53="MIN",IF(-(($E53*3*R53)-Q53)>I53,"",-(($E53*3*R53)-Q53)),""))) | AB53: =IF(OR(G53="",Q53=""),"",(L53+M53)/2-Q53) | AC53: =IF(OR($S53>$AC$9,$R53=""),"",$AC$9*6*$R53) | AE53: =IF(AD53="","",IF(AD53>=0.966,"Normal","Not Normal"))
A54: 78 | B54: 30 | C54: T | D54: Distance | E54: 1.33 | F54: Tolerance | G54: 24.37 | H54: 0.03 | I54: -0.03 | J54: OMM | K54: NO | L54: =IF(AND(G54="",H54=""),"",IF(G54="",H54,G54+H54)) -> 24.4 | M54: =IF(AND(G54="",I54=""),"",IF(G54="",I54,G54+I54)) -> 24.34 | O54: =IF(OR($AK54="",ISNUMBER($AK54)=FALSE),"",MAX(AK54:AN54)) | P54: =IF(OR($AK54="",ISNUMBER($AK54)=FALSE),"",MIN(AK54:AN54)) | Q54: =IF(OR($AK54="",ISNUMBER($AK54)=FALSE),"",AVERAGE(AK54:AN54)) | R54: =IF(OR($AK54="",ISNUMBER($AK54)=FALSE),"",STDEV(AK54:AN54)) | S54: =IF(OR($AK54="",ISNUMBER($AK54)=FALSE),"",IF(AND(G54="",I54=""),V54,IF(AND(G54="",H54=""),W54,(H54+ABS(I54))/(6*R54)))) | T54: =IF(OR($AK54="",ISNUMBER($AK54)=FALSE),"",IF(AND($F54="Tolerance",$G54<>""),($Q54-$G54)/(($L54-$M54)/2),IF(AND($F54="GD&T",$H54<>""),$Q54/$H54,""))) | U54: =IF($T54="","",IF(ABS($T54)<=0.125, "Level A",IF(AND(ABS($T54)>0.125,ABS($T54)<=0.25), "Level B",IF(AND(ABS($T54)>0.25,ABS($T54)<=0.5), "Level C", IF(ABS($T54)>0.5, "Level D"))))) | V54: =IF(OR($AK54="",ISNUMBER($AK54)=FALSE),"",IF(H54="","",(L54-Q54)/(3*R54))) | W54: =IF(OR($AK54="",ISNUMBER($AK54)=FALSE),"",IF(I54="","",(Q54-M54)/(3*R54))) | X54: =IF(OR($AK54="",ISNUMBER($AK54)=FALSE),"",IF(AND(G54=0,I54=0),((H54)-(Q54))/(3*R54),MIN(V54:W54))) | Y54: =IF(OR($AK54="",ISNUMBER($AK54)=FALSE),"",IF(AND(G54=0,I54=0),NORMSDIST(3*X54),NORMSDIST(3*X54)+NORMSDIST(6*S54-3*X54)-1)) | Z54: =IF($Q54="","",IF(F54="Tolerance",IF(($E54*3*R54+Q54)-G54<H54,"",($E54*3*R54+Q54)-G54),IF(OR(F54="GD&T",F54="MAX"),IF(($E54*3*R54+Q54)<H54,"",($E54*3*R54+Q54)),""))) | AA54: =IF(Q54="","",IF(F54="Tolerance",IF(-(($E54*3*R54)-Q54)-G54>I54,"",-(($E54*3*R54)-Q54)-G54),IF(F54="MIN",IF(-(($E54*3*R54)-Q54)>I54,"",-(($E54*3*R54)-Q54)),""))) | AB54: =IF(OR(G54="",Q54=""),"",(L54+M54)/2-Q54) | AC54: =IF(OR($S54>$AC$9,$R54=""),"",$AC$9*6*$R54) | AE54: =IF(AD54="","",IF(AD54>=0.966,"Normal","Not Normal"))
A55: 79 | B55: 31 | C55: AE | D55: Distance | E55: 1.33 | F55: Tolerance | G55: 22.236 | H55: 0.03 | I55: -0.03 | J55: OMM | K55: NO | L55: =IF(AND(G55="",H55=""),"",IF(G55="",H55,G55+H55)) -> 22.266 | M55: =IF(AND(G55="",I55=""),"",IF(G55="",I55,G55+I55)) -> 22.206 | O55: =IF(OR($AK55="",ISNUMBER($AK55)=FALSE),"",MAX(AK55:AN55)) | P55: =IF(OR($AK55="",ISNUMBER($AK55)=FALSE),"",MIN(AK55:AN55)) | Q55: =IF(OR($AK55="",ISNUMBER($AK55)=FALSE),"",AVERAGE(AK55:AN55)) | R55: =IF(OR($AK55="",ISNUMBER($AK55)=FALSE),"",STDEV(AK55:AN55)) | S55: =IF(OR($AK55="",ISNUMBER($AK55)=FALSE),"",IF(AND(G55="",I55=""),V55,IF(AND(G55="",H55=""),W55,(H55+ABS(I55))/(6*R55)))) | T55: =IF(OR($AK55="",ISNUMBER($AK55)=FALSE),"",IF(AND($F55="Tolerance",$G55<>""),($Q55-$G55)/(($L55-$M55)/2),IF(AND($F55="GD&T",$H55<>""),$Q55/$H55,""))) | U55: =IF($T55="","",IF(ABS($T55)<=0.125, "Level A",IF(AND(ABS($T55)>0.125,ABS($T55)<=0.25), "Level B",IF(AND(ABS($T55)>0.25,ABS($T55)<=0.5), "Level C", IF(ABS($T55)>0.5, "Level D"))))) | V55: =IF(OR($AK55="",ISNUMBER($AK55)=FALSE),"",IF(H55="","",(L55-Q55)/(3*R55))) | W55: =IF(OR($AK55="",ISNUMBER($AK55)=FALSE),"",IF(I55="","",(Q55-M55)/(3*R55))) | X55: =IF(OR($AK55="",ISNUMBER($AK55)=FALSE),"",IF(AND(G55=0,I55=0),((H55)-(Q55))/(3*R55),MIN(V55:W55))) | Y55: =IF(OR($AK55="",ISNUMBER($AK55)=FALSE),"",IF(AND(G55=0,I55=0),NORMSDIST(3*X55),NORMSDIST(3*X55)+NORMSDIST(6*S55-3*X55)-1)) | Z55: =IF($Q55="","",IF(F55="Tolerance",IF(($E55*3*R55+Q55)-G55<H55,"",($E55*3*R55+Q55)-G55),IF(OR(F55="GD&T",F55="MAX"),IF(($E55*3*R55+Q55)<H55,"",($E55*3*R55+Q55)),""))) | AA55: =IF(Q55="","",IF(F55="Tolerance",IF(-(($E55*3*R55)-Q55)-G55>I55,"",-(($E55*3*R55)-Q55)-G55),IF(F55="MIN",IF(-(($E55*3*R55)-Q55)>I55,"",-(($E55*3*R55)-Q55)),""))) | AB55: =IF(OR(G55="",Q55=""),"",(L55+M55)/2-Q55) | AC55: =IF(OR($S55>$AC$9,$R55=""),"",$AC$9*6*$R55) | AE55: =IF(AD55="","",IF(AD55>=0.966,"Normal","Not Normal"))
A56: 86 | B56: 32-P1 | C56: W | D56: Distance | E56: 1.5 | F56: Tolerance | G56: 23.802 | H56: 0.03 | I56: -0.03 | J56: OMM | K56: NO | L56: =IF(AND(G56="",H56=""),"",IF(G56="",H56,G56+H56)) -> 23.832 | M56: =IF(AND(G56="",I56=""),"",IF(G56="",I56,G56+I56)) -> 23.772 | O56: =IF(OR($AK56="",ISNUMBER($AK56)=FALSE),"",MAX(AK56:AN56)) | P56: =IF(OR($AK56="",ISNUMBER($AK56)=FALSE),"",MIN(AK56:AN56)) | Q56: =IF(OR($AK56="",ISNUMBER($AK56)=FALSE),"",AVERAGE(AK56:AN56)) | R56: =IF(OR($AK56="",ISNUMBER($AK56)=FALSE),"",STDEV(AK56:AN56)) | S56: =IF(OR($AK56="",ISNUMBER($AK56)=FALSE),"",IF(AND(G56="",I56=""),V56,IF(AND(G56="",H56=""),W56,(H56+ABS(I56))/(6*R56)))) | T56: =IF(OR($AK56="",ISNUMBER($AK56)=FALSE),"",IF(AND($F56="Tolerance",$G56<>""),($Q56-$G56)/(($L56-$M56)/2),IF(AND($F56="GD&T",$H56<>""),$Q56/$H56,""))) | U56: =IF($T56="","",IF(ABS($T56)<=0.125, "Level A",IF(AND(ABS($T56)>0.125,ABS($T56)<=0.25), "Level B",IF(AND(ABS($T56)>0.25,ABS($T56)<=0.5), "Level C", IF(ABS($T56)>0.5, "Level D"))))) | V56: =IF(OR($AK56="",ISNUMBER($AK56)=FALSE),"",IF(H56="","",(L56-Q56)/(3*R56))) | W56: =IF(OR($AK56="",ISNUMBER($AK56)=FALSE),"",IF(I56="","",(Q56-M56)/(3*R56))) | X56: =IF(OR($AK56="",ISNUMBER($AK56)=FALSE),"",IF(AND(G56=0,I56=0),((H56)-(Q56))/(3*R56),MIN(V56:W56))) | Y56: =IF(OR($AK56="",ISNUMBER($AK56)=FALSE),"",IF(AND(G56=0,I56=0),NORMSDIST(3*X56),NORMSDIST(3*X56)+NORMSDIST(6*S56-3*X56)-1)) | Z56: =IF($Q56="","",IF(F56="Tolerance",IF(($E56*3*R56+Q56)-G56<H56,"",($E56*3*R56+Q56)-G56),IF(OR(F56="GD&T",F56="MAX"),IF(($E56*3*R56+Q56)<H56,"",($E56*3*R56+Q56)),""))) | AA56: =IF(Q56="","",IF(F56="Tolerance",IF(-(($E56*3*R56)-Q56)-G56>I56,"",-(($E56*3*R56)-Q56)-G56),IF(F56="MIN",IF(-(($E56*3*R56)-Q56)>I56,"",-(($E56*3*R56)-Q56)),""))) | AB56: =IF(OR(G56="",Q56=""),"",(L56+M56)/2-Q56) | AC56: =IF(OR($S56>$AC$9,$R56=""),"",$AC$9*6*$R56) | AE56: =IF(AD56="","",IF(AD56>=0.966,"Normal","Not Normal"))
A57: 87 | B57: 32-P2 | C57: W | D57: Distance | E57: 1.5 | F57: Tolerance | G57: 23.802 | H57: 0.03 | I57: -0.03 | J57: OMM | K57: NO | L57: =IF(AND(G57="",H57=""),"",IF(G57="",H57,G57+H57)) -> 23.832 | M57: =IF(AND(G57="",I57=""),"",IF(G57="",I57,G57+I57)) -> 23.772 | O57: =IF(OR($AK57="",ISNUMBER($AK57)=FALSE),"",MAX(AK57:AN57)) | P57: =IF(OR($AK57="",ISNUMBER($AK57)=FALSE),"",MIN(AK57:AN57)) | Q57: =IF(OR($AK57="",ISNUMBER($AK57)=FALSE),"",AVERAGE(AK57:AN57)) | R57: =IF(OR($AK57="",ISNUMBER($AK57)=FALSE),"",STDEV(AK57:AN57)) | S57: =IF(OR($AK57="",ISNUMBER($AK57)=FALSE),"",IF(AND(G57="",I57=""),V57,IF(AND(G57="",H57=""),W57,(H57+ABS(I57))/(6*R57)))) | T57: =IF(OR($AK57="",ISNUMBER($AK57)=FALSE),"",IF(AND($F57="Tolerance",$G57<>""),($Q57-$G57)/(($L57-$M57)/2),IF(AND($F57="GD&T",$H57<>""),$Q57/$H57,""))) | U57: =IF($T57="","",IF(ABS($T57)<=0.125, "Level A",IF(AND(ABS($T57)>0.125,ABS($T57)<=0.25), "Level B",IF(AND(ABS($T57)>0.25,ABS($T57)<=0.5), "Level C", IF(ABS($T57)>0.5, "Level D"))))) | V57: =IF(OR($AK57="",ISNUMBER($AK57)=FALSE),"",IF(H57="","",(L57-Q57)/(3*R57))) | W57: =IF(OR($AK57="",ISNUMBER($AK57)=FALSE),"",IF(I57="","",(Q57-M57)/(3*R57))) | X57: =IF(OR($AK57="",ISNUMBER($AK57)=FALSE),"",IF(AND(G57=0,I57=0),((H57)-(Q57))/(3*R57),MIN(V57:W57))) | Y57: =IF(OR($AK57="",ISNUMBER($AK57)=FALSE),"",IF(AND(G57=0,I57=0),NORMSDIST(3*X57),NORMSDIST(3*X57)+NORMSDIST(6*S57-3*X57)-1)) | Z57: =IF($Q57="","",IF(F57="Tolerance",IF(($E57*3*R57+Q57)-G57<H57,"",($E57*3*R57+Q57)-G57),IF(OR(F57="GD&T",F57="MAX"),IF(($E57*3*R57+Q57)<H57,"",($E57*3*R57+Q57)),""))) | AA57: =IF(Q57="","",IF(F57="Tolerance",IF(-(($E57*3*R57)-Q57)-G57>I57,"",-(($E57*3*R57)-Q57)-G57),IF(F57="MIN",IF(-(($E57*3*R57)-Q57)>I57,"",-(($E57*3*R57)-Q57)),""))) | AB57: =IF(OR(G57="",Q57=""),"",(L57+M57)/2-Q57) | AC57: =IF(OR($S57>$AC$9,$R57=""),"",$AC$9*6*$R57) | AE57: =IF(AD57="","",IF(AD57>=0.966,"Normal","Not Normal"))
A58: 90 | B58: 33-P1 | D58: Distance | F58: Tolerance | G58: 24.17 | H58: 0.03 | I58: -0.03 | J58: OMM | K58: NO | L58: =IF(AND(G58="",H58=""),"",IF(G58="",H58,G58+H58)) -> 24.2 | M58: =IF(AND(G58="",I58=""),"",IF(G58="",I58,G58+I58)) -> 24.14 | O58: =IF(OR($AK58="",ISNUMBER($AK58)=FALSE),"",MAX(AK58:AN58)) | P58: =IF(OR($AK58="",ISNUMBER($AK58)=FALSE),"",MIN(AK58:AN58)) | Q58: =IF(OR($AK58="",ISNUMBER($AK58)=FALSE),"",AVERAGE(AK58:AN58)) | R58: =IF(OR($AK58="",ISNUMBER($AK58)=FALSE),"",STDEV(AK58:AN58)) | S58: =IF(OR($AK58="",ISNUMBER($AK58)=FALSE),"",IF(AND(G58="",I58=""),V58,IF(AND(G58="",H58=""),W58,(H58+ABS(I58))/(6*R58)))) | T58: =IF(OR($AK58="",ISNUMBER($AK58)=FALSE),"",IF(AND($F58="Tolerance",$G58<>""),($Q58-$G58)/(($L58-$M58)/2),IF(AND($F58="GD&T",$H58<>""),$Q58/$H58,""))) | U58: =IF($T58="","",IF(ABS($T58)<=0.125, "Level A",IF(AND(ABS($T58)>0.125,ABS($T58)<=0.25), "Level B",IF(AND(ABS($T58)>0.25,ABS($T58)<=0.5), "Level C", IF(ABS($T58)>0.5, "Level D"))))) | V58: =IF(OR($AK58="",ISNUMBER($AK58)=FALSE),"",IF(H58="","",(L58-Q58)/(3*R58))) | W58: =IF(OR($AK58="",ISNUMBER($AK58)=FALSE),"",IF(I58="","",(Q58-M58)/(3*R58))) | X58: =IF(OR($AK58="",ISNUMBER($AK58)=FALSE),"",IF(AND(G58=0,I58=0),((H58)-(Q58))/(3*R58),MIN(V58:W58))) | Y58: =IF(OR($AK58="",ISNUMBER($AK58)=FALSE),"",IF(AND(G58=0,I58=0),NORMSDIST(3*X58),NORMSDIST(3*X58)+NORMSDIST(6*S58-3*X58)-1)) | Z58: =IF($Q58="","",IF(F58="Tolerance",IF(($E58*3*R58+Q58)-G58<H58,"",($E58*3*R58+Q58)-G58),IF(OR(F58="GD&T",F58="MAX"),IF(($E58*3*R58+Q58)<H58,"",($E58*3*R58+Q58)),""))) | AA58: =IF(Q58="","",IF(F58="Tolerance",IF(-(($E58*3*R58)-Q58)-G58>I58,"",-(($E58*3*R58)-Q58)-G58),IF(F58="MIN",IF(-(($E58*3*R58)-Q58)>I58,"",-(($E58*3*R58)-Q58)),""))) | AB58: =IF(OR(G58="",Q58=""),"",(L58+M58)/2-Q58) | AC58: =IF(OR($S58>$AC$9,$R58=""),"",$AC$9*6*$R58) | AE58: =IF(AD58="","",IF(AD58>=0.966,"Normal","Not Normal"))
A59: 91 | B59: 33-P2 | D59: Distance | F59: Tolerance | G59: 24.17 | H59: 0.03 | I59: -0.03 | J59: OMM | K59: NO | L59: =IF(AND(G59="",H59=""),"",IF(G59="",H59,G59+H59)) -> 24.2 | M59: =IF(AND(G59="",I59=""),"",IF(G59="",I59,G59+I59)) -> 24.14 | O59: =IF(OR($AK59="",ISNUMBER($AK59)=FALSE),"",MAX(AK59:AN59)) | P59: =IF(OR($AK59="",ISNUMBER($AK59)=FALSE),"",MIN(AK59:AN59)) | Q59: =IF(OR($AK59="",ISNUMBER($AK59)=FALSE),"",AVERAGE(AK59:AN59)) | R59: =IF(OR($AK59="",ISNUMBER($AK59)=FALSE),"",STDEV(AK59:AN59)) | S59: =IF(OR($AK59="",ISNUMBER($AK59)=FALSE),"",IF(AND(G59="",I59=""),V59,IF(AND(G59="",H59=""),W59,(H59+ABS(I59))/(6*R59)))) | T59: =IF(OR($AK59="",ISNUMBER($AK59)=FALSE),"",IF(AND($F59="Tolerance",$G59<>""),($Q59-$G59)/(($L59-$M59)/2),IF(AND($F59="GD&T",$H59<>""),$Q59/$H59,""))) | U59: =IF($T59="","",IF(ABS($T59)<=0.125, "Level A",IF(AND(ABS($T59)>0.125,ABS($T59)<=0.25), "Level B",IF(AND(ABS($T59)>0.25,ABS($T59)<=0.5), "Level C", IF(ABS($T59)>0.5, "Level D"))))) | V59: =IF(OR($AK59="",ISNUMBER($AK59)=FALSE),"",IF(H59="","",(L59-Q59)/(3*R59))) | W59: =IF(OR($AK59="",ISNUMBER($AK59)=FALSE),"",IF(I59="","",(Q59-M59)/(3*R59))) | X59: =IF(OR($AK59="",ISNUMBER($AK59)=FALSE),"",IF(AND(G59=0,I59=0),((H59)-(Q59))/(3*R59),MIN(V59:W59))) | Y59: =IF(OR($AK59="",ISNUMBER($AK59)=FALSE),"",IF(AND(G59=0,I59=0),NORMSDIST(3*X59),NORMSDIST(3*X59)+NORMSDIST(6*S59-3*X59)-1)) | Z59: =IF($Q59="","",IF(F59="Tolerance",IF(($E59*3*R59+Q59)-G59<H59,"",($E59*3*R59+Q59)-G59),IF(OR(F59="GD&T",F59="MAX"),IF(($E59*3*R59+Q59)<H59,"",($E59*3*R59+Q59)),""))) | AA59: =IF(Q59="","",IF(F59="Tolerance",IF(-(($E59*3*R59)-Q59)-G59>I59,"",-(($E59*3*R59)-Q59)-G59),IF(F59="MIN",IF(-(($E59*3*R59)-Q59)>I59,"",-(($E59*3*R59)-Q59)),""))) | AB59: =IF(OR(G59="",Q59=""),"",(L59+M59)/2-Q59) | AC59: =IF(OR($S59>$AC$9,$R59=""),"",$AC$9*6*$R59) | AE59: =IF(AD59="","",IF(AD59>=0.966,"Normal","Not Normal"))
A60: 93 | B60: 35-P1 | C60: Y | D60: Distance | E60: 1.33 | F60: Tolerance | G60: 8.472 | H60: 0.03 | I60: -0.03 | J60: OMM | K60: NO | L60: =IF(AND(G60="",H60=""),"",IF(G60="",H60,G60+H60)) -> 8.502 | M60: =IF(AND(G60="",I60=""),"",IF(G60="",I60,G60+I60)) -> 8.442 | O60: =IF(OR($AK60="",ISNUMBER($AK60)=FALSE),"",MAX(AK60:AN60)) | P60: =IF(OR($AK60="",ISNUMBER($AK60)=FALSE),"",MIN(AK60:AN60)) | Q60: =IF(OR($AK60="",ISNUMBER($AK60)=FALSE),"",AVERAGE(AK60:AN60)) | R60: =IF(OR($AK60="",ISNUMBER($AK60)=FALSE),"",STDEV(AK60:AN60)) | S60: =IF(OR($AK60="",ISNUMBER($AK60)=FALSE),"",IF(AND(G60="",I60=""),V60,IF(AND(G60="",H60=""),W60,(H60+ABS(I60))/(6*R60)))) | T60: =IF(OR($AK60="",ISNUMBER($AK60)=FALSE),"",IF(AND($F60="Tolerance",$G60<>""),($Q60-$G60)/(($L60-$M60)/2),IF(AND($F60="GD&T",$H60<>""),$Q60/$H60,""))) | U60: =IF($T60="","",IF(ABS($T60)<=0.125, "Level A",IF(AND(ABS($T60)>0.125,ABS($T60)<=0.25), "Level B",IF(AND(ABS($T60)>0.25,ABS($T60)<=0.5), "Level C", IF(ABS($T60)>0.5, "Level D"))))) | V60: =IF(OR($AK60="",ISNUMBER($AK60)=FALSE),"",IF(H60="","",(L60-Q60)/(3*R60))) | W60: =IF(OR($AK60="",ISNUMBER($AK60)=FALSE),"",IF(I60="","",(Q60-M60)/(3*R60))) | X60: =IF(OR($AK60="",ISNUMBER($AK60)=FALSE),"",IF(AND(G60=0,I60=0),((H60)-(Q60))/(3*R60),MIN(V60:W60))) | Y60: =IF(OR($AK60="",ISNUMBER($AK60)=FALSE),"",IF(AND(G60=0,I60=0),NORMSDIST(3*X60),NORMSDIST(3*X60)+NORMSDIST(6*S60-3*X60)-1)) | Z60: =IF($Q60="","",IF(F60="Tolerance",IF(($E60*3*R60+Q60)-G60<H60,"",($E60*3*R60+Q60)-G60),IF(OR(F60="GD&T",F60="MAX"),IF(($E60*3*R60+Q60)<H60,"",($E60*3*R60+Q60)),""))) | AA60: =IF(Q60="","",IF(F60="Tolerance",IF(-(($E60*3*R60)-Q60)-G60>I60,"",-(($E60*3*R60)-Q60)-G60),IF(F60="MIN",IF(-(($E60*3*R60)-Q60)>I60,"",-(($E60*3*R60)-Q60)),""))) | AB60: =IF(OR(G60="",Q60=""),"",(L60+M60)/2-Q60) | AC60: =IF(OR($S60>$AC$9,$R60=""),"",$AC$9*6*$R60) | AE60: =IF(AD60="","",IF(AD60>=0.966,"Normal","Not Normal"))
A61: 94 | B61: 35-P2 | C61: Y | D61: Distance | E61: 1.33 | F61: Tolerance | G61: 8.472 | H61: 0.03 | I61: -0.03 | J61: OMM | K61: NO | L61: =IF(AND(G61="",H61=""),"",IF(G61="",H61,G61+H61)) -> 8.502 | M61: =IF(AND(G61="",I61=""),"",IF(G61="",I61,G61+I61)) -> 8.442 | O61: =IF(OR($AK61="",ISNUMBER($AK61)=FALSE),"",MAX(AK61:AN61)) | P61: =IF(OR($AK61="",ISNUMBER($AK61)=FALSE),"",MIN(AK61:AN61)) | Q61: =IF(OR($AK61="",ISNUMBER($AK61)=FALSE),"",AVERAGE(AK61:AN61)) | R61: =IF(OR($AK61="",ISNUMBER($AK61)=FALSE),"",STDEV(AK61:AN61)) | S61: =IF(OR($AK61="",ISNUMBER($AK61)=FALSE),"",IF(AND(G61="",I61=""),V61,IF(AND(G61="",H61=""),W61,(H61+ABS(I61))/(6*R61)))) | T61: =IF(OR($AK61="",ISNUMBER($AK61)=FALSE),"",IF(AND($F61="Tolerance",$G61<>""),($Q61-$G61)/(($L61-$M61)/2),IF(AND($F61="GD&T",$H61<>""),$Q61/$H61,""))) | U61: =IF($T61="","",IF(ABS($T61)<=0.125, "Level A",IF(AND(ABS($T61)>0.125,ABS($T61)<=0.25), "Level B",IF(AND(ABS($T61)>0.25,ABS($T61)<=0.5), "Level C", IF(ABS($T61)>0.5, "Level D"))))) | V61: =IF(OR($AK61="",ISNUMBER($AK61)=FALSE),"",IF(H61="","",(L61-Q61)/(3*R61))) | W61: =IF(OR($AK61="",ISNUMBER($AK61)=FALSE),"",IF(I61="","",(Q61-M61)/(3*R61))) | X61: =IF(OR($AK61="",ISNUMBER($AK61)=FALSE),"",IF(AND(G61=0,I61=0),((H61)-(Q61))/(3*R61),MIN(V61:W61))) | Y61: =IF(OR($AK61="",ISNUMBER($AK61)=FALSE),"",IF(AND(G61=0,I61=0),NORMSDIST(3*X61),NORMSDIST(3*X61)+NORMSDIST(6*S61-3*X61)-1)) | Z61: =IF($Q61="","",IF(F61="Tolerance",IF(($E61*3*R61+Q61)-G61<H61,"",($E61*3*R61+Q61)-G61),IF(OR(F61="GD&T",F61="MAX"),IF(($E61*3*R61+Q61)<H61,"",($E61*3*R61+Q61)),""))) | AA61: =IF(Q61="","",IF(F61="Tolerance",IF(-(($E61*3*R61)-Q61)-G61>I61,"",-(($E61*3*R61)-Q61)-G61),IF(F61="MIN",IF(-(($E61*3*R61)-Q61)>I61,"",-(($E61*3*R61)-Q61)),""))) | AB61: =IF(OR(G61="",Q61=""),"",(L61+M61)/2-Q61) | AC61: =IF(OR($S61>$AC$9,$R61=""),"",$AC$9*6*$R61) | AE61: =IF(AD61="","",IF(AD61>=0.966,"Normal","Not Normal"))
A62: 96 | B62: 37-P4 | C62: X | D62: Distance | E62: 1.33 | F62: Tolerance | G62: 23.006 | H62: 0.03 | I62: -0.03 | J62: OMM | K62: NO | L62: =IF(AND(G62="",H62=""),"",IF(G62="",H62,G62+H62)) -> 23.036 | M62: =IF(AND(G62="",I62=""),"",IF(G62="",I62,G62+I62)) -> 22.976 | O62: =IF(OR($AK62="",ISNUMBER($AK62)=FALSE),"",MAX(AK62:AN62)) | P62: =IF(OR($AK62="",ISNUMBER($AK62)=FALSE),"",MIN(AK62:AN62)) | Q62: =IF(OR($AK62="",ISNUMBER($AK62)=FALSE),"",AVERAGE(AK62:AN62)) | R62: =IF(OR($AK62="",ISNUMBER($AK62)=FALSE),"",STDEV(AK62:AN62)) | S62: =IF(OR($AK62="",ISNUMBER($AK62)=FALSE),"",IF(AND(G62="",I62=""),V62,IF(AND(G62="",H62=""),W62,(H62+ABS(I62))/(6*R62)))) | T62: =IF(OR($AK62="",ISNUMBER($AK62)=FALSE),"",IF(AND($F62="Tolerance",$G62<>""),($Q62-$G62)/(($L62-$M62)/2),IF(AND($F62="GD&T",$H62<>""),$Q62/$H62,""))) | U62: =IF($T62="","",IF(ABS($T62)<=0.125, "Level A",IF(AND(ABS($T62)>0.125,ABS($T62)<=0.25), "Level B",IF(AND(ABS($T62)>0.25,ABS($T62)<=0.5), "Level C", IF(ABS($T62)>0.5, "Level D"))))) | V62: =IF(OR($AK62="",ISNUMBER($AK62)=FALSE),"",IF(H62="","",(L62-Q62)/(3*R62))) | W62: =IF(OR($AK62="",ISNUMBER($AK62)=FALSE),"",IF(I62="","",(Q62-M62)/(3*R62))) | X62: =IF(OR($AK62="",ISNUMBER($AK62)=FALSE),"",IF(AND(G62=0,I62=0),((H62)-(Q62))/(3*R62),MIN(V62:W62))) | Y62: =IF(OR($AK62="",ISNUMBER($AK62)=FALSE),"",IF(AND(G62=0,I62=0),NORMSDIST(3*X62),NORMSDIST(3*X62)+NORMSDIST(6*S62-3*X62)-1)) | Z62: =IF($Q62="","",IF(F62="Tolerance",IF(($E62*3*R62+Q62)-G62<H62,"",($E62*3*R62+Q62)-G62),IF(OR(F62="GD&T",F62="MAX"),IF(($E62*3*R62+Q62)<H62,"",($E62*3*R62+Q62)),""))) | AA62: =IF(Q62="","",IF(F62="Tolerance",IF(-(($E62*3*R62)-Q62)-G62>I62,"",-(($E62*3*R62)-Q62)-G62),IF(F62="MIN",IF(-(($E62*3*R62)-Q62)>I62,"",-(($E62*3*R62)-Q62)),""))) | AB62: =IF(OR(G62="",Q62=""),"",(L62+M62)/2-Q62) | AC62: =IF(OR($S62>$AC$9,$R62=""),"",$AC$9*6*$R62) | AE62: =IF(AD62="","",IF(AD62>=0.966,"Normal","Not Normal"))
A63: 97 | B63: 37-P5 | C63: X | D63: Distance | E63: 1.33 | F63: Tolerance | G63: 23.006 | H63: 0.03 | I63: -0.03 | J63: OMM | K63: NO | L63: =IF(AND(G63="",H63=""),"",IF(G63="",H63,G63+H63)) -> 23.036 | M63: =IF(AND(G63="",I63=""),"",IF(G63="",I63,G63+I63)) -> 22.976 | O63: =IF(OR($AK63="",ISNUMBER($AK63)=FALSE),"",MAX(AK63:AN63)) | P63: =IF(OR($AK63="",ISNUMBER($AK63)=FALSE),"",MIN(AK63:AN63)) | Q63: =IF(OR($AK63="",ISNUMBER($AK63)=FALSE),"",AVERAGE(AK63:AN63)) | R63: =IF(OR($AK63="",ISNUMBER($AK63)=FALSE),"",STDEV(AK63:AN63)) | S63: =IF(OR($AK63="",ISNUMBER($AK63)=FALSE),"",IF(AND(G63="",I63=""),V63,IF(AND(G63="",H63=""),W63,(H63+ABS(I63))/(6*R63)))) | T63: =IF(OR($AK63="",ISNUMBER($AK63)=FALSE),"",IF(AND($F63="Tolerance",$G63<>""),($Q63-$G63)/(($L63-$M63)/2),IF(AND($F63="GD&T",$H63<>""),$Q63/$H63,""))) | U63: =IF($T63="","",IF(ABS($T63)<=0.125, "Level A",IF(AND(ABS($T63)>0.125,ABS($T63)<=0.25), "Level B",IF(AND(ABS($T63)>0.25,ABS($T63)<=0.5), "Level C", IF(ABS($T63)>0.5, "Level D"))))) | V63: =IF(OR($AK63="",ISNUMBER($AK63)=FALSE),"",IF(H63="","",(L63-Q63)/(3*R63))) | W63: =IF(OR($AK63="",ISNUMBER($AK63)=FALSE),"",IF(I63="","",(Q63-M63)/(3*R63))) | X63: =IF(OR($AK63="",ISNUMBER($AK63)=FALSE),"",IF(AND(G63=0,I63=0),((H63)-(Q63))/(3*R63),MIN(V63:W63))) | Y63: =IF(OR($AK63="",ISNUMBER($AK63)=FALSE),"",IF(AND(G63=0,I63=0),NORMSDIST(3*X63),NORMSDIST(3*X63)+NORMSDIST(6*S63-3*X63)-1)) | Z63: =IF($Q63="","",IF(F63="Tolerance",IF(($E63*3*R63+Q63)-G63<H63,"",($E63*3*R63+Q63)-G63),IF(OR(F63="GD&T",F63="MAX"),IF(($E63*3*R63+Q63)<H63,"",($E63*3*R63+Q63)),""))) | AA63: =IF(Q63="","",IF(F63="Tolerance",IF(-(($E63*3*R63)-Q63)-G63>I63,"",-(($E63*3*R63)-Q63)-G63),IF(F63="MIN",IF(-(($E63*3*R63)-Q63)>I63,"",-(($E63*3*R63)-Q63)),""))) | AB63: =IF(OR(G63="",Q63=""),"",(L63+M63)/2-Q63) | AC63: =IF(OR($S63>$AC$9,$R63=""),"",$AC$9*6*$R63) | AE63: =IF(AD63="","",IF(AD63>=0.966,"Normal","Not Normal"))
A64: 98 | B64: 37-P6 | C64: X | D64: Distance | E64: 1.33 | F64: Tolerance | G64: 23.006 | H64: 0.03 | I64: -0.03 | J64: OMM | K64: NO | L64: =IF(AND(G64="",H64=""),"",IF(G64="",H64,G64+H64)) -> 23.036 | M64: =IF(AND(G64="",I64=""),"",IF(G64="",I64,G64+I64)) -> 22.976 | O64: =IF(OR($AK64="",ISNUMBER($AK64)=FALSE),"",MAX(AK64:AN64)) | P64: =IF(OR($AK64="",ISNUMBER($AK64)=FALSE),"",MIN(AK64:AN64)) | Q64: =IF(OR($AK64="",ISNUMBER($AK64)=FALSE),"",AVERAGE(AK64:AN64)) | R64: =IF(OR($AK64="",ISNUMBER($AK64)=FALSE),"",STDEV(AK64:AN64)) | S64: =IF(OR($AK64="",ISNUMBER($AK64)=FALSE),"",IF(AND(G64="",I64=""),V64,IF(AND(G64="",H64=""),W64,(H64+ABS(I64))/(6*R64)))) | T64: =IF(OR($AK64="",ISNUMBER($AK64)=FALSE),"",IF(AND($F64="Tolerance",$G64<>""),($Q64-$G64)/(($L64-$M64)/2),IF(AND($F64="GD&T",$H64<>""),$Q64/$H64,""))) | U64: =IF($T64="","",IF(ABS($T64)<=0.125, "Level A",IF(AND(ABS($T64)>0.125,ABS($T64)<=0.25), "Level B",IF(AND(ABS($T64)>0.25,ABS($T64)<=0.5), "Level C", IF(ABS($T64)>0.5, "Level D"))))) | V64: =IF(OR($AK64="",ISNUMBER($AK64)=FALSE),"",IF(H64="","",(L64-Q64)/(3*R64))) | W64: =IF(OR($AK64="",ISNUMBER($AK64)=FALSE),"",IF(I64="","",(Q64-M64)/(3*R64))) | X64: =IF(OR($AK64="",ISNUMBER($AK64)=FALSE),"",IF(AND(G64=0,I64=0),((H64)-(Q64))/(3*R64),MIN(V64:W64))) | Y64: =IF(OR($AK64="",ISNUMBER($AK64)=FALSE),"",IF(AND(G64=0,I64=0),NORMSDIST(3*X64),NORMSDIST(3*X64)+NORMSDIST(6*S64-3*X64)-1)) | Z64: =IF($Q64="","",IF(F64="Tolerance",IF(($E64*3*R64+Q64)-G64<H64,"",($E64*3*R64+Q64)-G64),IF(OR(F64="GD&T",F64="MAX"),IF(($E64*3*R64+Q64)<H64,"",($E64*3*R64+Q64)),""))) | AA64: =IF(Q64="","",IF(F64="Tolerance",IF(-(($E64*3*R64)-Q64)-G64>I64,"",-(($E64*3*R64)-Q64)-G64),IF(F64="MIN",IF(-(($E64*3*R64)-Q64)>I64,"",-(($E64*3*R64)-Q64)),""))) | AB64: =IF(OR(G64="",Q64=""),"",(L64+M64)/2-Q64) | AC64: =IF(OR($S64>$AC$9,$R64=""),"",$AC$9*6*$R64) | AE64: =IF(AD64="","",IF(AD64>=0.966,"Normal","Not Normal"))
A65: 99 | B65: 38-P1 | C65: AG | D65: Distance | E65: 1.33 | F65: Tolerance | G65: 23.386 | H65: 0.035 | I65: -0.035 | J65: OMM | K65: NO | L65: =IF(AND(G65="",H65=""),"",IF(G65="",H65,G65+H65)) -> 23.421 | M65: =IF(AND(G65="",I65=""),"",IF(G65="",I65,G65+I65)) -> 23.351 | O65: =IF(OR($AK65="",ISNUMBER($AK65)=FALSE),"",MAX(AK65:AN65)) | P65: =IF(OR($AK65="",ISNUMBER($AK65)=FALSE),"",MIN(AK65:AN65)) | Q65: =IF(OR($AK65="",ISNUMBER($AK65)=FALSE),"",AVERAGE(AK65:AN65)) | R65: =IF(OR($AK65="",ISNUMBER($AK65)=FALSE),"",STDEV(AK65:AN65)) | S65: =IF(OR($AK65="",ISNUMBER($AK65)=FALSE),"",IF(AND(G65="",I65=""),V65,IF(AND(G65="",H65=""),W65,(H65+ABS(I65))/(6*R65)))) | T65: =IF(OR($AK65="",ISNUMBER($AK65)=FALSE),"",IF(AND($F65="Tolerance",$G65<>""),($Q65-$G65)/(($L65-$M65)/2),IF(AND($F65="GD&T",$H65<>""),$Q65/$H65,""))) | U65: =IF($T65="","",IF(ABS($T65)<=0.125, "Level A",IF(AND(ABS($T65)>0.125,ABS($T65)<=0.25), "Level B",IF(AND(ABS($T65)>0.25,ABS($T65)<=0.5), "Level C", IF(ABS($T65)>0.5, "Level D"))))) | V65: =IF(OR($AK65="",ISNUMBER($AK65)=FALSE),"",IF(H65="","",(L65-Q65)/(3*R65))) | W65: =IF(OR($AK65="",ISNUMBER($AK65)=FALSE),"",IF(I65="","",(Q65-M65)/(3*R65))) | X65: =IF(OR($AK65="",ISNUMBER($AK65)=FALSE),"",IF(AND(G65=0,I65=0),((H65)-(Q65))/(3*R65),MIN(V65:W65))) | Y65: =IF(OR($AK65="",ISNUMBER($AK65)=FALSE),"",IF(AND(G65=0,I65=0),NORMSDIST(3*X65),NORMSDIST(3*X65)+NORMSDIST(6*S65-3*X65)-1)) | Z65: =IF($Q65="","",IF(F65="Tolerance",IF(($E65*3*R65+Q65)-G65<H65,"",($E65*3*R65+Q65)-G65),IF(OR(F65="GD&T",F65="MAX"),IF(($E65*3*R65+Q65)<H65,"",($E65*3*R65+Q65)),""))) | AA65: =IF(Q65="","",IF(F65="Tolerance",IF(-(($E65*3*R65)-Q65)-G65>I65,"",-(($E65*3*R65)-Q65)-G65),IF(F65="MIN",IF(-(($E65*3*R65)-Q65)>I65,"",-(($E65*3*R65)-Q65)),""))) | AB65: =IF(OR(G65="",Q65=""),"",(L65+M65)/2-Q65) | AC65: =IF(OR($S65>$AC$9,$R65=""),"",$AC$9*6*$R65) | AE65: =IF(AD65="","",IF(AD65>=0.966,"Normal","Not Normal"))
A66: 100 | B66: 38-P2 | C66: AG | D66: Distance | E66: 1.33 | F66: Tolerance | G66: 23.386 | H66: 0.035 | I66: -0.035 | J66: OMM | K66: NO | L66: =IF(AND(G66="",H66=""),"",IF(G66="",H66,G66+H66)) -> 23.421 | M66: =IF(AND(G66="",I66=""),"",IF(G66="",I66,G66+I66)) -> 23.351 | O66: =IF(OR($AK66="",ISNUMBER($AK66)=FALSE),"",MAX(AK66:AN66)) | P66: =IF(OR($AK66="",ISNUMBER($AK66)=FALSE),"",MIN(AK66:AN66)) | Q66: =IF(OR($AK66="",ISNUMBER($AK66)=FALSE),"",AVERAGE(AK66:AN66)) | R66: =IF(OR($AK66="",ISNUMBER($AK66)=FALSE),"",STDEV(AK66:AN66)) | S66: =IF(OR($AK66="",ISNUMBER($AK66)=FALSE),"",IF(AND(G66="",I66=""),V66,IF(AND(G66="",H66=""),W66,(H66+ABS(I66))/(6*R66)))) | T66: =IF(OR($AK66="",ISNUMBER($AK66)=FALSE),"",IF(AND($F66="Tolerance",$G66<>""),($Q66-$G66)/(($L66-$M66)/2),IF(AND($F66="GD&T",$H66<>""),$Q66/$H66,""))) | U66: =IF($T66="","",IF(ABS($T66)<=0.125, "Level A",IF(AND(ABS($T66)>0.125,ABS($T66)<=0.25), "Level B",IF(AND(ABS($T66)>0.25,ABS($T66)<=0.5), "Level C", IF(ABS($T66)>0.5, "Level D"))))) | V66: =IF(OR($AK66="",ISNUMBER($AK66)=FALSE),"",IF(H66="","",(L66-Q66)/(3*R66))) | W66: =IF(OR($AK66="",ISNUMBER($AK66)=FALSE),"",IF(I66="","",(Q66-M66)/(3*R66))) | X66: =IF(OR($AK66="",ISNUMBER($AK66)=FALSE),"",IF(AND(G66=0,I66=0),((H66)-(Q66))/(3*R66),MIN(V66:W66))) | Y66: =IF(OR($AK66="",ISNUMBER($AK66)=FALSE),"",IF(AND(G66=0,I66=0),NORMSDIST(3*X66),NORMSDIST(3*X66)+NORMSDIST(6*S66-3*X66)-1)) | Z66: =IF($Q66="","",IF(F66="Tolerance",IF(($E66*3*R66+Q66)-G66<H66,"",($E66*3*R66+Q66)-G66),IF(OR(F66="GD&T",F66="MAX"),IF(($E66*3*R66+Q66)<H66,"",($E66*3*R66+Q66)),""))) | AA66: =IF(Q66="","",IF(F66="Tolerance",IF(-(($E66*3*R66)-Q66)-G66>I66,"",-(($E66*3*R66)-Q66)-G66),IF(F66="MIN",IF(-(($E66*3*R66)-Q66)>I66,"",-(($E66*3*R66)-Q66)),""))) | AB66: =IF(OR(G66="",Q66=""),"",(L66+M66)/2-Q66) | AC66: =IF(OR($S66>$AC$9,$R66=""),"",$AC$9*6*$R66) | AE66: =IF(AD66="","",IF(AD66>=0.966,"Normal","Not Normal"))
A67: 101 | B67: 39-P1 | D67: Distance | F67: Tolerance | G67: 15.667 | H67: 0.03 | I67: -0.03 | J67: OMM | K67: NO | L67: =IF(AND(G67="",H67=""),"",IF(G67="",H67,G67+H67)) -> 15.697 | M67: =IF(AND(G67="",I67=""),"",IF(G67="",I67,G67+I67)) -> 15.637 | O67: =IF(OR($AK67="",ISNUMBER($AK67)=FALSE),"",MAX(AK67:AN67)) | P67: =IF(OR($AK67="",ISNUMBER($AK67)=FALSE),"",MIN(AK67:AN67)) | Q67: =IF(OR($AK67="",ISNUMBER($AK67)=FALSE),"",AVERAGE(AK67:AN67)) | R67: =IF(OR($AK67="",ISNUMBER($AK67)=FALSE),"",STDEV(AK67:AN67)) | S67: =IF(OR($AK67="",ISNUMBER($AK67)=FALSE),"",IF(AND(G67="",I67=""),V67,IF(AND(G67="",H67=""),W67,(H67+ABS(I67))/(6*R67)))) | T67: =IF(OR($AK67="",ISNUMBER($AK67)=FALSE),"",IF(AND($F67="Tolerance",$G67<>""),($Q67-$G67)/(($L67-$M67)/2),IF(AND($F67="GD&T",$H67<>""),$Q67/$H67,""))) | U67: =IF($T67="","",IF(ABS($T67)<=0.125, "Level A",IF(AND(ABS($T67)>0.125,ABS($T67)<=0.25), "Level B",IF(AND(ABS($T67)>0.25,ABS($T67)<=0.5), "Level C", IF(ABS($T67)>0.5, "Level D"))))) | V67: =IF(OR($AK67="",ISNUMBER($AK67)=FALSE),"",IF(H67="","",(L67-Q67)/(3*R67))) | W67: =IF(OR($AK67="",ISNUMBER($AK67)=FALSE),"",IF(I67="","",(Q67-M67)/(3*R67))) | X67: =IF(OR($AK67="",ISNUMBER($AK67)=FALSE),"",IF(AND(G67=0,I67=0),((H67)-(Q67))/(3*R67),MIN(V67:W67))) | Y67: =IF(OR($AK67="",ISNUMBER($AK67)=FALSE),"",IF(AND(G67=0,I67=0),NORMSDIST(3*X67),NORMSDIST(3*X67)+NORMSDIST(6*S67-3*X67)-1)) | Z67: =IF($Q67="","",IF(F67="Tolerance",IF(($E67*3*R67+Q67)-G67<H67,"",($E67*3*R67+Q67)-G67),IF(OR(F67="GD&T",F67="MAX"),IF(($E67*3*R67+Q67)<H67,"",($E67*3*R67+Q67)),""))) | AA67: =IF(Q67="","",IF(F67="Tolerance",IF(-(($E67*3*R67)-Q67)-G67>I67,"",-(($E67*3*R67)-Q67)-G67),IF(F67="MIN",IF(-(($E67*3*R67)-Q67)>I67,"",-(($E67*3*R67)-Q67)),""))) | AB67: =IF(OR(G67="",Q67=""),"",(L67+M67)/2-Q67) | AC67: =IF(OR($S67>$AC$9,$R67=""),"",$AC$9*6*$R67) | AE67: =IF(AD67="","",IF(AD67>=0.966,"Normal","Not Normal"))
A68: 102 | B68: 39-P2 | D68: Distance | F68: Tolerance | G68: 15.667 | H68: 0.03 | I68: -0.03 | J68: OMM | K68: NO | L68: =IF(AND(G68="",H68=""),"",IF(G68="",H68,G68+H68)) -> 15.697 | M68: =IF(AND(G68="",I68=""),"",IF(G68="",I68,G68+I68)) -> 15.637 | O68: =IF(OR($AK68="",ISNUMBER($AK68)=FALSE),"",MAX(AK68:AN68)) | P68: =IF(OR($AK68="",ISNUMBER($AK68)=FALSE),"",MIN(AK68:AN68)) | Q68: =IF(OR($AK68="",ISNUMBER($AK68)=FALSE),"",AVERAGE(AK68:AN68)) | R68: =IF(OR($AK68="",ISNUMBER($AK68)=FALSE),"",STDEV(AK68:AN68)) | S68: =IF(OR($AK68="",ISNUMBER($AK68)=FALSE),"",IF(AND(G68="",I68=""),V68,IF(AND(G68="",H68=""),W68,(H68+ABS(I68))/(6*R68)))) | T68: =IF(OR($AK68="",ISNUMBER($AK68)=FALSE),"",IF(AND($F68="Tolerance",$G68<>""),($Q68-$G68)/(($L68-$M68)/2),IF(AND($F68="GD&T",$H68<>""),$Q68/$H68,""))) | U68: =IF($T68="","",IF(ABS($T68)<=0.125, "Level A",IF(AND(ABS($T68)>0.125,ABS($T68)<=0.25), "Level B",IF(AND(ABS($T68)>0.25,ABS($T68)<=0.5), "Level C", IF(ABS($T68)>0.5, "Level D"))))) | V68: =IF(OR($AK68="",ISNUMBER($AK68)=FALSE),"",IF(H68="","",(L68-Q68)/(3*R68))) | W68: =IF(OR($AK68="",ISNUMBER($AK68)=FALSE),"",IF(I68="","",(Q68-M68)/(3*R68))) | X68: =IF(OR($AK68="",ISNUMBER($AK68)=FALSE),"",IF(AND(G68=0,I68=0),((H68)-(Q68))/(3*R68),MIN(V68:W68))) | Y68: =IF(OR($AK68="",ISNUMBER($AK68)=FALSE),"",IF(AND(G68=0,I68=0),NORMSDIST(3*X68),NORMSDIST(3*X68)+NORMSDIST(6*S68-3*X68)-1)) | Z68: =IF($Q68="","",IF(F68="Tolerance",IF(($E68*3*R68+Q68)-G68<H68,"",($E68*3*R68+Q68)-G68),IF(OR(F68="GD&T",F68="MAX"),IF(($E68*3*R68+Q68)<H68,"",($E68*3*R68+Q68)),""))) | AA68: =IF(Q68="","",IF(F68="Tolerance",IF(-(($E68*3*R68)-Q68)-G68>I68,"",-(($E68*3*R68)-Q68)-G68),IF(F68="MIN",IF(-(($E68*3*R68)-Q68)>I68,"",-(($E68*3*R68)-Q68)),""))) | AB68: =IF(OR(G68="",Q68=""),"",(L68+M68)/2-Q68) | AC68: =IF(OR($S68>$AC$9,$R68=""),"",$AC$9*6*$R68) | AE68: =IF(AD68="","",IF(AD68>=0.966,"Normal","Not Normal"))
A69: 103 | B69: 40-P1 | C69: AK | D69: Distance | E69: 1.33 | F69: Tolerance | G69: 18.323 | H69: 0.035 | I69: -0.035 | J69: OMM | K69: NO | L69: =IF(AND(G69="",H69=""),"",IF(G69="",H69,G69+H69)) -> 18.358 | M69: =IF(AND(G69="",I69=""),"",IF(G69="",I69,G69+I69)) -> 18.288 | O69: =IF(OR($AK69="",ISNUMBER($AK69)=FALSE),"",MAX(AK69:AN69)) | P69: =IF(OR($AK69="",ISNUMBER($AK69)=FALSE),"",MIN(AK69:AN69)) | Q69: =IF(OR($AK69="",ISNUMBER($AK69)=FALSE),"",AVERAGE(AK69:AN69)) | R69: =IF(OR($AK69="",ISNUMBER($AK69)=FALSE),"",STDEV(AK69:AN69)) | S69: =IF(OR($AK69="",ISNUMBER($AK69)=FALSE),"",IF(AND(G69="",I69=""),V69,IF(AND(G69="",H69=""),W69,(H69+ABS(I69))/(6*R69)))) | T69: =IF(OR($AK69="",ISNUMBER($AK69)=FALSE),"",IF(AND($F69="Tolerance",$G69<>""),($Q69-$G69)/(($L69-$M69)/2),IF(AND($F69="GD&T",$H69<>""),$Q69/$H69,""))) | U69: =IF($T69="","",IF(ABS($T69)<=0.125, "Level A",IF(AND(ABS($T69)>0.125,ABS($T69)<=0.25), "Level B",IF(AND(ABS($T69)>0.25,ABS($T69)<=0.5), "Level C", IF(ABS($T69)>0.5, "Level D"))))) | V69: =IF(OR($AK69="",ISNUMBER($AK69)=FALSE),"",IF(H69="","",(L69-Q69)/(3*R69))) | W69: =IF(OR($AK69="",ISNUMBER($AK69)=FALSE),"",IF(I69="","",(Q69-M69)/(3*R69))) | X69: =IF(OR($AK69="",ISNUMBER($AK69)=FALSE),"",IF(AND(G69=0,I69=0),((H69)-(Q69))/(3*R69),MIN(V69:W69))) | Y69: =IF(OR($AK69="",ISNUMBER($AK69)=FALSE),"",IF(AND(G69=0,I69=0),NORMSDIST(3*X69),NORMSDIST(3*X69)+NORMSDIST(6*S69-3*X69)-1)) | Z69: =IF($Q69="","",IF(F69="Tolerance",IF(($E69*3*R69+Q69)-G69<H69,"",($E69*3*R69+Q69)-G69),IF(OR(F69="GD&T",F69="MAX"),IF(($E69*3*R69+Q69)<H69,"",($E69*3*R69+Q69)),""))) | AA69: =IF(Q69="","",IF(F69="Tolerance",IF(-(($E69*3*R69)-Q69)-G69>I69,"",-(($E69*3*R69)-Q69)-G69),IF(F69="MIN",IF(-(($E69*3*R69)-Q69)>I69,"",-(($E69*3*R69)-Q69)),""))) | AB69: =IF(OR(G69="",Q69=""),"",(L69+M69)/2-Q69) | AC69: =IF(OR($S69>$AC$9,$R69=""),"",$AC$9*6*$R69) | AE69: =IF(AD69="","",IF(AD69>=0.966,"Normal","Not Normal"))
A70: 104 | B70: 40-P2 | C70: AK | D70: Distance | E70: 1.33 | F70: Tolerance | G70: 18.323 | H70: 0.035 | I70: -0.035 | J70: OMM | K70: NO | L70: =IF(AND(G70="",H70=""),"",IF(G70="",H70,G70+H70)) -> 18.358 | M70: =IF(AND(G70="",I70=""),"",IF(G70="",I70,G70+I70)) -> 18.288 | O70: =IF(OR($AK70="",ISNUMBER($AK70)=FALSE),"",MAX(AK70:AN70)) | P70: =IF(OR($AK70="",ISNUMBER($AK70)=FALSE),"",MIN(AK70:AN70)) | Q70: =IF(OR($AK70="",ISNUMBER($AK70)=FALSE),"",AVERAGE(AK70:AN70)) | R70: =IF(OR($AK70="",ISNUMBER($AK70)=FALSE),"",STDEV(AK70:AN70)) | S70: =IF(OR($AK70="",ISNUMBER($AK70)=FALSE),"",IF(AND(G70="",I70=""),V70,IF(AND(G70="",H70=""),W70,(H70+ABS(I70))/(6*R70)))) | T70: =IF(OR($AK70="",ISNUMBER($AK70)=FALSE),"",IF(AND($F70="Tolerance",$G70<>""),($Q70-$G70)/(($L70-$M70)/2),IF(AND($F70="GD&T",$H70<>""),$Q70/$H70,""))) | U70: =IF($T70="","",IF(ABS($T70)<=0.125, "Level A",IF(AND(ABS($T70)>0.125,ABS($T70)<=0.25), "Level B",IF(AND(ABS($T70)>0.25,ABS($T70)<=0.5), "Level C", IF(ABS($T70)>0.5, "Level D"))))) | V70: =IF(OR($AK70="",ISNUMBER($AK70)=FALSE),"",IF(H70="","",(L70-Q70)/(3*R70))) | W70: =IF(OR($AK70="",ISNUMBER($AK70)=FALSE),"",IF(I70="","",(Q70-M70)/(3*R70))) | X70: =IF(OR($AK70="",ISNUMBER($AK70)=FALSE),"",IF(AND(G70=0,I70=0),((H70)-(Q70))/(3*R70),MIN(V70:W70))) | Y70: =IF(OR($AK70="",ISNUMBER($AK70)=FALSE),"",IF(AND(G70=0,I70=0),NORMSDIST(3*X70),NORMSDIST(3*X70)+NORMSDIST(6*S70-3*X70)-1)) | Z70: =IF($Q70="","",IF(F70="Tolerance",IF(($E70*3*R70+Q70)-G70<H70,"",($E70*3*R70+Q70)-G70),IF(OR(F70="GD&T",F70="MAX"),IF(($E70*3*R70+Q70)<H70,"",($E70*3*R70+Q70)),""))) | AA70: =IF(Q70="","",IF(F70="Tolerance",IF(-(($E70*3*R70)-Q70)-G70>I70,"",-(($E70*3*R70)-Q70)-G70),IF(F70="MIN",IF(-(($E70*3*R70)-Q70)>I70,"",-(($E70*3*R70)-Q70)),""))) | AB70: =IF(OR(G70="",Q70=""),"",(L70+M70)/2-Q70) | AC70: =IF(OR($S70>$AC$9,$R70=""),"",$AC$9*6*$R70) | AE70: =IF(AD70="","",IF(AD70>=0.966,"Normal","Not Normal"))
A71: 105 | B71: 40-P3 | C71: AK | D71: Distance | E71: 1.33 | F71: Tolerance | G71: 18.323 | H71: 0.035 | I71: -0.035 | J71: OMM | K71: NO | L71: =IF(AND(G71="",H71=""),"",IF(G71="",H71,G71+H71)) -> 18.358 | M71: =IF(AND(G71="",I71=""),"",IF(G71="",I71,G71+I71)) -> 18.288 | O71: =IF(OR($AK71="",ISNUMBER($AK71)=FALSE),"",MAX(AK71:AN71)) | P71: =IF(OR($AK71="",ISNUMBER($AK71)=FALSE),"",MIN(AK71:AN71)) | Q71: =IF(OR($AK71="",ISNUMBER($AK71)=FALSE),"",AVERAGE(AK71:AN71)) | R71: =IF(OR($AK71="",ISNUMBER($AK71)=FALSE),"",STDEV(AK71:AN71)) | S71: =IF(OR($AK71="",ISNUMBER($AK71)=FALSE),"",IF(AND(G71="",I71=""),V71,IF(AND(G71="",H71=""),W71,(H71+ABS(I71))/(6*R71)))) | T71: =IF(OR($AK71="",ISNUMBER($AK71)=FALSE),"",IF(AND($F71="Tolerance",$G71<>""),($Q71-$G71)/(($L71-$M71)/2),IF(AND($F71="GD&T",$H71<>""),$Q71/$H71,""))) | U71: =IF($T71="","",IF(ABS($T71)<=0.125, "Level A",IF(AND(ABS($T71)>0.125,ABS($T71)<=0.25), "Level B",IF(AND(ABS($T71)>0.25,ABS($T71)<=0.5), "Level C", IF(ABS($T71)>0.5, "Level D"))))) | V71: =IF(OR($AK71="",ISNUMBER($AK71)=FALSE),"",IF(H71="","",(L71-Q71)/(3*R71))) | W71: =IF(OR($AK71="",ISNUMBER($AK71)=FALSE),"",IF(I71="","",(Q71-M71)/(3*R71))) | X71: =IF(OR($AK71="",ISNUMBER($AK71)=FALSE),"",IF(AND(G71=0,I71=0),((H71)-(Q71))/(3*R71),MIN(V71:W71))) | Y71: =IF(OR($AK71="",ISNUMBER($AK71)=FALSE),"",IF(AND(G71=0,I71=0),NORMSDIST(3*X71),NORMSDIST(3*X71)+NORMSDIST(6*S71-3*X71)-1)) | Z71: =IF($Q71="","",IF(F71="Tolerance",IF(($E71*3*R71+Q71)-G71<H71,"",($E71*3*R71+Q71)-G71),IF(OR(F71="GD&T",F71="MAX"),IF(($E71*3*R71+Q71)<H71,"",($E71*3*R71+Q71)),""))) | AA71: =IF(Q71="","",IF(F71="Tolerance",IF(-(($E71*3*R71)-Q71)-G71>I71,"",-(($E71*3*R71)-Q71)-G71),IF(F71="MIN",IF(-(($E71*3*R71)-Q71)>I71,"",-(($E71*3*R71)-Q71)),""))) | AB71: =IF(OR(G71="",Q71=""),"",(L71+M71)/2-Q71) | AC71: =IF(OR($S71>$AC$9,$R71=""),"",$AC$9*6*$R71) | AE71: =IF(AD71="","",IF(AD71>=0.966,"Normal","Not Normal"))
A72: 106 | B72: 41-P1 | C72: AH | D72: Distance | E72: 1.33 | F72: Tolerance | G72: 1.525 | H72: 0.03 | I72: -0.03 | J72: OMM | K72: NO | L72: =IF(AND(G72="",H72=""),"",IF(G72="",H72,G72+H72)) -> 1.555 | M72: =IF(AND(G72="",I72=""),"",IF(G72="",I72,G72+I72)) -> 1.495 | O72: =IF(OR($AK72="",ISNUMBER($AK72)=FALSE),"",MAX(AK72:AN72)) | P72: =IF(OR($AK72="",ISNUMBER($AK72)=FALSE),"",MIN(AK72:AN72)) | Q72: =IF(OR($AK72="",ISNUMBER($AK72)=FALSE),"",AVERAGE(AK72:AN72)) | R72: =IF(OR($AK72="",ISNUMBER($AK72)=FALSE),"",STDEV(AK72:AN72)) | S72: =IF(OR($AK72="",ISNUMBER($AK72)=FALSE),"",IF(AND(G72="",I72=""),V72,IF(AND(G72="",H72=""),W72,(H72+ABS(I72))/(6*R72)))) | T72: =IF(OR($AK72="",ISNUMBER($AK72)=FALSE),"",IF(AND($F72="Tolerance",$G72<>""),($Q72-$G72)/(($L72-$M72)/2),IF(AND($F72="GD&T",$H72<>""),$Q72/$H72,""))) | U72: =IF($T72="","",IF(ABS($T72)<=0.125, "Level A",IF(AND(ABS($T72)>0.125,ABS($T72)<=0.25), "Level B",IF(AND(ABS($T72)>0.25,ABS($T72)<=0.5), "Level C", IF(ABS($T72)>0.5, "Level D"))))) | V72: =IF(OR($AK72="",ISNUMBER($AK72)=FALSE),"",IF(H72="","",(L72-Q72)/(3*R72))) | W72: =IF(OR($AK72="",ISNUMBER($AK72)=FALSE),"",IF(I72="","",(Q72-M72)/(3*R72))) | X72: =IF(OR($AK72="",ISNUMBER($AK72)=FALSE),"",IF(AND(G72=0,I72=0),((H72)-(Q72))/(3*R72),MIN(V72:W72))) | Y72: =IF(OR($AK72="",ISNUMBER($AK72)=FALSE),"",IF(AND(G72=0,I72=0),NORMSDIST(3*X72),NORMSDIST(3*X72)+NORMSDIST(6*S72-3*X72)-1)) | Z72: =IF($Q72="","",IF(F72="Tolerance",IF(($E72*3*R72+Q72)-G72<H72,"",($E72*3*R72+Q72)-G72),IF(OR(F72="GD&T",F72="MAX"),IF(($E72*3*R72+Q72)<H72,"",($E72*3*R72+Q72)),""))) | AA72: =IF(Q72="","",IF(F72="Tolerance",IF(-(($E72*3*R72)-Q72)-G72>I72,"",-(($E72*3*R72)-Q72)-G72),IF(F72="MIN",IF(-(($E72*3*R72)-Q72)>I72,"",-(($E72*3*R72)-Q72)),""))) | AB72: =IF(OR(G72="",Q72=""),"",(L72+M72)/2-Q72) | AC72: =IF(OR($S72>$AC$9,$R72=""),"",$AC$9*6*$R72) | AE72: =IF(AD72="","",IF(AD72>=0.966,"Normal","Not Normal"))
A73: 107 | B73: 41-P2 | C73: AH | D73: Distance | E73: 1.33 | F73: Tolerance | G73: 1.525 | H73: 0.03 | I73: -0.03 | J73: OMM | K73: NO | L73: =IF(AND(G73="",H73=""),"",IF(G73="",H73,G73+H73)) -> 1.555 | M73: =IF(AND(G73="",I73=""),"",IF(G73="",I73,G73+I73)) -> 1.495 | O73: =IF(OR($AK73="",ISNUMBER($AK73)=FALSE),"",MAX(AK73:AN73)) | P73: =IF(OR($AK73="",ISNUMBER($AK73)=FALSE),"",MIN(AK73:AN73)) | Q73: =IF(OR($AK73="",ISNUMBER($AK73)=FALSE),"",AVERAGE(AK73:AN73)) | R73: =IF(OR($AK73="",ISNUMBER($AK73)=FALSE),"",STDEV(AK73:AN73)) | S73: =IF(OR($AK73="",ISNUMBER($AK73)=FALSE),"",IF(AND(G73="",I73=""),V73,IF(AND(G73="",H73=""),W73,(H73+ABS(I73))/(6*R73)))) | T73: =IF(OR($AK73="",ISNUMBER($AK73)=FALSE),"",IF(AND($F73="Tolerance",$G73<>""),($Q73-$G73)/(($L73-$M73)/2),IF(AND($F73="GD&T",$H73<>""),$Q73/$H73,""))) | U73: =IF($T73="","",IF(ABS($T73)<=0.125, "Level A",IF(AND(ABS($T73)>0.125,ABS($T73)<=0.25), "Level B",IF(AND(ABS($T73)>0.25,ABS($T73)<=0.5), "Level C", IF(ABS($T73)>0.5, "Level D"))))) | V73: =IF(OR($AK73="",ISNUMBER($AK73)=FALSE),"",IF(H73="","",(L73-Q73)/(3*R73))) | W73: =IF(OR($AK73="",ISNUMBER($AK73)=FALSE),"",IF(I73="","",(Q73-M73)/(3*R73))) | X73: =IF(OR($AK73="",ISNUMBER($AK73)=FALSE),"",IF(AND(G73=0,I73=0),((H73)-(Q73))/(3*R73),MIN(V73:W73))) | Y73: =IF(OR($AK73="",ISNUMBER($AK73)=FALSE),"",IF(AND(G73=0,I73=0),NORMSDIST(3*X73),NORMSDIST(3*X73)+NORMSDIST(6*S73-3*X73)-1)) | Z73: =IF($Q73="","",IF(F73="Tolerance",IF(($E73*3*R73+Q73)-G73<H73,"",($E73*3*R73+Q73)-G73),IF(OR(F73="GD&T",F73="MAX"),IF(($E73*3*R73+Q73)<H73,"",($E73*3*R73+Q73)),""))) | AA73: =IF(Q73="","",IF(F73="Tolerance",IF(-(($E73*3*R73)-Q73)-G73>I73,"",-(($E73*3*R73)-Q73)-G73),IF(F73="MIN",IF(-(($E73*3*R73)-Q73)>I73,"",-(($E73*3*R73)-Q73)),""))) | AB73: =IF(OR(G73="",Q73=""),"",(L73+M73)/2-Q73) | AC73: =IF(OR($S73>$AC$9,$R73=""),"",$AC$9*6*$R73) | AE73: =IF(AD73="","",IF(AD73>=0.966,"Normal","Not Normal"))
A74: 108 | B74: 41-P3 | C74: AH | D74: Distance | E74: 1.33 | F74: Tolerance | G74: 1.525 | H74: 0.03 | I74: -0.03 | J74: OMM | K74: NO | L74: =IF(AND(G74="",H74=""),"",IF(G74="",H74,G74+H74)) -> 1.555 | M74: =IF(AND(G74="",I74=""),"",IF(G74="",I74,G74+I74)) -> 1.495 | O74: =IF(OR($AK74="",ISNUMBER($AK74)=FALSE),"",MAX(AK74:AN74)) | P74: =IF(OR($AK74="",ISNUMBER($AK74)=FALSE),"",MIN(AK74:AN74)) | Q74: =IF(OR($AK74="",ISNUMBER($AK74)=FALSE),"",AVERAGE(AK74:AN74)) | R74: =IF(OR($AK74="",ISNUMBER($AK74)=FALSE),"",STDEV(AK74:AN74)) | S74: =IF(OR($AK74="",ISNUMBER($AK74)=FALSE),"",IF(AND(G74="",I74=""),V74,IF(AND(G74="",H74=""),W74,(H74+ABS(I74))/(6*R74)))) | T74: =IF(OR($AK74="",ISNUMBER($AK74)=FALSE),"",IF(AND($F74="Tolerance",$G74<>""),($Q74-$G74)/(($L74-$M74)/2),IF(AND($F74="GD&T",$H74<>""),$Q74/$H74,""))) | U74: =IF($T74="","",IF(ABS($T74)<=0.125, "Level A",IF(AND(ABS($T74)>0.125,ABS($T74)<=0.25), "Level B",IF(AND(ABS($T74)>0.25,ABS($T74)<=0.5), "Level C", IF(ABS($T74)>0.5, "Level D"))))) | V74: =IF(OR($AK74="",ISNUMBER($AK74)=FALSE),"",IF(H74="","",(L74-Q74)/(3*R74))) | W74: =IF(OR($AK74="",ISNUMBER($AK74)=FALSE),"",IF(I74="","",(Q74-M74)/(3*R74))) | X74: =IF(OR($AK74="",ISNUMBER($AK74)=FALSE),"",IF(AND(G74=0,I74=0),((H74)-(Q74))/(3*R74),MIN(V74:W74))) | Y74: =IF(OR($AK74="",ISNUMBER($AK74)=FALSE),"",IF(AND(G74=0,I74=0),NORMSDIST(3*X74),NORMSDIST(3*X74)+NORMSDIST(6*S74-3*X74)-1)) | Z74: =IF($Q74="","",IF(F74="Tolerance",IF(($E74*3*R74+Q74)-G74<H74,"",($E74*3*R74+Q74)-G74),IF(OR(F74="GD&T",F74="MAX"),IF(($E74*3*R74+Q74)<H74,"",($E74*3*R74+Q74)),""))) | AA74: =IF(Q74="","",IF(F74="Tolerance",IF(-(($E74*3*R74)-Q74)-G74>I74,"",-(($E74*3*R74)-Q74)-G74),IF(F74="MIN",IF(-(($E74*3*R74)-Q74)>I74,"",-(($E74*3*R74)-Q74)),""))) | AB74: =IF(OR(G74="",Q74=""),"",(L74+M74)/2-Q74) | AC74: =IF(OR($S74>$AC$9,$R74=""),"",$AC$9*6*$R74) | AE74: =IF(AD74="","",IF(AD74>=0.966,"Normal","Not Normal"))
A75: 109 | B75: 41-P4 | C75: AH | D75: Distance | E75: 1.33 | F75: Tolerance | G75: 1.525 | H75: 0.03 | I75: -0.03 | J75: OMM | K75: NO | L75: =IF(AND(G75="",H75=""),"",IF(G75="",H75,G75+H75)) -> 1.555 | M75: =IF(AND(G75="",I75=""),"",IF(G75="",I75,G75+I75)) -> 1.495 | O75: =IF(OR($AK75="",ISNUMBER($AK75)=FALSE),"",MAX(AK75:AN75)) | P75: =IF(OR($AK75="",ISNUMBER($AK75)=FALSE),"",MIN(AK75:AN75)) | Q75: =IF(OR($AK75="",ISNUMBER($AK75)=FALSE),"",AVERAGE(AK75:AN75)) | R75: =IF(OR($AK75="",ISNUMBER($AK75)=FALSE),"",STDEV(AK75:AN75)) | S75: =IF(OR($AK75="",ISNUMBER($AK75)=FALSE),"",IF(AND(G75="",I75=""),V75,IF(AND(G75="",H75=""),W75,(H75+ABS(I75))/(6*R75)))) | T75: =IF(OR($AK75="",ISNUMBER($AK75)=FALSE),"",IF(AND($F75="Tolerance",$G75<>""),($Q75-$G75)/(($L75-$M75)/2),IF(AND($F75="GD&T",$H75<>""),$Q75/$H75,""))) | U75: =IF($T75="","",IF(ABS($T75)<=0.125, "Level A",IF(AND(ABS($T75)>0.125,ABS($T75)<=0.25), "Level B",IF(AND(ABS($T75)>0.25,ABS($T75)<=0.5), "Level C", IF(ABS($T75)>0.5, "Level D"))))) | V75: =IF(OR($AK75="",ISNUMBER($AK75)=FALSE),"",IF(H75="","",(L75-Q75)/(3*R75))) | W75: =IF(OR($AK75="",ISNUMBER($AK75)=FALSE),"",IF(I75="","",(Q75-M75)/(3*R75))) | X75: =IF(OR($AK75="",ISNUMBER($AK75)=FALSE),"",IF(AND(G75=0,I75=0),((H75)-(Q75))/(3*R75),MIN(V75:W75))) | Y75: =IF(OR($AK75="",ISNUMBER($AK75)=FALSE),"",IF(AND(G75=0,I75=0),NORMSDIST(3*X75),NORMSDIST(3*X75)+NORMSDIST(6*S75-3*X75)-1)) | Z75: =IF($Q75="","",IF(F75="Tolerance",IF(($E75*3*R75+Q75)-G75<H75,"",($E75*3*R75+Q75)-G75),IF(OR(F75="GD&T",F75="MAX"),IF(($E75*3*R75+Q75)<H75,"",($E75*3*R75+Q75)),""))) | AA75: =IF(Q75="","",IF(F75="Tolerance",IF(-(($E75*3*R75)-Q75)-G75>I75,"",-(($E75*3*R75)-Q75)-G75),IF(F75="MIN",IF(-(($E75*3*R75)-Q75)>I75,"",-(($E75*3*R75)-Q75)),""))) | AB75: =IF(OR(G75="",Q75=""),"",(L75+M75)/2-Q75) | AC75: =IF(OR($S75>$AC$9,$R75=""),"",$AC$9*6*$R75) | AE75: =IF(AD75="","",IF(AD75>=0.966,"Normal","Not Normal"))
A76: 114 | B76: 42-P1 | C76: AN | D76: Distance | F76: Tolerance | G76: 0.725 | H76: 0.03 | I76: -0.03 | J76: OMM | K76: NO | L76: =IF(AND(G76="",H76=""),"",IF(G76="",H76,G76+H76)) -> 0.755 | M76: =IF(AND(G76="",I76=""),"",IF(G76="",I76,G76+I76)) -> 0.695 | O76: =IF(OR($AK76="",ISNUMBER($AK76)=FALSE),"",MAX(AK76:AN76)) | P76: =IF(OR($AK76="",ISNUMBER($AK76)=FALSE),"",MIN(AK76:AN76)) | Q76: =IF(OR($AK76="",ISNUMBER($AK76)=FALSE),"",AVERAGE(AK76:AN76)) | R76: =IF(OR($AK76="",ISNUMBER($AK76)=FALSE),"",STDEV(AK76:AN76)) | S76: =IF(OR($AK76="",ISNUMBER($AK76)=FALSE),"",IF(AND(G76="",I76=""),V76,IF(AND(G76="",H76=""),W76,(H76+ABS(I76))/(6*R76)))) | T76: =IF(OR($AK76="",ISNUMBER($AK76)=FALSE),"",IF(AND($F76="Tolerance",$G76<>""),($Q76-$G76)/(($L76-$M76)/2),IF(AND($F76="GD&T",$H76<>""),$Q76/$H76,""))) | U76: =IF($T76="","",IF(ABS($T76)<=0.125, "Level A",IF(AND(ABS($T76)>0.125,ABS($T76)<=0.25), "Level B",IF(AND(ABS($T76)>0.25,ABS($T76)<=0.5), "Level C", IF(ABS($T76)>0.5, "Level D"))))) | V76: =IF(OR($AK76="",ISNUMBER($AK76)=FALSE),"",IF(H76="","",(L76-Q76)/(3*R76))) | W76: =IF(OR($AK76="",ISNUMBER($AK76)=FALSE),"",IF(I76="","",(Q76-M76)/(3*R76))) | X76: =IF(OR($AK76="",ISNUMBER($AK76)=FALSE),"",IF(AND(G76=0,I76=0),((H76)-(Q76))/(3*R76),MIN(V76:W76))) | Y76: =IF(OR($AK76="",ISNUMBER($AK76)=FALSE),"",IF(AND(G76=0,I76=0),NORMSDIST(3*X76),NORMSDIST(3*X76)+NORMSDIST(6*S76-3*X76)-1)) | Z76: =IF($Q76="","",IF(F76="Tolerance",IF(($E76*3*R76+Q76)-G76<H76,"",($E76*3*R76+Q76)-G76),IF(OR(F76="GD&T",F76="MAX"),IF(($E76*3*R76+Q76)<H76,"",($E76*3*R76+Q76)),""))) | AA76: =IF(Q76="","",IF(F76="Tolerance",IF(-(($E76*3*R76)-Q76)-G76>I76,"",-(($E76*3*R76)-Q76)-G76),IF(F76="MIN",IF(-(($E76*3*R76)-Q76)>I76,"",-(($E76*3*R76)-Q76)),""))) | AB76: =IF(OR(G76="",Q76=""),"",(L76+M76)/2-Q76) | AC76: =IF(OR($S76>$AC$9,$R76=""),"",$AC$9*6*$R76) | AE76: =IF(AD76="","",IF(AD76>=0.966,"Normal","Not Normal"))
A77: 115 | B77: 42-P2 | C77: AN | D77: Distance | F77: Tolerance | G77: 0.725 | H77: 0.03 | I77: -0.03 | J77: OMM | K77: NO | L77: =IF(AND(G77="",H77=""),"",IF(G77="",H77,G77+H77)) -> 0.755 | M77: =IF(AND(G77="",I77=""),"",IF(G77="",I77,G77+I77)) -> 0.695 | O77: =IF(OR($AK77="",ISNUMBER($AK77)=FALSE),"",MAX(AK77:AN77)) | P77: =IF(OR($AK77="",ISNUMBER($AK77)=FALSE),"",MIN(AK77:AN77)) | Q77: =IF(OR($AK77="",ISNUMBER($AK77)=FALSE),"",AVERAGE(AK77:AN77)) | R77: =IF(OR($AK77="",ISNUMBER($AK77)=FALSE),"",STDEV(AK77:AN77)) | S77: =IF(OR($AK77="",ISNUMBER($AK77)=FALSE),"",IF(AND(G77="",I77=""),V77,IF(AND(G77="",H77=""),W77,(H77+ABS(I77))/(6*R77)))) | T77: =IF(OR($AK77="",ISNUMBER($AK77)=FALSE),"",IF(AND($F77="Tolerance",$G77<>""),($Q77-$G77)/(($L77-$M77)/2),IF(AND($F77="GD&T",$H77<>""),$Q77/$H77,""))) | U77: =IF($T77="","",IF(ABS($T77)<=0.125, "Level A",IF(AND(ABS($T77)>0.125,ABS($T77)<=0.25), "Level B",IF(AND(ABS($T77)>0.25,ABS($T77)<=0.5), "Level C", IF(ABS($T77)>0.5, "Level D"))))) | V77: =IF(OR($AK77="",ISNUMBER($AK77)=FALSE),"",IF(H77="","",(L77-Q77)/(3*R77))) | W77: =IF(OR($AK77="",ISNUMBER($AK77)=FALSE),"",IF(I77="","",(Q77-M77)/(3*R77))) | X77: =IF(OR($AK77="",ISNUMBER($AK77)=FALSE),"",IF(AND(G77=0,I77=0),((H77)-(Q77))/(3*R77),MIN(V77:W77))) | Y77: =IF(OR($AK77="",ISNUMBER($AK77)=FALSE),"",IF(AND(G77=0,I77=0),NORMSDIST(3*X77),NORMSDIST(3*X77)+NORMSDIST(6*S77-3*X77)-1)) | Z77: =IF($Q77="","",IF(F77="Tolerance",IF(($E77*3*R77+Q77)-G77<H77,"",($E77*3*R77+Q77)-G77),IF(OR(F77="GD&T",F77="MAX"),IF(($E77*3*R77+Q77)<H77,"",($E77*3*R77+Q77)),""))) | AA77: =IF(Q77="","",IF(F77="Tolerance",IF(-(($E77*3*R77)-Q77)-G77>I77,"",-(($E77*3*R77)-Q77)-G77),IF(F77="MIN",IF(-(($E77*3*R77)-Q77)>I77,"",-(($E77*3*R77)-Q77)),""))) | AB77: =IF(OR(G77="",Q77=""),"",(L77+M77)/2-Q77) | AC77: =IF(OR($S77>$AC$9,$R77=""),"",$AC$9*6*$R77) | AE77: =IF(AD77="","",IF(AD77>=0.966,"Normal","Not Normal"))
A78: 116 | B78: 42-P3 | C78: AN | D78: Distance | F78: Tolerance | G78: 0.725 | H78: 0.03 | I78: -0.03 | J78: OMM | K78: NO | L78: =IF(AND(G78="",H78=""),"",IF(G78="",H78,G78+H78)) -> 0.755 | M78: =IF(AND(G78="",I78=""),"",IF(G78="",I78,G78+I78)) -> 0.695 | O78: =IF(OR($AK78="",ISNUMBER($AK78)=FALSE),"",MAX(AK78:AN78)) | P78: =IF(OR($AK78="",ISNUMBER($AK78)=FALSE),"",MIN(AK78:AN78)) | Q78: =IF(OR($AK78="",ISNUMBER($AK78)=FALSE),"",AVERAGE(AK78:AN78)) | R78: =IF(OR($AK78="",ISNUMBER($AK78)=FALSE),"",STDEV(AK78:AN78)) | S78: =IF(OR($AK78="",ISNUMBER($AK78)=FALSE),"",IF(AND(G78="",I78=""),V78,IF(AND(G78="",H78=""),W78,(H78+ABS(I78))/(6*R78)))) | T78: =IF(OR($AK78="",ISNUMBER($AK78)=FALSE),"",IF(AND($F78="Tolerance",$G78<>""),($Q78-$G78)/(($L78-$M78)/2),IF(AND($F78="GD&T",$H78<>""),$Q78/$H78,""))) | U78: =IF($T78="","",IF(ABS($T78)<=0.125, "Level A",IF(AND(ABS($T78)>0.125,ABS($T78)<=0.25), "Level B",IF(AND(ABS($T78)>0.25,ABS($T78)<=0.5), "Level C", IF(ABS($T78)>0.5, "Level D"))))) | V78: =IF(OR($AK78="",ISNUMBER($AK78)=FALSE),"",IF(H78="","",(L78-Q78)/(3*R78))) | W78: =IF(OR($AK78="",ISNUMBER($AK78)=FALSE),"",IF(I78="","",(Q78-M78)/(3*R78))) | X78: =IF(OR($AK78="",ISNUMBER($AK78)=FALSE),"",IF(AND(G78=0,I78=0),((H78)-(Q78))/(3*R78),MIN(V78:W78))) | Y78: =IF(OR($AK78="",ISNUMBER($AK78)=FALSE),"",IF(AND(G78=0,I78=0),NORMSDIST(3*X78),NORMSDIST(3*X78)+NORMSDIST(6*S78-3*X78)-1)) | Z78: =IF($Q78="","",IF(F78="Tolerance",IF(($E78*3*R78+Q78)-G78<H78,"",($E78*3*R78+Q78)-G78),IF(OR(F78="GD&T",F78="MAX"),IF(($E78*3*R78+Q78)<H78,"",($E78*3*R78+Q78)),""))) | AA78: =IF(Q78="","",IF(F78="Tolerance",IF(-(($E78*3*R78)-Q78)-G78>I78,"",-(($E78*3*R78)-Q78)-G78),IF(F78="MIN",IF(-(($E78*3*R78)-Q78)>I78,"",-(($E78*3*R78)-Q78)),""))) | AB78: =IF(OR(G78="",Q78=""),"",(L78+M78)/2-Q78) | AC78: =IF(OR($S78>$AC$9,$R78=""),"",$AC$9*6*$R78) | AE78: =IF(AD78="","",IF(AD78>=0.966,"Normal","Not Normal"))
A79: 117 | B79: 43 | D79: Distance | F79: Tolerance | G79: 18.573 | H79: 0.03 | I79: -0.03 | J79: OMM | K79: NO | L79: =IF(AND(G79="",H79=""),"",IF(G79="",H79,G79+H79)) -> 18.603 | M79: =IF(AND(G79="",I79=""),"",IF(G79="",I79,G79+I79)) -> 18.543 | O79: =IF(OR($AK79="",ISNUMBER($AK79)=FALSE),"",MAX(AK79:AN79)) | P79: =IF(OR($AK79="",ISNUMBER($AK79)=FALSE),"",MIN(AK79:AN79)) | Q79: =IF(OR($AK79="",ISNUMBER($AK79)=FALSE),"",AVERAGE(AK79:AN79)) | R79: =IF(OR($AK79="",ISNUMBER($AK79)=FALSE),"",STDEV(AK79:AN79)) | S79: =IF(OR($AK79="",ISNUMBER($AK79)=FALSE),"",IF(AND(G79="",I79=""),V79,IF(AND(G79="",H79=""),W79,(H79+ABS(I79))/(6*R79)))) | T79: =IF(OR($AK79="",ISNUMBER($AK79)=FALSE),"",IF(AND($F79="Tolerance",$G79<>""),($Q79-$G79)/(($L79-$M79)/2),IF(AND($F79="GD&T",$H79<>""),$Q79/$H79,""))) | U79: =IF($T79="","",IF(ABS($T79)<=0.125, "Level A",IF(AND(ABS($T79)>0.125,ABS($T79)<=0.25), "Level B",IF(AND(ABS($T79)>0.25,ABS($T79)<=0.5), "Level C", IF(ABS($T79)>0.5, "Level D"))))) | V79: =IF(OR($AK79="",ISNUMBER($AK79)=FALSE),"",IF(H79="","",(L79-Q79)/(3*R79))) | W79: =IF(OR($AK79="",ISNUMBER($AK79)=FALSE),"",IF(I79="","",(Q79-M79)/(3*R79))) | X79: =IF(OR($AK79="",ISNUMBER($AK79)=FALSE),"",IF(AND(G79=0,I79=0),((H79)-(Q79))/(3*R79),MIN(V79:W79))) | Y79: =IF(OR($AK79="",ISNUMBER($AK79)=FALSE),"",IF(AND(G79=0,I79=0),NORMSDIST(3*X79),NORMSDIST(3*X79)+NORMSDIST(6*S79-3*X79)-1)) | Z79: =IF($Q79="","",IF(F79="Tolerance",IF(($E79*3*R79+Q79)-G79<H79,"",($E79*3*R79+Q79)-G79),IF(OR(F79="GD&T",F79="MAX"),IF(($E79*3*R79+Q79)<H79,"",($E79*3*R79+Q79)),""))) | AA79: =IF(Q79="","",IF(F79="Tolerance",IF(-(($E79*3*R79)-Q79)-G79>I79,"",-(($E79*3*R79)-Q79)-G79),IF(F79="MIN",IF(-(($E79*3*R79)-Q79)>I79,"",-(($E79*3*R79)-Q79)),""))) | AB79: =IF(OR(G79="",Q79=""),"",(L79+M79)/2-Q79) | AC79: =IF(OR($S79>$AC$9,$R79=""),"",$AC$9*6*$R79) | AE79: =IF(AD79="","",IF(AD79>=0.966,"Normal","Not Normal"))
A80: 118 | B80: 44-P73 | C80: AI | D80: Distance | E80: 1.33 | F80: Tolerance | G80: 0.939 | H80: 0.03 | I80: -0.02 | J80: CMM | K80: NO | L80: =IF(AND(G80="",H80=""),"",IF(G80="",H80,G80+H80)) -> 0.969 | M80: =IF(AND(G80="",I80=""),"",IF(G80="",I80,G80+I80)) -> 0.919 | O80: =IF(OR($AK80="",ISNUMBER($AK80)=FALSE),"",MAX(AK80:AN80)) | P80: =IF(OR($AK80="",ISNUMBER($AK80)=FALSE),"",MIN(AK80:AN80)) | Q80: =IF(OR($AK80="",ISNUMBER($AK80)=FALSE),"",AVERAGE(AK80:AN80)) | R80: =IF(OR($AK80="",ISNUMBER($AK80)=FALSE),"",STDEV(AK80:AN80)) | S80: =IF(OR($AK80="",ISNUMBER($AK80)=FALSE),"",IF(AND(G80="",I80=""),V80,IF(AND(G80="",H80=""),W80,(H80+ABS(I80))/(6*R80)))) | T80: =IF(OR($AK80="",ISNUMBER($AK80)=FALSE),"",IF(AND($F80="Tolerance",$G80<>""),($Q80-$G80)/(($L80-$M80)/2),IF(AND($F80="GD&T",$H80<>""),$Q80/$H80,""))) | U80: =IF($T80="","",IF(ABS($T80)<=0.125, "Level A",IF(AND(ABS($T80)>0.125,ABS($T80)<=0.25), "Level B",IF(AND(ABS($T80)>0.25,ABS($T80)<=0.5), "Level C", IF(ABS($T80)>0.5, "Level D"))))) | V80: =IF(OR($AK80="",ISNUMBER($AK80)=FALSE),"",IF(H80="","",(L80-Q80)/(3*R80))) | W80: =IF(OR($AK80="",ISNUMBER($AK80)=FALSE),"",IF(I80="","",(Q80-M80)/(3*R80))) | X80: =IF(OR($AK80="",ISNUMBER($AK80)=FALSE),"",IF(AND(G80=0,I80=0),((H80)-(Q80))/(3*R80),MIN(V80:W80))) | Y80: =IF(OR($AK80="",ISNUMBER($AK80)=FALSE),"",IF(AND(G80=0,I80=0),NORMSDIST(3*X80),NORMSDIST(3*X80)+NORMSDIST(6*S80-3*X80)-1)) | Z80: =IF($Q80="","",IF(F80="Tolerance",IF(($E80*3*R80+Q80)-G80<H80,"",($E80*3*R80+Q80)-G80),IF(OR(F80="GD&T",F80="MAX"),IF(($E80*3*R80+Q80)<H80,"",($E80*3*R80+Q80)),""))) | AA80: =IF(Q80="","",IF(F80="Tolerance",IF(-(($E80*3*R80)-Q80)-G80>I80,"",-(($E80*3*R80)-Q80)-G80),IF(F80="MIN",IF(-(($E80*3*R80)-Q80)>I80,"",-(($E80*3*R80)-Q80)),""))) | AB80: =IF(OR(G80="",Q80=""),"",(L80+M80)/2-Q80) | AC80: =IF(OR($S80>$AC$9,$R80=""),"",$AC$9*6*$R80) | AE80: =IF(AD80="","",IF(AD80>=0.966,"Normal","Not Normal"))
A81: 119 | B81: 44-P52 | C81: AI | D81: Distance | E81: 1.33 | F81: Tolerance | G81: 0.939 | H81: 0.03 | I81: -0.02 | J81: CMM | K81: NO | L81: =IF(AND(G81="",H81=""),"",IF(G81="",H81,G81+H81)) -> 0.969 | M81: =IF(AND(G81="",I81=""),"",IF(G81="",I81,G81+I81)) -> 0.919 | O81: =IF(OR($AK81="",ISNUMBER($AK81)=FALSE),"",MAX(AK81:AN81)) | P81: =IF(OR($AK81="",ISNUMBER($AK81)=FALSE),"",MIN(AK81:AN81)) | Q81: =IF(OR($AK81="",ISNUMBER($AK81)=FALSE),"",AVERAGE(AK81:AN81)) | R81: =IF(OR($AK81="",ISNUMBER($AK81)=FALSE),"",STDEV(AK81:AN81)) | S81: =IF(OR($AK81="",ISNUMBER($AK81)=FALSE),"",IF(AND(G81="",I81=""),V81,IF(AND(G81="",H81=""),W81,(H81+ABS(I81))/(6*R81)))) | T81: =IF(OR($AK81="",ISNUMBER($AK81)=FALSE),"",IF(AND($F81="Tolerance",$G81<>""),($Q81-$G81)/(($L81-$M81)/2),IF(AND($F81="GD&T",$H81<>""),$Q81/$H81,""))) | U81: =IF($T81="","",IF(ABS($T81)<=0.125, "Level A",IF(AND(ABS($T81)>0.125,ABS($T81)<=0.25), "Level B",IF(AND(ABS($T81)>0.25,ABS($T81)<=0.5), "Level C", IF(ABS($T81)>0.5, "Level D"))))) | V81: =IF(OR($AK81="",ISNUMBER($AK81)=FALSE),"",IF(H81="","",(L81-Q81)/(3*R81))) | W81: =IF(OR($AK81="",ISNUMBER($AK81)=FALSE),"",IF(I81="","",(Q81-M81)/(3*R81))) | X81: =IF(OR($AK81="",ISNUMBER($AK81)=FALSE),"",IF(AND(G81=0,I81=0),((H81)-(Q81))/(3*R81),MIN(V81:W81))) | Y81: =IF(OR($AK81="",ISNUMBER($AK81)=FALSE),"",IF(AND(G81=0,I81=0),NORMSDIST(3*X81),NORMSDIST(3*X81)+NORMSDIST(6*S81-3*X81)-1)) | Z81: =IF($Q81="","",IF(F81="Tolerance",IF(($E81*3*R81+Q81)-G81<H81,"",($E81*3*R81+Q81)-G81),IF(OR(F81="GD&T",F81="MAX"),IF(($E81*3*R81+Q81)<H81,"",($E81*3*R81+Q81)),""))) | AA81: =IF(Q81="","",IF(F81="Tolerance",IF(-(($E81*3*R81)-Q81)-G81>I81,"",-(($E81*3*R81)-Q81)-G81),IF(F81="MIN",IF(-(($E81*3*R81)-Q81)>I81,"",-(($E81*3*R81)-Q81)),""))) | AB81: =IF(OR(G81="",Q81=""),"",(L81+M81)/2-Q81) | AC81: =IF(OR($S81>$AC$9,$R81=""),"",$AC$9*6*$R81) | AE81: =IF(AD81="","",IF(AD81>=0.966,"Normal","Not Normal"))
A82: 120 | B82: 44-P36 | C82: AI | D82: Distance | E82: 1.33 | F82: Tolerance | G82: 0.939 | H82: 0.03 | I82: -0.02 | J82: CMM | K82: NO | L82: =IF(AND(G82="",H82=""),"",IF(G82="",H82,G82+H82)) -> 0.969 | M82: =IF(AND(G82="",I82=""),"",IF(G82="",I82,G82+I82)) -> 0.919 | O82: =IF(OR($AK82="",ISNUMBER($AK82)=FALSE),"",MAX(AK82:AN82)) | P82: =IF(OR($AK82="",ISNUMBER($AK82)=FALSE),"",MIN(AK82:AN82)) | Q82: =IF(OR($AK82="",ISNUMBER($AK82)=FALSE),"",AVERAGE(AK82:AN82)) | R82: =IF(OR($AK82="",ISNUMBER($AK82)=FALSE),"",STDEV(AK82:AN82)) | S82: =IF(OR($AK82="",ISNUMBER($AK82)=FALSE),"",IF(AND(G82="",I82=""),V82,IF(AND(G82="",H82=""),W82,(H82+ABS(I82))/(6*R82)))) | T82: =IF(OR($AK82="",ISNUMBER($AK82)=FALSE),"",IF(AND($F82="Tolerance",$G82<>""),($Q82-$G82)/(($L82-$M82)/2),IF(AND($F82="GD&T",$H82<>""),$Q82/$H82,""))) | U82: =IF($T82="","",IF(ABS($T82)<=0.125, "Level A",IF(AND(ABS($T82)>0.125,ABS($T82)<=0.25), "Level B",IF(AND(ABS($T82)>0.25,ABS($T82)<=0.5), "Level C", IF(ABS($T82)>0.5, "Level D"))))) | V82: =IF(OR($AK82="",ISNUMBER($AK82)=FALSE),"",IF(H82="","",(L82-Q82)/(3*R82))) | W82: =IF(OR($AK82="",ISNUMBER($AK82)=FALSE),"",IF(I82="","",(Q82-M82)/(3*R82))) | X82: =IF(OR($AK82="",ISNUMBER($AK82)=FALSE),"",IF(AND(G82=0,I82=0),((H82)-(Q82))/(3*R82),MIN(V82:W82))) | Y82: =IF(OR($AK82="",ISNUMBER($AK82)=FALSE),"",IF(AND(G82=0,I82=0),NORMSDIST(3*X82),NORMSDIST(3*X82)+NORMSDIST(6*S82-3*X82)-1)) | Z82: =IF($Q82="","",IF(F82="Tolerance",IF(($E82*3*R82+Q82)-G82<H82,"",($E82*3*R82+Q82)-G82),IF(OR(F82="GD&T",F82="MAX"),IF(($E82*3*R82+Q82)<H82,"",($E82*3*R82+Q82)),""))) | AA82: =IF(Q82="","",IF(F82="Tolerance",IF(-(($E82*3*R82)-Q82)-G82>I82,"",-(($E82*3*R82)-Q82)-G82),IF(F82="MIN",IF(-(($E82*3*R82)-Q82)>I82,"",-(($E82*3*R82)-Q82)),""))) | AB82: =IF(OR(G82="",Q82=""),"",(L82+M82)/2-Q82) | AC82: =IF(OR($S82>$AC$9,$R82=""),"",$AC$9*6*$R82) | AE82: =IF(AD82="","",IF(AD82>=0.966,"Normal","Not Normal"))
A83: 121 | B83: 44-P21 | C83: AI | D83: Distance | E83: 1.33 | F83: Tolerance | G83: 0.939 | H83: 0.03 | I83: -0.02 | J83: CMM | K83: NO | L83: =IF(AND(G83="",H83=""),"",IF(G83="",H83,G83+H83)) -> 0.969 | M83: =IF(AND(G83="",I83=""),"",IF(G83="",I83,G83+I83)) -> 0.919 | O83: =IF(OR($AK83="",ISNUMBER($AK83)=FALSE),"",MAX(AK83:AN83)) | P83: =IF(OR($AK83="",ISNUMBER($AK83)=FALSE),"",MIN(AK83:AN83)) | Q83: =IF(OR($AK83="",ISNUMBER($AK83)=FALSE),"",AVERAGE(AK83:AN83)) | R83: =IF(OR($AK83="",ISNUMBER($AK83)=FALSE),"",STDEV(AK83:AN83)) | S83: =IF(OR($AK83="",ISNUMBER($AK83)=FALSE),"",IF(AND(G83="",I83=""),V83,IF(AND(G83="",H83=""),W83,(H83+ABS(I83))/(6*R83)))) | T83: =IF(OR($AK83="",ISNUMBER($AK83)=FALSE),"",IF(AND($F83="Tolerance",$G83<>""),($Q83-$G83)/(($L83-$M83)/2),IF(AND($F83="GD&T",$H83<>""),$Q83/$H83,""))) | U83: =IF($T83="","",IF(ABS($T83)<=0.125, "Level A",IF(AND(ABS($T83)>0.125,ABS($T83)<=0.25), "Level B",IF(AND(ABS($T83)>0.25,ABS($T83)<=0.5), "Level C", IF(ABS($T83)>0.5, "Level D"))))) | V83: =IF(OR($AK83="",ISNUMBER($AK83)=FALSE),"",IF(H83="","",(L83-Q83)/(3*R83))) | W83: =IF(OR($AK83="",ISNUMBER($AK83)=FALSE),"",IF(I83="","",(Q83-M83)/(3*R83))) | X83: =IF(OR($AK83="",ISNUMBER($AK83)=FALSE),"",IF(AND(G83=0,I83=0),((H83)-(Q83))/(3*R83),MIN(V83:W83))) | Y83: =IF(OR($AK83="",ISNUMBER($AK83)=FALSE),"",IF(AND(G83=0,I83=0),NORMSDIST(3*X83),NORMSDIST(3*X83)+NORMSDIST(6*S83-3*X83)-1)) | Z83: =IF($Q83="","",IF(F83="Tolerance",IF(($E83*3*R83+Q83)-G83<H83,"",($E83*3*R83+Q83)-G83),IF(OR(F83="GD&T",F83="MAX"),IF(($E83*3*R83+Q83)<H83,"",($E83*3*R83+Q83)),""))) | AA83: =IF(Q83="","",IF(F83="Tolerance",IF(-(($E83*3*R83)-Q83)-G83>I83,"",-(($E83*3*R83)-Q83)-G83),IF(F83="MIN",IF(-(($E83*3*R83)-Q83)>I83,"",-(($E83*3*R83)-Q83)),""))) | AB83: =IF(OR(G83="",Q83=""),"",(L83+M83)/2-Q83) | AC83: =IF(OR($S83>$AC$9,$R83=""),"",$AC$9*6*$R83) | AE83: =IF(AD83="","",IF(AD83>=0.966,"Normal","Not Normal"))
A84: 122 | B84: 44_P2 | C84: AI | D84: Distance | E84: 1.33 | F84: Tolerance | G84: 0.939 | H84: 0.03 | I84: -0.02 | J84: CMM | K84: NO | L84: =IF(AND(G84="",H84=""),"",IF(G84="",H84,G84+H84)) -> 0.969 | M84: =IF(AND(G84="",I84=""),"",IF(G84="",I84,G84+I84)) -> 0.919 | O84: =IF(OR($AK84="",ISNUMBER($AK84)=FALSE),"",MAX(AK84:AN84)) | P84: =IF(OR($AK84="",ISNUMBER($AK84)=FALSE),"",MIN(AK84:AN84)) | Q84: =IF(OR($AK84="",ISNUMBER($AK84)=FALSE),"",AVERAGE(AK84:AN84)) | R84: =IF(OR($AK84="",ISNUMBER($AK84)=FALSE),"",STDEV(AK84:AN84)) | S84: =IF(OR($AK84="",ISNUMBER($AK84)=FALSE),"",IF(AND(G84="",I84=""),V84,IF(AND(G84="",H84=""),W84,(H84+ABS(I84))/(6*R84)))) | T84: =IF(OR($AK84="",ISNUMBER($AK84)=FALSE),"",IF(AND($F84="Tolerance",$G84<>""),($Q84-$G84)/(($L84-$M84)/2),IF(AND($F84="GD&T",$H84<>""),$Q84/$H84,""))) | U84: =IF($T84="","",IF(ABS($T84)<=0.125, "Level A",IF(AND(ABS($T84)>0.125,ABS($T84)<=0.25), "Level B",IF(AND(ABS($T84)>0.25,ABS($T84)<=0.5), "Level C", IF(ABS($T84)>0.5, "Level D"))))) | V84: =IF(OR($AK84="",ISNUMBER($AK84)=FALSE),"",IF(H84="","",(L84-Q84)/(3*R84))) | W84: =IF(OR($AK84="",ISNUMBER($AK84)=FALSE),"",IF(I84="","",(Q84-M84)/(3*R84))) | X84: =IF(OR($AK84="",ISNUMBER($AK84)=FALSE),"",IF(AND(G84=0,I84=0),((H84)-(Q84))/(3*R84),MIN(V84:W84))) | Y84: =IF(OR($AK84="",ISNUMBER($AK84)=FALSE),"",IF(AND(G84=0,I84=0),NORMSDIST(3*X84),NORMSDIST(3*X84)+NORMSDIST(6*S84-3*X84)-1)) | Z84: =IF($Q84="","",IF(F84="Tolerance",IF(($E84*3*R84+Q84)-G84<H84,"",($E84*3*R84+Q84)-G84),IF(OR(F84="GD&T",F84="MAX"),IF(($E84*3*R84+Q84)<H84,"",($E84*3*R84+Q84)),""))) | AA84: =IF(Q84="","",IF(F84="Tolerance",IF(-(($E84*3*R84)-Q84)-G84>I84,"",-(($E84*3*R84)-Q84)-G84),IF(F84="MIN",IF(-(($E84*3*R84)-Q84)>I84,"",-(($E84*3*R84)-Q84)),""))) | AB84: =IF(OR(G84="",Q84=""),"",(L84+M84)/2-Q84) | AC84: =IF(OR($S84>$AC$9,$R84=""),"",$AC$9*6*$R84) | AE84: =IF(AD84="","",IF(AD84>=0.966,"Normal","Not Normal"))
A85: 123 | B85: 44_P1 | C85: AI | D85: Distance | E85: 1.33 | F85: Tolerance | G85: 0.939 | H85: 0.03 | I85: -0.02 | J85: CMM | K85: NO | L85: =IF(AND(G85="",H85=""),"",IF(G85="",H85,G85+H85)) -> 0.969 | M85: =IF(AND(G85="",I85=""),"",IF(G85="",I85,G85+I85)) -> 0.919 | O85: =IF(OR($AK85="",ISNUMBER($AK85)=FALSE),"",MAX(AK85:AN85)) | P85: =IF(OR($AK85="",ISNUMBER($AK85)=FALSE),"",MIN(AK85:AN85)) | Q85: =IF(OR($AK85="",ISNUMBER($AK85)=FALSE),"",AVERAGE(AK85:AN85)) | R85: =IF(OR($AK85="",ISNUMBER($AK85)=FALSE),"",STDEV(AK85:AN85)) | S85: =IF(OR($AK85="",ISNUMBER($AK85)=FALSE),"",IF(AND(G85="",I85=""),V85,IF(AND(G85="",H85=""),W85,(H85+ABS(I85))/(6*R85)))) | T85: =IF(OR($AK85="",ISNUMBER($AK85)=FALSE),"",IF(AND($F85="Tolerance",$G85<>""),($Q85-$G85)/(($L85-$M85)/2),IF(AND($F85="GD&T",$H85<>""),$Q85/$H85,""))) | U85: =IF($T85="","",IF(ABS($T85)<=0.125, "Level A",IF(AND(ABS($T85)>0.125,ABS($T85)<=0.25), "Level B",IF(AND(ABS($T85)>0.25,ABS($T85)<=0.5), "Level C", IF(ABS($T85)>0.5, "Level D"))))) | V85: =IF(OR($AK85="",ISNUMBER($AK85)=FALSE),"",IF(H85="","",(L85-Q85)/(3*R85))) | W85: =IF(OR($AK85="",ISNUMBER($AK85)=FALSE),"",IF(I85="","",(Q85-M85)/(3*R85))) | X85: =IF(OR($AK85="",ISNUMBER($AK85)=FALSE),"",IF(AND(G85=0,I85=0),((H85)-(Q85))/(3*R85),MIN(V85:W85))) | Y85: =IF(OR($AK85="",ISNUMBER($AK85)=FALSE),"",IF(AND(G85=0,I85=0),NORMSDIST(3*X85),NORMSDIST(3*X85)+NORMSDIST(6*S85-3*X85)-1)) | Z85: =IF($Q85="","",IF(F85="Tolerance",IF(($E85*3*R85+Q85)-G85<H85,"",($E85*3*R85+Q85)-G85),IF(OR(F85="GD&T",F85="MAX"),IF(($E85*3*R85+Q85)<H85,"",($E85*3*R85+Q85)),""))) | AA85: =IF(Q85="","",IF(F85="Tolerance",IF(-(($E85*3*R85)-Q85)-G85>I85,"",-(($E85*3*R85)-Q85)-G85),IF(F85="MIN",IF(-(($E85*3*R85)-Q85)>I85,"",-(($E85*3*R85)-Q85)),""))) | AB85: =IF(OR(G85="",Q85=""),"",(L85+M85)/2-Q85) | AC85: =IF(OR($S85>$AC$9,$R85=""),"",$AC$9*6*$R85) | AE85: =IF(AD85="","",IF(AD85>=0.966,"Normal","Not Normal"))
A86: 128 | B86: 45-1 | C86: AJ | D86: Distance | F86: Tolerance | G86: 18.419 | H86: 0.03 | I86: -0.03 | J86: OMM | K86: NO | L86: =IF(AND(G86="",H86=""),"",IF(G86="",H86,G86+H86)) -> 18.449 | M86: =IF(AND(G86="",I86=""),"",IF(G86="",I86,G86+I86)) -> 18.389 | O86: =IF(OR($AK86="",ISNUMBER($AK86)=FALSE),"",MAX(AK86:AN86)) | P86: =IF(OR($AK86="",ISNUMBER($AK86)=FALSE),"",MIN(AK86:AN86)) | Q86: =IF(OR($AK86="",ISNUMBER($AK86)=FALSE),"",AVERAGE(AK86:AN86)) | R86: =IF(OR($AK86="",ISNUMBER($AK86)=FALSE),"",STDEV(AK86:AN86)) | S86: =IF(OR($AK86="",ISNUMBER($AK86)=FALSE),"",IF(AND(G86="",I86=""),V86,IF(AND(G86="",H86=""),W86,(H86+ABS(I86))/(6*R86)))) | T86: =IF(OR($AK86="",ISNUMBER($AK86)=FALSE),"",IF(AND($F86="Tolerance",$G86<>""),($Q86-$G86)/(($L86-$M86)/2),IF(AND($F86="GD&T",$H86<>""),$Q86/$H86,""))) | U86: =IF($T86="","",IF(ABS($T86)<=0.125, "Level A",IF(AND(ABS($T86)>0.125,ABS($T86)<=0.25), "Level B",IF(AND(ABS($T86)>0.25,ABS($T86)<=0.5), "Level C", IF(ABS($T86)>0.5, "Level D"))))) | V86: =IF(OR($AK86="",ISNUMBER($AK86)=FALSE),"",IF(H86="","",(L86-Q86)/(3*R86))) | W86: =IF(OR($AK86="",ISNUMBER($AK86)=FALSE),"",IF(I86="","",(Q86-M86)/(3*R86))) | X86: =IF(OR($AK86="",ISNUMBER($AK86)=FALSE),"",IF(AND(G86=0,I86=0),((H86)-(Q86))/(3*R86),MIN(V86:W86))) | Y86: =IF(OR($AK86="",ISNUMBER($AK86)=FALSE),"",IF(AND(G86=0,I86=0),NORMSDIST(3*X86),NORMSDIST(3*X86)+NORMSDIST(6*S86-3*X86)-1)) | Z86: =IF($Q86="","",IF(F86="Tolerance",IF(($E86*3*R86+Q86)-G86<H86,"",($E86*3*R86+Q86)-G86),IF(OR(F86="GD&T",F86="MAX"),IF(($E86*3*R86+Q86)<H86,"",($E86*3*R86+Q86)),""))) | AA86: =IF(Q86="","",IF(F86="Tolerance",IF(-(($E86*3*R86)-Q86)-G86>I86,"",-(($E86*3*R86)-Q86)-G86),IF(F86="MIN",IF(-(($E86*3*R86)-Q86)>I86,"",-(($E86*3*R86)-Q86)),""))) | AB86: =IF(OR(G86="",Q86=""),"",(L86+M86)/2-Q86) | AC86: =IF(OR($S86>$AC$9,$R86=""),"",$AC$9*6*$R86) | AE86: =IF(AD86="","",IF(AD86>=0.966,"Normal","Not Normal"))
A87: 129 | B87: 45-2 | C87: AJ | D87: Distance | F87: Tolerance | G87: 18.419 | H87: 0.03 | I87: -0.03 | J87: OMM | K87: NO | L87: =IF(AND(G87="",H87=""),"",IF(G87="",H87,G87+H87)) -> 18.449 | M87: =IF(AND(G87="",I87=""),"",IF(G87="",I87,G87+I87)) -> 18.389 | O87: =IF(OR($AK87="",ISNUMBER($AK87)=FALSE),"",MAX(AK87:AN87)) | P87: =IF(OR($AK87="",ISNUMBER($AK87)=FALSE),"",MIN(AK87:AN87)) | Q87: =IF(OR($AK87="",ISNUMBER($AK87)=FALSE),"",AVERAGE(AK87:AN87)) | R87: =IF(OR($AK87="",ISNUMBER($AK87)=FALSE),"",STDEV(AK87:AN87)) | S87: =IF(OR($AK87="",ISNUMBER($AK87)=FALSE),"",IF(AND(G87="",I87=""),V87,IF(AND(G87="",H87=""),W87,(H87+ABS(I87))/(6*R87)))) | T87: =IF(OR($AK87="",ISNUMBER($AK87)=FALSE),"",IF(AND($F87="Tolerance",$G87<>""),($Q87-$G87)/(($L87-$M87)/2),IF(AND($F87="GD&T",$H87<>""),$Q87/$H87,""))) | U87: =IF($T87="","",IF(ABS($T87)<=0.125, "Level A",IF(AND(ABS($T87)>0.125,ABS($T87)<=0.25), "Level B",IF(AND(ABS($T87)>0.25,ABS($T87)<=0.5), "Level C", IF(ABS($T87)>0.5, "Level D"))))) | V87: =IF(OR($AK87="",ISNUMBER($AK87)=FALSE),"",IF(H87="","",(L87-Q87)/(3*R87))) | W87: =IF(OR($AK87="",ISNUMBER($AK87)=FALSE),"",IF(I87="","",(Q87-M87)/(3*R87))) | X87: =IF(OR($AK87="",ISNUMBER($AK87)=FALSE),"",IF(AND(G87=0,I87=0),((H87)-(Q87))/(3*R87),MIN(V87:W87))) | Y87: =IF(OR($AK87="",ISNUMBER($AK87)=FALSE),"",IF(AND(G87=0,I87=0),NORMSDIST(3*X87),NORMSDIST(3*X87)+NORMSDIST(6*S87-3*X87)-1)) | Z87: =IF($Q87="","",IF(F87="Tolerance",IF(($E87*3*R87+Q87)-G87<H87,"",($E87*3*R87+Q87)-G87),IF(OR(F87="GD&T",F87="MAX"),IF(($E87*3*R87+Q87)<H87,"",($E87*3*R87+Q87)),""))) | AA87: =IF(Q87="","",IF(F87="Tolerance",IF(-(($E87*3*R87)-Q87)-G87>I87,"",-(($E87*3*R87)-Q87)-G87),IF(F87="MIN",IF(-(($E87*3*R87)-Q87)>I87,"",-(($E87*3*R87)-Q87)),""))) | AB87: =IF(OR(G87="",Q87=""),"",(L87+M87)/2-Q87) | AC87: =IF(OR($S87>$AC$9,$R87=""),"",$AC$9*6*$R87) | AE87: =IF(AD87="","",IF(AD87>=0.966,"Normal","Not Normal"))
A88: 130 | B88: 45-3 | C88: AJ | D88: Distance | F88: Tolerance | G88: 18.419 | H88: 0.03 | I88: -0.03 | J88: OMM | K88: NO | L88: =IF(AND(G88="",H88=""),"",IF(G88="",H88,G88+H88)) -> 18.449 | M88: =IF(AND(G88="",I88=""),"",IF(G88="",I88,G88+I88)) -> 18.389 | O88: =IF(OR($AK88="",ISNUMBER($AK88)=FALSE),"",MAX(AK88:AN88)) | P88: =IF(OR($AK88="",ISNUMBER($AK88)=FALSE),"",MIN(AK88:AN88)) | Q88: =IF(OR($AK88="",ISNUMBER($AK88)=FALSE),"",AVERAGE(AK88:AN88)) | R88: =IF(OR($AK88="",ISNUMBER($AK88)=FALSE),"",STDEV(AK88:AN88)) | S88: =IF(OR($AK88="",ISNUMBER($AK88)=FALSE),"",IF(AND(G88="",I88=""),V88,IF(AND(G88="",H88=""),W88,(H88+ABS(I88))/(6*R88)))) | T88: =IF(OR($AK88="",ISNUMBER($AK88)=FALSE),"",IF(AND($F88="Tolerance",$G88<>""),($Q88-$G88)/(($L88-$M88)/2),IF(AND($F88="GD&T",$H88<>""),$Q88/$H88,""))) | U88: =IF($T88="","",IF(ABS($T88)<=0.125, "Level A",IF(AND(ABS($T88)>0.125,ABS($T88)<=0.25), "Level B",IF(AND(ABS($T88)>0.25,ABS($T88)<=0.5), "Level C", IF(ABS($T88)>0.5, "Level D"))))) | V88: =IF(OR($AK88="",ISNUMBER($AK88)=FALSE),"",IF(H88="","",(L88-Q88)/(3*R88))) | W88: =IF(OR($AK88="",ISNUMBER($AK88)=FALSE),"",IF(I88="","",(Q88-M88)/(3*R88))) | X88: =IF(OR($AK88="",ISNUMBER($AK88)=FALSE),"",IF(AND(G88=0,I88=0),((H88)-(Q88))/(3*R88),MIN(V88:W88))) | Y88: =IF(OR($AK88="",ISNUMBER($AK88)=FALSE),"",IF(AND(G88=0,I88=0),NORMSDIST(3*X88),NORMSDIST(3*X88)+NORMSDIST(6*S88-3*X88)-1)) | Z88: =IF($Q88="","",IF(F88="Tolerance",IF(($E88*3*R88+Q88)-G88<H88,"",($E88*3*R88+Q88)-G88),IF(OR(F88="GD&T",F88="MAX"),IF(($E88*3*R88+Q88)<H88,"",($E88*3*R88+Q88)),""))) | AA88: =IF(Q88="","",IF(F88="Tolerance",IF(-(($E88*3*R88)-Q88)-G88>I88,"",-(($E88*3*R88)-Q88)-G88),IF(F88="MIN",IF(-(($E88*3*R88)-Q88)>I88,"",-(($E88*3*R88)-Q88)),""))) | AB88: =IF(OR(G88="",Q88=""),"",(L88+M88)/2-Q88) | AC88: =IF(OR($S88>$AC$9,$R88=""),"",$AC$9*6*$R88) | AE88: =IF(AD88="","",IF(AD88>=0.966,"Normal","Not Normal"))
A89: 131 | B89: 46-P1 | D89: Distance | F89: Tolerance | G89: 4.344 | H89: 0.03 | I89: -0.03 | J89: OMM | K89: NO | L89: =IF(AND(G89="",H89=""),"",IF(G89="",H89,G89+H89)) -> 4.374 | M89: =IF(AND(G89="",I89=""),"",IF(G89="",I89,G89+I89)) -> 4.314 | O89: =IF(OR($AK89="",ISNUMBER($AK89)=FALSE),"",MAX(AK89:AN89)) | P89: =IF(OR($AK89="",ISNUMBER($AK89)=FALSE),"",MIN(AK89:AN89)) | Q89: =IF(OR($AK89="",ISNUMBER($AK89)=FALSE),"",AVERAGE(AK89:AN89)) | R89: =IF(OR($AK89="",ISNUMBER($AK89)=FALSE),"",STDEV(AK89:AN89)) | S89: =IF(OR($AK89="",ISNUMBER($AK89)=FALSE),"",IF(AND(G89="",I89=""),V89,IF(AND(G89="",H89=""),W89,(H89+ABS(I89))/(6*R89)))) | T89: =IF(OR($AK89="",ISNUMBER($AK89)=FALSE),"",IF(AND($F89="Tolerance",$G89<>""),($Q89-$G89)/(($L89-$M89)/2),IF(AND($F89="GD&T",$H89<>""),$Q89/$H89,""))) | U89: =IF($T89="","",IF(ABS($T89)<=0.125, "Level A",IF(AND(ABS($T89)>0.125,ABS($T89)<=0.25), "Level B",IF(AND(ABS($T89)>0.25,ABS($T89)<=0.5), "Level C", IF(ABS($T89)>0.5, "Level D"))))) | V89: =IF(OR($AK89="",ISNUMBER($AK89)=FALSE),"",IF(H89="","",(L89-Q89)/(3*R89))) | W89: =IF(OR($AK89="",ISNUMBER($AK89)=FALSE),"",IF(I89="","",(Q89-M89)/(3*R89))) | X89: =IF(OR($AK89="",ISNUMBER($AK89)=FALSE),"",IF(AND(G89=0,I89=0),((H89)-(Q89))/(3*R89),MIN(V89:W89))) | Y89: =IF(OR($AK89="",ISNUMBER($AK89)=FALSE),"",IF(AND(G89=0,I89=0),NORMSDIST(3*X89),NORMSDIST(3*X89)+NORMSDIST(6*S89-3*X89)-1)) | Z89: =IF($Q89="","",IF(F89="Tolerance",IF(($E89*3*R89+Q89)-G89<H89,"",($E89*3*R89+Q89)-G89),IF(OR(F89="GD&T",F89="MAX"),IF(($E89*3*R89+Q89)<H89,"",($E89*3*R89+Q89)),""))) | AA89: =IF(Q89="","",IF(F89="Tolerance",IF(-(($E89*3*R89)-Q89)-G89>I89,"",-(($E89*3*R89)-Q89)-G89),IF(F89="MIN",IF(-(($E89*3*R89)-Q89)>I89,"",-(($E89*3*R89)-Q89)),""))) | AB89: =IF(OR(G89="",Q89=""),"",(L89+M89)/2-Q89) | AC89: =IF(OR($S89>$AC$9,$R89=""),"",$AC$9*6*$R89) | AE89: =IF(AD89="","",IF(AD89>=0.966,"Normal","Not Normal"))
A90: 132 | B90: 46-P2 | D90: Distance | F90: Tolerance | G90: 4.344 | H90: 0.03 | I90: -0.03 | J90: OMM | K90: NO | L90: =IF(AND(G90="",H90=""),"",IF(G90="",H90,G90+H90)) -> 4.374 | M90: =IF(AND(G90="",I90=""),"",IF(G90="",I90,G90+I90)) -> 4.314 | O90: =IF(OR($AK90="",ISNUMBER($AK90)=FALSE),"",MAX(AK90:AN90)) | P90: =IF(OR($AK90="",ISNUMBER($AK90)=FALSE),"",MIN(AK90:AN90)) | Q90: =IF(OR($AK90="",ISNUMBER($AK90)=FALSE),"",AVERAGE(AK90:AN90)) | R90: =IF(OR($AK90="",ISNUMBER($AK90)=FALSE),"",STDEV(AK90:AN90)) | S90: =IF(OR($AK90="",ISNUMBER($AK90)=FALSE),"",IF(AND(G90="",I90=""),V90,IF(AND(G90="",H90=""),W90,(H90+ABS(I90))/(6*R90)))) | T90: =IF(OR($AK90="",ISNUMBER($AK90)=FALSE),"",IF(AND($F90="Tolerance",$G90<>""),($Q90-$G90)/(($L90-$M90)/2),IF(AND($F90="GD&T",$H90<>""),$Q90/$H90,""))) | U90: =IF($T90="","",IF(ABS($T90)<=0.125, "Level A",IF(AND(ABS($T90)>0.125,ABS($T90)<=0.25), "Level B",IF(AND(ABS($T90)>0.25,ABS($T90)<=0.5), "Level C", IF(ABS($T90)>0.5, "Level D"))))) | V90: =IF(OR($AK90="",ISNUMBER($AK90)=FALSE),"",IF(H90="","",(L90-Q90)/(3*R90))) | W90: =IF(OR($AK90="",ISNUMBER($AK90)=FALSE),"",IF(I90="","",(Q90-M90)/(3*R90))) | X90: =IF(OR($AK90="",ISNUMBER($AK90)=FALSE),"",IF(AND(G90=0,I90=0),((H90)-(Q90))/(3*R90),MIN(V90:W90))) | Y90: =IF(OR($AK90="",ISNUMBER($AK90)=FALSE),"",IF(AND(G90=0,I90=0),NORMSDIST(3*X90),NORMSDIST(3*X90)+NORMSDIST(6*S90-3*X90)-1)) | Z90: =IF($Q90="","",IF(F90="Tolerance",IF(($E90*3*R90+Q90)-G90<H90,"",($E90*3*R90+Q90)-G90),IF(OR(F90="GD&T",F90="MAX"),IF(($E90*3*R90+Q90)<H90,"",($E90*3*R90+Q90)),""))) | AA90: =IF(Q90="","",IF(F90="Tolerance",IF(-(($E90*3*R90)-Q90)-G90>I90,"",-(($E90*3*R90)-Q90)-G90),IF(F90="MIN",IF(-(($E90*3*R90)-Q90)>I90,"",-(($E90*3*R90)-Q90)),""))) | AB90: =IF(OR(G90="",Q90=""),"",(L90+M90)/2-Q90) | AC90: =IF(OR($S90>$AC$9,$R90=""),"",$AC$9*6*$R90) | AE90: =IF(AD90="","",IF(AD90>=0.966,"Normal","Not Normal"))
A91: 147 | B91: 60 | D91: True position | F91: GD&T | H91: 0.05 | J91: OMM | K91: NO | L91: =IF(AND(G91="",H91=""),"",IF(G91="",H91,G91+H91)) -> 0.05 | M91: =IF(AND(G91="",I91=""),"",IF(G91="",I91,G91+I91)) | O91: =IF(OR($AK91="",ISNUMBER($AK91)=FALSE),"",MAX(AK91:AN91)) | P91: =IF(OR($AK91="",ISNUMBER($AK91)=FALSE),"",MIN(AK91:AN91)) | Q91: =IF(OR($AK91="",ISNUMBER($AK91)=FALSE),"",AVERAGE(AK91:AN91)) | R91: =IF(OR($AK91="",ISNUMBER($AK91)=FALSE),"",STDEV(AK91:AN91)) | S91: =IF(OR($AK91="",ISNUMBER($AK91)=FALSE),"",IF(AND(G91="",I91=""),V91,IF(AND(G91="",H91=""),W91,(H91+ABS(I91))/(6*R91)))) | T91: =IF(OR($AK91="",ISNUMBER($AK91)=FALSE),"",IF(AND($F91="Tolerance",$G91<>""),($Q91-$G91)/(($L91-$M91)/2),IF(AND($F91="GD&T",$H91<>""),$Q91/$H91,""))) | U91: =IF($T91="","",IF(ABS($T91)<=0.125, "Level A",IF(AND(ABS($T91)>0.125,ABS($T91)<=0.25), "Level B",IF(AND(ABS($T91)>0.25,ABS($T91)<=0.5), "Level C", IF(ABS($T91)>0.5, "Level D"))))) | V91: =IF(OR($AK91="",ISNUMBER($AK91)=FALSE),"",IF(H91="","",(L91-Q91)/(3*R91))) | W91: =IF(OR($AK91="",ISNUMBER($AK91)=FALSE),"",IF(I91="","",(Q91-M91)/(3*R91))) | X91: =IF(OR($AK91="",ISNUMBER($AK91)=FALSE),"",IF(AND(G91=0,I91=0),((H91)-(Q91))/(3*R91),MIN(V91:W91))) | Y91: =IF(OR($AK91="",ISNUMBER($AK91)=FALSE),"",IF(AND(G91=0,I91=0),NORMSDIST(3*X91),NORMSDIST(3*X91)+NORMSDIST(6*S91-3*X91)-1)) | Z91: =IF($Q91="","",IF(F91="Tolerance",IF(($E91*3*R91+Q91)-G91<H91,"",($E91*3*R91+Q91)-G91),IF(OR(F91="GD&T",F91="MAX"),IF(($E91*3*R91+Q91)<H91,"",($E91*3*R91+Q91)),""))) | AA91: =IF(Q91="","",IF(F91="Tolerance",IF(-(($E91*3*R91)-Q91)-G91>I91,"",-(($E91*3*R91)-Q91)-G91),IF(F91="MIN",IF(-(($E91*3*R91)-Q91)>I91,"",-(($E91*3*R91)-Q91)),""))) | AB91: =IF(OR(G91="",Q91=""),"",(L91+M91)/2-Q91) | AC91: =IF(OR($S91>$AC$9,$R91=""),"",$AC$9*6*$R91) | AE91: =IF(AD91="","",IF(AD91>=0.966,"Normal","Not Normal"))
A92: 149 | B92: 61-U | D92: Distance | F92: Tolerance | G92: 8.934 | H92: 0.02 | I92: -0.02 | J92: OMM | K92: NO | L92: =IF(AND(G92="",H92=""),"",IF(G92="",H92,G92+H92)) -> 8.954 | M92: =IF(AND(G92="",I92=""),"",IF(G92="",I92,G92+I92)) -> 8.914 | O92: =IF(OR($AK92="",ISNUMBER($AK92)=FALSE),"",MAX(AK92:AN92)) | P92: =IF(OR($AK92="",ISNUMBER($AK92)=FALSE),"",MIN(AK92:AN92)) | Q92: =IF(OR($AK92="",ISNUMBER($AK92)=FALSE),"",AVERAGE(AK92:AN92)) | R92: =IF(OR($AK92="",ISNUMBER($AK92)=FALSE),"",STDEV(AK92:AN92)) | S92: =IF(OR($AK92="",ISNUMBER($AK92)=FALSE),"",IF(AND(G92="",I92=""),V92,IF(AND(G92="",H92=""),W92,(H92+ABS(I92))/(6*R92)))) | T92: =IF(OR($AK92="",ISNUMBER($AK92)=FALSE),"",IF(AND($F92="Tolerance",$G92<>""),($Q92-$G92)/(($L92-$M92)/2),IF(AND($F92="GD&T",$H92<>""),$Q92/$H92,""))) | U92: =IF($T92="","",IF(ABS($T92)<=0.125, "Level A",IF(AND(ABS($T92)>0.125,ABS($T92)<=0.25), "Level B",IF(AND(ABS($T92)>0.25,ABS($T92)<=0.5), "Level C", IF(ABS($T92)>0.5, "Level D"))))) | V92: =IF(OR($AK92="",ISNUMBER($AK92)=FALSE),"",IF(H92="","",(L92-Q92)/(3*R92))) | W92: =IF(OR($AK92="",ISNUMBER($AK92)=FALSE),"",IF(I92="","",(Q92-M92)/(3*R92))) | X92: =IF(OR($AK92="",ISNUMBER($AK92)=FALSE),"",IF(AND(G92=0,I92=0),((H92)-(Q92))/(3*R92),MIN(V92:W92))) | Y92: =IF(OR($AK92="",ISNUMBER($AK92)=FALSE),"",IF(AND(G92=0,I92=0),NORMSDIST(3*X92),NORMSDIST(3*X92)+NORMSDIST(6*S92-3*X92)-1)) | Z92: =IF($Q92="","",IF(F92="Tolerance",IF(($E92*3*R92+Q92)-G92<H92,"",($E92*3*R92+Q92)-G92),IF(OR(F92="GD&T",F92="MAX"),IF(($E92*3*R92+Q92)<H92,"",($E92*3*R92+Q92)),""))) | AA92: =IF(Q92="","",IF(F92="Tolerance",IF(-(($E92*3*R92)-Q92)-G92>I92,"",-(($E92*3*R92)-Q92)-G92),IF(F92="MIN",IF(-(($E92*3*R92)-Q92)>I92,"",-(($E92*3*R92)-Q92)),""))) | AB92: =IF(OR(G92="",Q92=""),"",(L92+M92)/2-Q92) | AC92: =IF(OR($S92>$AC$9,$R92=""),"",$AC$9*6*$R92) | AE92: =IF(AD92="","",IF(AD92>=0.966,"Normal","Not Normal"))
A93: 150 | B93: 61-M | D93: Distance | F93: Tolerance | G93: 8.934 | H93: 0.02 | I93: -0.02 | J93: OMM | K93: NO | L93: =IF(AND(G93="",H93=""),"",IF(G93="",H93,G93+H93)) -> 8.954 | M93: =IF(AND(G93="",I93=""),"",IF(G93="",I93,G93+I93)) -> 8.914 | O93: =IF(OR($AK93="",ISNUMBER($AK93)=FALSE),"",MAX(AK93:AN93)) | P93: =IF(OR($AK93="",ISNUMBER($AK93)=FALSE),"",MIN(AK93:AN93)) | Q93: =IF(OR($AK93="",ISNUMBER($AK93)=FALSE),"",AVERAGE(AK93:AN93)) | R93: =IF(OR($AK93="",ISNUMBER($AK93)=FALSE),"",STDEV(AK93:AN93)) | S93: =IF(OR($AK93="",ISNUMBER($AK93)=FALSE),"",IF(AND(G93="",I93=""),V93,IF(AND(G93="",H93=""),W93,(H93+ABS(I93))/(6*R93)))) | T93: =IF(OR($AK93="",ISNUMBER($AK93)=FALSE),"",IF(AND($F93="Tolerance",$G93<>""),($Q93-$G93)/(($L93-$M93)/2),IF(AND($F93="GD&T",$H93<>""),$Q93/$H93,""))) | U93: =IF($T93="","",IF(ABS($T93)<=0.125, "Level A",IF(AND(ABS($T93)>0.125,ABS($T93)<=0.25), "Level B",IF(AND(ABS($T93)>0.25,ABS($T93)<=0.5), "Level C", IF(ABS($T93)>0.5, "Level D"))))) | V93: =IF(OR($AK93="",ISNUMBER($AK93)=FALSE),"",IF(H93="","",(L93-Q93)/(3*R93))) | W93: =IF(OR($AK93="",ISNUMBER($AK93)=FALSE),"",IF(I93="","",(Q93-M93)/(3*R93))) | X93: =IF(OR($AK93="",ISNUMBER($AK93)=FALSE),"",IF(AND(G93=0,I93=0),((H93)-(Q93))/(3*R93),MIN(V93:W93))) | Y93: =IF(OR($AK93="",ISNUMBER($AK93)=FALSE),"",IF(AND(G93=0,I93=0),NORMSDIST(3*X93),NORMSDIST(3*X93)+NORMSDIST(6*S93-3*X93)-1)) | Z93: =IF($Q93="","",IF(F93="Tolerance",IF(($E93*3*R93+Q93)-G93<H93,"",($E93*3*R93+Q93)-G93),IF(OR(F93="GD&T",F93="MAX"),IF(($E93*3*R93+Q93)<H93,"",($E93*3*R93+Q93)),""))) | AA93: =IF(Q93="","",IF(F93="Tolerance",IF(-(($E93*3*R93)-Q93)-G93>I93,"",-(($E93*3*R93)-Q93)-G93),IF(F93="MIN",IF(-(($E93*3*R93)-Q93)>I93,"",-(($E93*3*R93)-Q93)),""))) | AB93: =IF(OR(G93="",Q93=""),"",(L93+M93)/2-Q93) | AC93: =IF(OR($S93>$AC$9,$R93=""),"",$AC$9*6*$R93) | AE93: =IF(AD93="","",IF(AD93>=0.966,"Normal","Not Normal"))
A94: 151 | B94: 61-D | D94: Distance | F94: Tolerance | G94: 8.934 | H94: 0.02 | I94: -0.02 | J94: OMM | K94: NO | L94: =IF(AND(G94="",H94=""),"",IF(G94="",H94,G94+H94)) -> 8.954 | M94: =IF(AND(G94="",I94=""),"",IF(G94="",I94,G94+I94)) -> 8.914 | O94: =IF(OR($AK94="",ISNUMBER($AK94)=FALSE),"",MAX(AK94:AN94)) | P94: =IF(OR($AK94="",ISNUMBER($AK94)=FALSE),"",MIN(AK94:AN94)) | Q94: =IF(OR($AK94="",ISNUMBER($AK94)=FALSE),"",AVERAGE(AK94:AN94)) | R94: =IF(OR($AK94="",ISNUMBER($AK94)=FALSE),"",STDEV(AK94:AN94)) | S94: =IF(OR($AK94="",ISNUMBER($AK94)=FALSE),"",IF(AND(G94="",I94=""),V94,IF(AND(G94="",H94=""),W94,(H94+ABS(I94))/(6*R94)))) | T94: =IF(OR($AK94="",ISNUMBER($AK94)=FALSE),"",IF(AND($F94="Tolerance",$G94<>""),($Q94-$G94)/(($L94-$M94)/2),IF(AND($F94="GD&T",$H94<>""),$Q94/$H94,""))) | U94: =IF($T94="","",IF(ABS($T94)<=0.125, "Level A",IF(AND(ABS($T94)>0.125,ABS($T94)<=0.25), "Level B",IF(AND(ABS($T94)>0.25,ABS($T94)<=0.5), "Level C", IF(ABS($T94)>0.5, "Level D"))))) | V94: =IF(OR($AK94="",ISNUMBER($AK94)=FALSE),"",IF(H94="","",(L94-Q94)/(3*R94))) | W94: =IF(OR($AK94="",ISNUMBER($AK94)=FALSE),"",IF(I94="","",(Q94-M94)/(3*R94))) | X94: =IF(OR($AK94="",ISNUMBER($AK94)=FALSE),"",IF(AND(G94=0,I94=0),((H94)-(Q94))/(3*R94),MIN(V94:W94))) | Y94: =IF(OR($AK94="",ISNUMBER($AK94)=FALSE),"",IF(AND(G94=0,I94=0),NORMSDIST(3*X94),NORMSDIST(3*X94)+NORMSDIST(6*S94-3*X94)-1)) | Z94: =IF($Q94="","",IF(F94="Tolerance",IF(($E94*3*R94+Q94)-G94<H94,"",($E94*3*R94+Q94)-G94),IF(OR(F94="GD&T",F94="MAX"),IF(($E94*3*R94+Q94)<H94,"",($E94*3*R94+Q94)),""))) | AA94: =IF(Q94="","",IF(F94="Tolerance",IF(-(($E94*3*R94)-Q94)-G94>I94,"",-(($E94*3*R94)-Q94)-G94),IF(F94="MIN",IF(-(($E94*3*R94)-Q94)>I94,"",-(($E94*3*R94)-Q94)),""))) | AB94: =IF(OR(G94="",Q94=""),"",(L94+M94)/2-Q94) | AC94: =IF(OR($S94>$AC$9,$R94=""),"",$AC$9*6*$R94) | AE94: =IF(AD94="","",IF(AD94>=0.966,"Normal","Not Normal"))
A95: 154 | B95: 63 | D95: True position | F95: GD&T | H95: 0.05 | J95: OMM | K95: NO | L95: =IF(AND(G95="",H95=""),"",IF(G95="",H95,G95+H95)) -> 0.05 | M95: =IF(AND(G95="",I95=""),"",IF(G95="",I95,G95+I95)) | O95: =IF(OR($AK95="",ISNUMBER($AK95)=FALSE),"",MAX(AK95:AN95)) | P95: =IF(OR($AK95="",ISNUMBER($AK95)=FALSE),"",MIN(AK95:AN95)) | Q95: =IF(OR($AK95="",ISNUMBER($AK95)=FALSE),"",AVERAGE(AK95:AN95)) | R95: =IF(OR($AK95="",ISNUMBER($AK95)=FALSE),"",STDEV(AK95:AN95)) | S95: =IF(OR($AK95="",ISNUMBER($AK95)=FALSE),"",IF(AND(G95="",I95=""),V95,IF(AND(G95="",H95=""),W95,(H95+ABS(I95))/(6*R95)))) | T95: =IF(OR($AK95="",ISNUMBER($AK95)=FALSE),"",IF(AND($F95="Tolerance",$G95<>""),($Q95-$G95)/(($L95-$M95)/2),IF(AND($F95="GD&T",$H95<>""),$Q95/$H95,""))) | U95: =IF($T95="","",IF(ABS($T95)<=0.125, "Level A",IF(AND(ABS($T95)>0.125,ABS($T95)<=0.25), "Level B",IF(AND(ABS($T95)>0.25,ABS($T95)<=0.5), "Level C", IF(ABS($T95)>0.5, "Level D"))))) | V95: =IF(OR($AK95="",ISNUMBER($AK95)=FALSE),"",IF(H95="","",(L95-Q95)/(3*R95))) | W95: =IF(OR($AK95="",ISNUMBER($AK95)=FALSE),"",IF(I95="","",(Q95-M95)/(3*R95))) | X95: =IF(OR($AK95="",ISNUMBER($AK95)=FALSE),"",IF(AND(G95=0,I95=0),((H95)-(Q95))/(3*R95),MIN(V95:W95))) | Y95: =IF(OR($AK95="",ISNUMBER($AK95)=FALSE),"",IF(AND(G95=0,I95=0),NORMSDIST(3*X95),NORMSDIST(3*X95)+NORMSDIST(6*S95-3*X95)-1)) | Z95: =IF($Q95="","",IF(F95="Tolerance",IF(($E95*3*R95+Q95)-G95<H95,"",($E95*3*R95+Q95)-G95),IF(OR(F95="GD&T",F95="MAX"),IF(($E95*3*R95+Q95)<H95,"",($E95*3*R95+Q95)),""))) | AA95: =IF(Q95="","",IF(F95="Tolerance",IF(-(($E95*3*R95)-Q95)-G95>I95,"",-(($E95*3*R95)-Q95)-G95),IF(F95="MIN",IF(-(($E95*3*R95)-Q95)>I95,"",-(($E95*3*R95)-Q95)),""))) | AB95: =IF(OR(G95="",Q95=""),"",(L95+M95)/2-Q95) | AC95: =IF(OR($S95>$AC$9,$R95=""),"",$AC$9*6*$R95) | AE95: =IF(AD95="","",IF(AD95>=0.966,"Normal","Not Normal"))
A96: 156 | B96: 64-U | D96: Distance | F96: Tolerance | G96: 8.538 | H96: 0.02 | I96: -0.02 | J96: OMM | K96: NO | L96: =IF(AND(G96="",H96=""),"",IF(G96="",H96,G96+H96)) -> 8.558 | M96: =IF(AND(G96="",I96=""),"",IF(G96="",I96,G96+I96)) -> 8.518 | O96: =IF(OR($AK96="",ISNUMBER($AK96)=FALSE),"",MAX(AK96:AN96)) | P96: =IF(OR($AK96="",ISNUMBER($AK96)=FALSE),"",MIN(AK96:AN96)) | Q96: =IF(OR($AK96="",ISNUMBER($AK96)=FALSE),"",AVERAGE(AK96:AN96)) | R96: =IF(OR($AK96="",ISNUMBER($AK96)=FALSE),"",STDEV(AK96:AN96)) | S96: =IF(OR($AK96="",ISNUMBER($AK96)=FALSE),"",IF(AND(G96="",I96=""),V96,IF(AND(G96="",H96=""),W96,(H96+ABS(I96))/(6*R96)))) | T96: =IF(OR($AK96="",ISNUMBER($AK96)=FALSE),"",IF(AND($F96="Tolerance",$G96<>""),($Q96-$G96)/(($L96-$M96)/2),IF(AND($F96="GD&T",$H96<>""),$Q96/$H96,""))) | U96: =IF($T96="","",IF(ABS($T96)<=0.125, "Level A",IF(AND(ABS($T96)>0.125,ABS($T96)<=0.25), "Level B",IF(AND(ABS($T96)>0.25,ABS($T96)<=0.5), "Level C", IF(ABS($T96)>0.5, "Level D"))))) | V96: =IF(OR($AK96="",ISNUMBER($AK96)=FALSE),"",IF(H96="","",(L96-Q96)/(3*R96))) | W96: =IF(OR($AK96="",ISNUMBER($AK96)=FALSE),"",IF(I96="","",(Q96-M96)/(3*R96))) | X96: =IF(OR($AK96="",ISNUMBER($AK96)=FALSE),"",IF(AND(G96=0,I96=0),((H96)-(Q96))/(3*R96),MIN(V96:W96))) | Y96: =IF(OR($AK96="",ISNUMBER($AK96)=FALSE),"",IF(AND(G96=0,I96=0),NORMSDIST(3*X96),NORMSDIST(3*X96)+NORMSDIST(6*S96-3*X96)-1)) | Z96: =IF($Q96="","",IF(F96="Tolerance",IF(($E96*3*R96+Q96)-G96<H96,"",($E96*3*R96+Q96)-G96),IF(OR(F96="GD&T",F96="MAX"),IF(($E96*3*R96+Q96)<H96,"",($E96*3*R96+Q96)),""))) | AA96: =IF(Q96="","",IF(F96="Tolerance",IF(-(($E96*3*R96)-Q96)-G96>I96,"",-(($E96*3*R96)-Q96)-G96),IF(F96="MIN",IF(-(($E96*3*R96)-Q96)>I96,"",-(($E96*3*R96)-Q96)),""))) | AB96: =IF(OR(G96="",Q96=""),"",(L96+M96)/2-Q96) | AC96: =IF(OR($S96>$AC$9,$R96=""),"",$AC$9*6*$R96) | AE96: =IF(AD96="","",IF(AD96>=0.966,"Normal","Not Normal"))
A97: 157 | B97: 64-M | D97: Distance | F97: Tolerance | G97: 8.538 | H97: 0.02 | I97: -0.02 | J97: OMM | K97: NO | L97: =IF(AND(G97="",H97=""),"",IF(G97="",H97,G97+H97)) -> 8.558 | M97: =IF(AND(G97="",I97=""),"",IF(G97="",I97,G97+I97)) -> 8.518 | O97: =IF(OR($AK97="",ISNUMBER($AK97)=FALSE),"",MAX(AK97:AN97)) | P97: =IF(OR($AK97="",ISNUMBER($AK97)=FALSE),"",MIN(AK97:AN97)) | Q97: =IF(OR($AK97="",ISNUMBER($AK97)=FALSE),"",AVERAGE(AK97:AN97)) | R97: =IF(OR($AK97="",ISNUMBER($AK97)=FALSE),"",STDEV(AK97:AN97)) | S97: =IF(OR($AK97="",ISNUMBER($AK97)=FALSE),"",IF(AND(G97="",I97=""),V97,IF(AND(G97="",H97=""),W97,(H97+ABS(I97))/(6*R97)))) | T97: =IF(OR($AK97="",ISNUMBER($AK97)=FALSE),"",IF(AND($F97="Tolerance",$G97<>""),($Q97-$G97)/(($L97-$M97)/2),IF(AND($F97="GD&T",$H97<>""),$Q97/$H97,""))) | U97: =IF($T97="","",IF(ABS($T97)<=0.125, "Level A",IF(AND(ABS($T97)>0.125,ABS($T97)<=0.25), "Level B",IF(AND(ABS($T97)>0.25,ABS($T97)<=0.5), "Level C", IF(ABS($T97)>0.5, "Level D"))))) | V97: =IF(OR($AK97="",ISNUMBER($AK97)=FALSE),"",IF(H97="","",(L97-Q97)/(3*R97))) | W97: =IF(OR($AK97="",ISNUMBER($AK97)=FALSE),"",IF(I97="","",(Q97-M97)/(3*R97))) | X97: =IF(OR($AK97="",ISNUMBER($AK97)=FALSE),"",IF(AND(G97=0,I97=0),((H97)-(Q97))/(3*R97),MIN(V97:W97))) | Y97: =IF(OR($AK97="",ISNUMBER($AK97)=FALSE),"",IF(AND(G97=0,I97=0),NORMSDIST(3*X97),NORMSDIST(3*X97)+NORMSDIST(6*S97-3*X97)-1)) | Z97: =IF($Q97="","",IF(F97="Tolerance",IF(($E97*3*R97+Q97)-G97<H97,"",($E97*3*R97+Q97)-G97),IF(OR(F97="GD&T",F97="MAX"),IF(($E97*3*R97+Q97)<H97,"",($E97*3*R97+Q97)),""))) | AA97: =IF(Q97="","",IF(F97="Tolerance",IF(-(($E97*3*R97)-Q97)-G97>I97,"",-(($E97*3*R97)-Q97)-G97),IF(F97="MIN",IF(-(($E97*3*R97)-Q97)>I97,"",-(($E97*3*R97)-Q97)),""))) | AB97: =IF(OR(G97="",Q97=""),"",(L97+M97)/2-Q97) | AC97: =IF(OR($S97>$AC$9,$R97=""),"",$AC$9*6*$R97) | AE97: =IF(AD97="","",IF(AD97>=0.966,"Normal","Not Normal"))
A98: 158 | B98: 64-D | D98: Distance | F98: Tolerance | G98: 8.538 | H98: 0.02 | I98: -0.02 | J98: OMM | K98: NO | L98: =IF(AND(G98="",H98=""),"",IF(G98="",H98,G98+H98)) -> 8.558 | M98: =IF(AND(G98="",I98=""),"",IF(G98="",I98,G98+I98)) -> 8.518 | O98: =IF(OR($AK98="",ISNUMBER($AK98)=FALSE),"",MAX(AK98:AN98)) | P98: =IF(OR($AK98="",ISNUMBER($AK98)=FALSE),"",MIN(AK98:AN98)) | Q98: =IF(OR($AK98="",ISNUMBER($AK98)=FALSE),"",AVERAGE(AK98:AN98)) | R98: =IF(OR($AK98="",ISNUMBER($AK98)=FALSE),"",STDEV(AK98:AN98)) | S98: =IF(OR($AK98="",ISNUMBER($AK98)=FALSE),"",IF(AND(G98="",I98=""),V98,IF(AND(G98="",H98=""),W98,(H98+ABS(I98))/(6*R98)))) | T98: =IF(OR($AK98="",ISNUMBER($AK98)=FALSE),"",IF(AND($F98="Tolerance",$G98<>""),($Q98-$G98)/(($L98-$M98)/2),IF(AND($F98="GD&T",$H98<>""),$Q98/$H98,""))) | U98: =IF($T98="","",IF(ABS($T98)<=0.125, "Level A",IF(AND(ABS($T98)>0.125,ABS($T98)<=0.25), "Level B",IF(AND(ABS($T98)>0.25,ABS($T98)<=0.5), "Level C", IF(ABS($T98)>0.5, "Level D"))))) | V98: =IF(OR($AK98="",ISNUMBER($AK98)=FALSE),"",IF(H98="","",(L98-Q98)/(3*R98))) | W98: =IF(OR($AK98="",ISNUMBER($AK98)=FALSE),"",IF(I98="","",(Q98-M98)/(3*R98))) | X98: =IF(OR($AK98="",ISNUMBER($AK98)=FALSE),"",IF(AND(G98=0,I98=0),((H98)-(Q98))/(3*R98),MIN(V98:W98))) | Y98: =IF(OR($AK98="",ISNUMBER($AK98)=FALSE),"",IF(AND(G98=0,I98=0),NORMSDIST(3*X98),NORMSDIST(3*X98)+NORMSDIST(6*S98-3*X98)-1)) | Z98: =IF($Q98="","",IF(F98="Tolerance",IF(($E98*3*R98+Q98)-G98<H98,"",($E98*3*R98+Q98)-G98),IF(OR(F98="GD&T",F98="MAX"),IF(($E98*3*R98+Q98)<H98,"",($E98*3*R98+Q98)),""))) | AA98: =IF(Q98="","",IF(F98="Tolerance",IF(-(($E98*3*R98)-Q98)-G98>I98,"",-(($E98*3*R98)-Q98)-G98),IF(F98="MIN",IF(-(($E98*3*R98)-Q98)>I98,"",-(($E98*3*R98)-Q98)),""))) | AB98: =IF(OR(G98="",Q98=""),"",(L98+M98)/2-Q98) | AC98: =IF(OR($S98>$AC$9,$R98=""),"",$AC$9*6*$R98) | AE98: =IF(AD98="","",IF(AD98>=0.966,"Normal","Not Normal"))
A99: 159 | B99: 65-U | D99: Distance | F99: Tolerance | G99: 8.827 | H99: 0.02 | I99: -0.02 | J99: OMM | K99: NO | L99: =IF(AND(G99="",H99=""),"",IF(G99="",H99,G99+H99)) -> 8.847 | M99: =IF(AND(G99="",I99=""),"",IF(G99="",I99,G99+I99)) -> 8.807 | O99: =IF(OR($AK99="",ISNUMBER($AK99)=FALSE),"",MAX(AK99:AN99)) | P99: =IF(OR($AK99="",ISNUMBER($AK99)=FALSE),"",MIN(AK99:AN99)) | Q99: =IF(OR($AK99="",ISNUMBER($AK99)=FALSE),"",AVERAGE(AK99:AN99)) | R99: =IF(OR($AK99="",ISNUMBER($AK99)=FALSE),"",STDEV(AK99:AN99)) | S99: =IF(OR($AK99="",ISNUMBER($AK99)=FALSE),"",IF(AND(G99="",I99=""),V99,IF(AND(G99="",H99=""),W99,(H99+ABS(I99))/(6*R99)))) | T99: =IF(OR($AK99="",ISNUMBER($AK99)=FALSE),"",IF(AND($F99="Tolerance",$G99<>""),($Q99-$G99)/(($L99-$M99)/2),IF(AND($F99="GD&T",$H99<>""),$Q99/$H99,""))) | U99: =IF($T99="","",IF(ABS($T99)<=0.125, "Level A",IF(AND(ABS($T99)>0.125,ABS($T99)<=0.25), "Level B",IF(AND(ABS($T99)>0.25,ABS($T99)<=0.5), "Level C", IF(ABS($T99)>0.5, "Level D"))))) | V99: =IF(OR($AK99="",ISNUMBER($AK99)=FALSE),"",IF(H99="","",(L99-Q99)/(3*R99))) | W99: =IF(OR($AK99="",ISNUMBER($AK99)=FALSE),"",IF(I99="","",(Q99-M99)/(3*R99))) | X99: =IF(OR($AK99="",ISNUMBER($AK99)=FALSE),"",IF(AND(G99=0,I99=0),((H99)-(Q99))/(3*R99),MIN(V99:W99))) | Y99: =IF(OR($AK99="",ISNUMBER($AK99)=FALSE),"",IF(AND(G99=0,I99=0),NORMSDIST(3*X99),NORMSDIST(3*X99)+NORMSDIST(6*S99-3*X99)-1)) | Z99: =IF($Q99="","",IF(F99="Tolerance",IF(($E99*3*R99+Q99)-G99<H99,"",($E99*3*R99+Q99)-G99),IF(OR(F99="GD&T",F99="MAX"),IF(($E99*3*R99+Q99)<H99,"",($E99*3*R99+Q99)),""))) | AA99: =IF(Q99="","",IF(F99="Tolerance",IF(-(($E99*3*R99)-Q99)-G99>I99,"",-(($E99*3*R99)-Q99)-G99),IF(F99="MIN",IF(-(($E99*3*R99)-Q99)>I99,"",-(($E99*3*R99)-Q99)),""))) | AB99: =IF(OR(G99="",Q99=""),"",(L99+M99)/2-Q99) | AC99: =IF(OR($S99>$AC$9,$R99=""),"",$AC$9*6*$R99) | AE99: =IF(AD99="","",IF(AD99>=0.966,"Normal","Not Normal"))
A100: 160 | B100: 65-M | D100: Distance | F100: Tolerance | G100: 8.827 | H100: 0.02 | I100: -0.02 | J100: OMM | K100: NO | L100: =IF(AND(G100="",H100=""),"",IF(G100="",H100,G100+H100)) -> 8.847 | M100: =IF(AND(G100="",I100=""),"",IF(G100="",I100,G100+I100)) -> 8.807 | O100: =IF(OR($AK100="",ISNUMBER($AK100)=FALSE),"",MAX(AK100:AN100)) | P100: =IF(OR($AK100="",ISNUMBER($AK100)=FALSE),"",MIN(AK100:AN100)) | Q100: =IF(OR($AK100="",ISNUMBER($AK100)=FALSE),"",AVERAGE(AK100:AN100)) | R100: =IF(OR($AK100="",ISNUMBER($AK100)=FALSE),"",STDEV(AK100:AN100)) | S100: =IF(OR($AK100="",ISNUMBER($AK100)=FALSE),"",IF(AND(G100="",I100=""),V100,IF(AND(G100="",H100=""),W100,(H100+ABS(I100))/(6*R100)))) | T100: =IF(OR($AK100="",ISNUMBER($AK100)=FALSE),"",IF(AND($F100="Tolerance",$G100<>""),($Q100-$G100)/(($L100-$M100)/2),IF(AND($F100="GD&T",$H100<>""),$Q100/$H100,""))) | U100: =IF($T100="","",IF(ABS($T100)<=0.125, "Level A",IF(AND(ABS($T100)>0.125,ABS($T100)<=0.25), "Level B",IF(AND(ABS($T100)>0.25,ABS($T100)<=0.5), "Level C", IF(ABS($T100)>0.5, "Level D"))))) | V100: =IF(OR($AK100="",ISNUMBER($AK100)=FALSE),"",IF(H100="","",(L100-Q100)/(3*R100))) | W100: =IF(OR($AK100="",ISNUMBER($AK100)=FALSE),"",IF(I100="","",(Q100-M100)/(3*R100))) | X100: =IF(OR($AK100="",ISNUMBER($AK100)=FALSE),"",IF(AND(G100=0,I100=0),((H100)-(Q100))/(3*R100),MIN(V100:W100))) | Y100: =IF(OR($AK100="",ISNUMBER($AK100)=FALSE),"",IF(AND(G100=0,I100=0),NORMSDIST(3*X100),NORMSDIST(3*X100)+NORMSDIST(6*S100-3*X100)-1)) | Z100: =IF($Q100="","",IF(F100="Tolerance",IF(($E100*3*R100+Q100)-G100<H100,"",($E100*3*R100+Q100)-G100),IF(OR(F100="GD&T",F100="MAX"),IF(($E100*3*R100+Q100)<H100,"",($E100*3*R100+Q100)),""))) | AA100: =IF(Q100="","",IF(F100="Tolerance",IF(-(($E100*3*R100)-Q100)-G100>I100,"",-(($E100*3*R100)-Q100)-G100),IF(F100="MIN",IF(-(($E100*3*R100)-Q100)>I100,"",-(($E100*3*R100)-Q100)),""))) | AB100: =IF(OR(G100="",Q100=""),"",(L100+M100)/2-Q100) | AC100: =IF(OR($S100>$AC$9,$R100=""),"",$AC$9*6*$R100) | AE100: =IF(AD100="","",IF(AD100>=0.966,"Normal","Not Normal"))
A101: 161 | B101: 65-D | D101: Distance | F101: Tolerance | G101: 8.827 | H101: 0.02 | I101: -0.02 | J101: OMM | K101: NO | L101: =IF(AND(G101="",H101=""),"",IF(G101="",H101,G101+H101)) -> 8.847 | M101: =IF(AND(G101="",I101=""),"",IF(G101="",I101,G101+I101)) -> 8.807 | O101: =IF(OR($AK101="",ISNUMBER($AK101)=FALSE),"",MAX(AK101:AN101)) | P101: =IF(OR($AK101="",ISNUMBER($AK101)=FALSE),"",MIN(AK101:AN101)) | Q101: =IF(OR($AK101="",ISNUMBER($AK101)=FALSE),"",AVERAGE(AK101:AN101)) | R101: =IF(OR($AK101="",ISNUMBER($AK101)=FALSE),"",STDEV(AK101:AN101)) | S101: =IF(OR($AK101="",ISNUMBER($AK101)=FALSE),"",IF(AND(G101="",I101=""),V101,IF(AND(G101="",H101=""),W101,(H101+ABS(I101))/(6*R101)))) | T101: =IF(OR($AK101="",ISNUMBER($AK101)=FALSE),"",IF(AND($F101="Tolerance",$G101<>""),($Q101-$G101)/(($L101-$M101)/2),IF(AND($F101="GD&T",$H101<>""),$Q101/$H101,""))) | U101: =IF($T101="","",IF(ABS($T101)<=0.125, "Level A",IF(AND(ABS($T101)>0.125,ABS($T101)<=0.25), "Level B",IF(AND(ABS($T101)>0.25,ABS($T101)<=0.5), "Level C", IF(ABS($T101)>0.5, "Level D"))))) | V101: =IF(OR($AK101="",ISNUMBER($AK101)=FALSE),"",IF(H101="","",(L101-Q101)/(3*R101))) | W101: =IF(OR($AK101="",ISNUMBER($AK101)=FALSE),"",IF(I101="","",(Q101-M101)/(3*R101))) | X101: =IF(OR($AK101="",ISNUMBER($AK101)=FALSE),"",IF(AND(G101=0,I101=0),((H101)-(Q101))/(3*R101),MIN(V101:W101))) | Y101: =IF(OR($AK101="",ISNUMBER($AK101)=FALSE),"",IF(AND(G101=0,I101=0),NORMSDIST(3*X101),NORMSDIST(3*X101)+NORMSDIST(6*S101-3*X101)-1)) | Z101: =IF($Q101="","",IF(F101="Tolerance",IF(($E101*3*R101+Q101)-G101<H101,"",($E101*3*R101+Q101)-G101),IF(OR(F101="GD&T",F101="MAX"),IF(($E101*3*R101+Q101)<H101,"",($E101*3*R101+Q101)),""))) | AA101: =IF(Q101="","",IF(F101="Tolerance",IF(-(($E101*3*R101)-Q101)-G101>I101,"",-(($E101*3*R101)-Q101)-G101),IF(F101="MIN",IF(-(($E101*3*R101)-Q101)>I101,"",-(($E101*3*R101)-Q101)),""))) | AB101: =IF(OR(G101="",Q101=""),"",(L101+M101)/2-Q101) | AC101: =IF(OR($S101>$AC$9,$R101=""),"",$AC$9*6*$R101) | AE101: =IF(AD101="","",IF(AD101>=0.966,"Normal","Not Normal"))
A102: 162 | B102: 66 | D102: True position | F102: GD&T | H102: 0.05 | J102: OMM | K102: NO | L102: =IF(AND(G102="",H102=""),"",IF(G102="",H102,G102+H102)) -> 0.05 | M102: =IF(AND(G102="",I102=""),"",IF(G102="",I102,G102+I102)) | O102: =IF(OR($AK102="",ISNUMBER($AK102)=FALSE),"",MAX(AK102:AN102)) | P102: =IF(OR($AK102="",ISNUMBER($AK102)=FALSE),"",MIN(AK102:AN102)) | Q102: =IF(OR($AK102="",ISNUMBER($AK102)=FALSE),"",AVERAGE(AK102:AN102)) | R102: =IF(OR($AK102="",ISNUMBER($AK102)=FALSE),"",STDEV(AK102:AN102)) | S102: =IF(OR($AK102="",ISNUMBER($AK102)=FALSE),"",IF(AND(G102="",I102=""),V102,IF(AND(G102="",H102=""),W102,(H102+ABS(I102))/(6*R102)))) | T102: =IF(OR($AK102="",ISNUMBER($AK102)=FALSE),"",IF(AND($F102="Tolerance",$G102<>""),($Q102-$G102)/(($L102-$M102)/2),IF(AND($F102="GD&T",$H102<>""),$Q102/$H102,""))) | U102: =IF($T102="","",IF(ABS($T102)<=0.125, "Level A",IF(AND(ABS($T102)>0.125,ABS($T102)<=0.25), "Level B",IF(AND(ABS($T102)>0.25,ABS($T102)<=0.5), "Level C", IF(ABS($T102)>0.5, "Level D"))))) | V102: =IF(OR($AK102="",ISNUMBER($AK102)=FALSE),"",IF(H102="","",(L102-Q102)/(3*R102))) | W102: =IF(OR($AK102="",ISNUMBER($AK102)=FALSE),"",IF(I102="","",(Q102-M102)/(3*R102))) | X102: =IF(OR($AK102="",ISNUMBER($AK102)=FALSE),"",IF(AND(G102=0,I102=0),((H102)-(Q102))/(3*R102),MIN(V102:W102))) | Y102: =IF(OR($AK102="",ISNUMBER($AK102)=FALSE),"",IF(AND(G102=0,I102=0),NORMSDIST(3*X102),NORMSDIST(3*X102)+NORMSDIST(6*S102-3*X102)-1)) | Z102: =IF($Q102="","",IF(F102="Tolerance",IF(($E102*3*R102+Q102)-G102<H102,"",($E102*3*R102+Q102)-G102),IF(OR(F102="GD&T",F102="MAX"),IF(($E102*3*R102+Q102)<H102,"",($E102*3*R102+Q102)),""))) | AA102: =IF(Q102="","",IF(F102="Tolerance",IF(-(($E102*3*R102)-Q102)-G102>I102,"",-(($E102*3*R102)-Q102)-G102),IF(F102="MIN",IF(-(($E102*3*R102)-Q102)>I102,"",-(($E102*3*R102)-Q102)),""))) | AB102: =IF(OR(G102="",Q102=""),"",(L102+M102)/2-Q102) | AC102: =IF(OR($S102>$AC$9,$R102=""),"",$AC$9*6*$R102) | AE102: =IF(AD102="","",IF(AD102>=0.966,"Normal","Not Normal"))
...

Sheet 1Cav기존
A1: Enhanced Cpk Data Sheet Enclosures MD
B2: Rev 4.3 | V2: Instructions
B4: Part Number : | D4: 8171186804 | F4: Supplier : | H4: Dpamstech | O4: Tool # / Build / DOE Name : | R4: A3.1 / TF / POR B + SlimBar
B5: Part Description : | D5: IR Base | F5: Inspector : | H5: @@@@ | O5: Notes/Comments : | R5: Annealing 후
B6: Revision : | D6: MSOP Rev.08 | F6: Date : | H6: 25@@@@ (Lot25@@@@) | O6: CMM/OMM Program version : | R6: PGM Rev.08
B8: DRAWING SPECIFICATIONS | O8: CALCULATED RESULTS | AG8: DO NOT DELETE COLUMNS | AK8: MEASURED DATA | BX8: 판정
H9: (USL for one sided spec) | I9: (LSL for one sided spec) | Z9: Tolerance needed to hit target Cpk | AB9: Cp* = | AC9: 1.5 | AK9: 1.CAV
B10: SPC | C10: FAI# | D10: Description | E10: Target Cpk | F10: Dimension Type | G10: Nominal | H10: TOL+ | I10: TOL | J10: Inspection Method | K10: 100% Gauged | L10: USL | M10: LSL | O10: Maximum | P10: Minimum | Q10: Mean | R10: Std Dev | S10: Cp | T10: Ca | U10: Ca Level | V10: UCPK | W10: LCPK | X10: Cpk | Y10: Yield | Z10: +Tol => Cpk* | AA10: Tol => Cpk* | AB10: Mean Shift | AC10: Tol Range => Cp* | AD10: Normality Test | AE10: Normality Result | AF10: Notes | AK10: 1 | AL10: 2 | AM10: 3 | AN10: 4 | AO10: 5 | AP10: 6 | AQ10: 7 | AR10: 8 | AS10: 9 | AT10: 10 | AU10: 11 | AV10: 12 | AW10: 13 | AX10: 14 | AY10: 15 | AZ10: 16 | BA10: 17 | BB10: 18 | BC10: 19 | BD10: 20 | BE10: 21 | BF10: 22 | BG10: 23 | BH10: 24 | BI10: 25 | BJ10: 26 | BK10: 27 | BL10: 28 | BM10: 29 | BN10: 30 | BO10: 31 | BP10: 32 | BR10: FAI | BS10: USL | BT10: LSL | BU10: Maximum | BV10: Minimum | BW10: Mean
