Workbook
Name CMMVersion: OOC!#REF!
Name dim_type: #REF!
Name dim_types: #REF!
Name gauging: #REF!
Name insp_meth: #REF!

Sheet OQC
A1: Enhanced Cpk Data Sheet - Enclosures MD
B2: Rev 4.3 | V2: Instructions | Y2: 없는 툴#캐비티 | AK2: {=_xlfn.LET(_xlpm.src,TOCOL(LEFT(AK10:BP10,3),1), _xlpm.obs,_xlfn._xlws.FILTER(_xlpm.src,_xlpm.src<>""), _xlpm.tools,_xlfn._xlws.SORT(_xlfn.UNIQUE(LEFT(_xlpm.obs,1))), _xlpm.all,TOCOL(_xlpm.tools&"#"&_xlfn.SEQUENCE(1,4),1), _xlpm.miss,_xlfn._xlws.FILTER(_xlpm.all,ISNA(MATCH(_xlpm.all,_xlpm.obs,0))), IFERROR(TRANSPOSE(_xlpm.miss),""))}
B4: Part Number : | D4: 817-11233 | F4: Supplier : | H4: Dpamstech | O4: Tool # / Build / DOE Name : | R4: @ Tool / MP | Y4: 들어간 툴#캐비티 | AK4: {=IFERROR(TRANSPOSE(_xlfn._xlws.SORT(_xlfn.UNIQUE(TRANSPOSE(LEFT(_xlfn._xlws.FILTER(AK10:BP10,AK10:BP10<>""),3))))),"")}
B5: Part Description : | D5: X Carrier | F5: Inspector : | H5: @@@ | O5: Notes/Comments : | Y5: 들어간 툴 | AK5: {=IFERROR(TRANSPOSE(_xlfn._xlws.SORT(_xlfn.UNIQUE(TRANSPOSE(LEFT(_xlfn._xlws.FILTER(AK10:BP10,AK10:BP10<>""),1))))),"")}
B6: Revision : | D6: 7 | F6: Date : | H6: 측정일 : 25@@@@ / 사출일 :25@@@@ | O6: CMM/OMM Program version : | R6: MP | Y6: 들어간 생산일
B8: DRAWING SPECIFICATIONS | O8: CALCULATED RESULTS | AG8: DO NOT DELETE COLUMNS
B9: FAI | C9: SPC | H9: (USL for one sided spec) | I9: (LSL for one sided spec) | Z9: Tolerance needed to hit target Cpk | AB9: Cp* = | AC9: 1.5
D10: Description | E10: Target Cpk | F10: Dimension Type | G10: Nominal | H10: TOL+ | I10: TOL- | J10: Inspection Method | K10: 100% Gauged | L10: USL | M10: LSL | O10: Maximum | P10: Minimum | Q10: Mean | R10: Std Dev | S10: Cp | T10: Ca | U10: Ca Level | V10: UCPK | W10: LCPK | X10: Cpk | Y10: Yield | Z10: +Tol => Cpk* | AA10: -Tol => Cpk* | AB10: Mean Shift | AC10: Tol Range => Cp* | AD10: Normality Test | AE10: Normality Result | AF10: Notes
A11: 1 | B11: 4-1-a | C11: D | D11: Height | E11: 1.5 | F11: Tolerance | G11: 0.5 | H11: 0.01 | I11: -0.01 | J11: OMM | K11: NO | L11: =IF(AND(G11="",H11=""),"",IF(G11="",H11,G11+H11)) -> 0.51 | M11: =IF(AND(G11="",I11=""),"",IF(G11="",I11,G11+I11)) -> 0.49 | O11: =IF(OR($AK11="",ISNUMBER($AK11)=FALSE),"",MAX(AK11:BP11)) | P11: =IF(OR($AK11="",ISNUMBER($AK11)=FALSE),"",MIN(AK11:BP11)) | Q11: =IF(OR($AK11="",ISNUMBER($AK11)=FALSE),"",AVERAGE(AK11:BP11)) | R11: =IF(OR($AK11="",ISNUMBER($AK11)=FALSE),"",STDEV(AK11:BP11)) | S11: =IF(OR($AK11="",ISNUMBER($AK11)=FALSE),"",IF(AND(G11="",I11=""),V11,IF(AND(G11="",H11=""),W11,(H11+ABS(I11))/(6*R11)))) | T11: =IF(OR($AK11="",ISNUMBER($AK11)=FALSE),"",IF(AND($F11="Tolerance",$G11<>""),($Q11-$G11)/(($L11-$M11)/2),IF(AND($F11="GD&T",$H11<>""),$Q11/$H11,""))) | U11: =IF($T11="","",IF(ABS($T11)<=0.125, "Level A",IF(AND(ABS($T11)>0.125,ABS($T11)<=0.25), "Level B",IF(AND(ABS($T11)>0.25,ABS($T11)<=0.5), "Level C", IF(ABS($T11)>0.5, "Level D"))))) | V11: =IF(OR($AK11="",ISNUMBER($AK11)=FALSE),"",IF(H11="","",(L11-Q11)/(3*R11))) | W11: =IF(OR($AK11="",ISNUMBER($AK11)=FALSE),"",IF(I11="","",(Q11-M11)/(3*R11))) | X11: =IF(OR($AK11="",ISNUMBER($AK11)=FALSE),"",IF(AND(G11=0,I11=0),((H11)-(Q11))/(3*R11),MIN(V11:W11))) | Y11: =IF(OR($AK11="",ISNUMBER($AK11)=FALSE),"",IF(AND(G11=0,I11=0),NORMSDIST(3*X11),NORMSDIST(3*X11)+NORMSDIST(6*S11-3*X11)-1)) | Z11: =IF($Q11="","",IF(F11="Tolerance",IF(($E11*3*R11+Q11)-G11<H11,"",($E11*3*R11+Q11)-G11),IF(OR(F11="GD&T",F11="MAX"),IF(($E11*3*R11+Q11)<H11,"",($E11*3*R11+Q11)),""))) | AA11: =IF(Q11="","",IF(F11="Tolerance",IF(-(($E11*3*R11)-Q11)-G11>I11,"",-(($E11*3*R11)-Q11)-G11),IF(F11="MIN",IF(-(($E11*3*R11)-Q11)>I11,"",-(($E11*3*R11)-Q11)),""))) | AB11: =IF(OR(G11="",Q11=""),"",(L11+M11)/2-Q11) | AC11: =IF(OR($S11>$AC$9,$R11=""),"",$AC$9*6*$R11) | AE11: =IF(AD11="","",IF(AD11>=0.966,"Normal","Not Normal"))
A12: 2 | B12: 4-2-b | C12: D | D12: Height | E12: 1.5 | F12: Tolerance | G12: 0.5 | H12: 0.01 | I12: -0.01 | J12: OMM | K12: NO | L12: =IF(AND(G12="",H12=""),"",IF(G12="",H12,G12+H12)) -> 0.51 | M12: =IF(AND(G12="",I12=""),"",IF(G12="",I12,G12+I12)) -> 0.49 | O12: =IF(OR($AK12="",ISNUMBER($AK12)=FALSE),"",MAX(AK12:BP12)) | P12: =IF(OR($AK12="",ISNUMBER($AK12)=FALSE),"",MIN(AK12:BP12)) | Q12: =IF(OR($AK12="",ISNUMBER($AK12)=FALSE),"",AVERAGE(AK12:BP12)) | R12: =IF(OR($AK12="",ISNUMBER($AK12)=FALSE),"",STDEV(AK12:BP12)) | S12: =IF(OR($AK12="",ISNUMBER($AK12)=FALSE),"",IF(AND(G12="",I12=""),V12,IF(AND(G12="",H12=""),W12,(H12+ABS(I12))/(6*R12)))) | T12: =IF(OR($AK12="",ISNUMBER($AK12)=FALSE),"",IF(AND($F12="Tolerance",$G12<>""),($Q12-$G12)/(($L12-$M12)/2),IF(AND($F12="GD&T",$H12<>""),$Q12/$H12,""))) | U12: =IF($T12="","",IF(ABS($T12)<=0.125, "Level A",IF(AND(ABS($T12)>0.125,ABS($T12)<=0.25), "Level B",IF(AND(ABS($T12)>0.25,ABS($T12)<=0.5), "Level C", IF(ABS($T12)>0.5, "Level D"))))) | V12: =IF(OR($AK12="",ISNUMBER($AK12)=FALSE),"",IF(H12="","",(L12-Q12)/(3*R12))) | W12: =IF(OR($AK12="",ISNUMBER($AK12)=FALSE),"",IF(I12="","",(Q12-M12)/(3*R12))) | X12: =IF(OR($AK12="",ISNUMBER($AK12)=FALSE),"",IF(AND(G12=0,I12=0),((H12)-(Q12))/(3*R12),MIN(V12:W12))) | Y12: =IF(OR($AK12="",ISNUMBER($AK12)=FALSE),"",IF(AND(G12=0,I12=0),NORMSDIST(3*X12),NORMSDIST(3*X12)+NORMSDIST(6*S12-3*X12)-1)) | Z12: =IF($Q12="","",IF(F12="Tolerance",IF(($E12*3*R12+Q12)-G12<H12,"",($E12*3*R12+Q12)-G12),IF(OR(F12="GD&T",F12="MAX"),IF(($E12*3*R12+Q12)<H12,"",($E12*3*R12+Q12)),""))) | AA12: =IF(Q12="","",IF(F12="Tolerance",IF(-(($E12*3*R12)-Q12)-G12>I12,"",-(($E12*3*R12)-Q12)-G12),IF(F12="MIN",IF(-(($E12*3*R12)-Q12)>I12,"",-(($E12*3*R12)-Q12)),""))) | AB12: =IF(OR(G12="",Q12=""),"",(L12+M12)/2-Q12) | AC12: =IF(OR($S12>$AC$9,$R12=""),"",$AC$9*6*$R12) | AE12: =IF(AD12="","",IF(AD12>=0.966,"Normal","Not Normal"))
A13: 3 | B13: 4-3-c | C13: D | D13: Height | E13: 1.5 | F13: Tolerance | G13: 0.5 | H13: 0.01 | I13: -0.01 | J13: OMM | K13: NO | L13: =IF(AND(G13="",H13=""),"",IF(G13="",H13,G13+H13)) -> 0.51 | M13: =IF(AND(G13="",I13=""),"",IF(G13="",I13,G13+I13)) -> 0.49 | O13: =IF(OR($AK13="",ISNUMBER($AK13)=FALSE),"",MAX(AK13:BP13)) | P13: =IF(OR($AK13="",ISNUMBER($AK13)=FALSE),"",MIN(AK13:BP13)) | Q13: =IF(OR($AK13="",ISNUMBER($AK13)=FALSE),"",AVERAGE(AK13:BP13)) | R13: =IF(OR($AK13="",ISNUMBER($AK13)=FALSE),"",STDEV(AK13:BP13)) | S13: =IF(OR($AK13="",ISNUMBER($AK13)=FALSE),"",IF(AND(G13="",I13=""),V13,IF(AND(G13="",H13=""),W13,(H13+ABS(I13))/(6*R13)))) | T13: =IF(OR($AK13="",ISNUMBER($AK13)=FALSE),"",IF(AND($F13="Tolerance",$G13<>""),($Q13-$G13)/(($L13-$M13)/2),IF(AND($F13="GD&T",$H13<>""),$Q13/$H13,""))) | U13: =IF($T13="","",IF(ABS($T13)<=0.125, "Level A",IF(AND(ABS($T13)>0.125,ABS($T13)<=0.25), "Level B",IF(AND(ABS($T13)>0.25,ABS($T13)<=0.5), "Level C", IF(ABS($T13)>0.5, "Level D"))))) | V13: =IF(OR($AK13="",ISNUMBER($AK13)=FALSE),"",IF(H13="","",(L13-Q13)/(3*R13))) | W13: =IF(OR($AK13="",ISNUMBER($AK13)=FALSE),"",IF(I13="","",(Q13-M13)/(3*R13))) | X13: =IF(OR($AK13="",ISNUMBER($AK13)=FALSE),"",IF(AND(G13=0,I13=0),((H13)-(Q13))/(3*R13),MIN(V13:W13))) | Y13: =IF(OR($AK13="",ISNUMBER($AK13)=FALSE),"",IF(AND(G13=0,I13=0),NORMSDIST(3*X13),NORMSDIST(3*X13)+NORMSDIST(6*S13-3*X13)-1)) | Z13: =IF($Q13="","",IF(F13="Tolerance",IF(($E13*3*R13+Q13)-G13<H13,"",($E13*3*R13+Q13)-G13),IF(OR(F13="GD&T",F13="MAX"),IF(($E13*3*R13+Q13)<H13,"",($E13*3*R13+Q13)),""))) | AA13: =IF(Q13="","",IF(F13="Tolerance",IF(-(($E13*3*R13)-Q13)-G13>I13,"",-(($E13*3*R13)-Q13)-G13),IF(F13="MIN",IF(-(($E13*3*R13)-Q13)>I13,"",-(($E13*3*R13)-Q13)),""))) | AB13: =IF(OR(G13="",Q13=""),"",(L13+M13)/2-Q13) | AC13: =IF(OR($S13>$AC$9,$R13=""),"",$AC$9*6*$R13) | AE13: =IF(AD13="","",IF(AD13>=0.966,"Normal","Not Normal"))
A14: 4 | B14: 6-1-a | C14: F | D14: Height | E14: 1.5 | F14: Tolerance | G14: 0.5 | H14: 0.01 | I14: -0.01 | J14: OMM | K14: NO | L14: =IF(AND(G14="",H14=""),"",IF(G14="",H14,G14+H14)) -> 0.51 | M14: =IF(AND(G14="",I14=""),"",IF(G14="",I14,G14+I14)) -> 0.49 | O14: =IF(OR($AK14="",ISNUMBER($AK14)=FALSE),"",MAX(AK14:BP14)) | P14: =IF(OR($AK14="",ISNUMBER($AK14)=FALSE),"",MIN(AK14:BP14)) | Q14: =IF(OR($AK14="",ISNUMBER($AK14)=FALSE),"",AVERAGE(AK14:BP14)) | R14: =IF(OR($AK14="",ISNUMBER($AK14)=FALSE),"",STDEV(AK14:BP14)) | S14: =IF(OR($AK14="",ISNUMBER($AK14)=FALSE),"",IF(AND(G14="",I14=""),V14,IF(AND(G14="",H14=""),W14,(H14+ABS(I14))/(6*R14)))) | T14: =IF(OR($AK14="",ISNUMBER($AK14)=FALSE),"",IF(AND($F14="Tolerance",$G14<>""),($Q14-$G14)/(($L14-$M14)/2),IF(AND($F14="GD&T",$H14<>""),$Q14/$H14,""))) | U14: =IF($T14="","",IF(ABS($T14)<=0.125, "Level A",IF(AND(ABS($T14)>0.125,ABS($T14)<=0.25), "Level B",IF(AND(ABS($T14)>0.25,ABS($T14)<=0.5), "Level C", IF(ABS($T14)>0.5, "Level D"))))) | V14: =IF(OR($AK14="",ISNUMBER($AK14)=FALSE),"",IF(H14="","",(L14-Q14)/(3*R14))) | W14: =IF(OR($AK14="",ISNUMBER($AK14)=FALSE),"",IF(I14="","",(Q14-M14)/(3*R14))) | X14: =IF(OR($AK14="",ISNUMBER($AK14)=FALSE),"",IF(AND(G14=0,I14=0),((H14)-(Q14))/(3*R14),MIN(V14:W14))) | Y14: =IF(OR($AK14="",ISNUMBER($AK14)=FALSE),"",IF(AND(G14=0,I14=0),NORMSDIST(3*X14),NORMSDIST(3*X14)+NORMSDIST(6*S14-3*X14)-1)) | Z14: =IF($Q14="","",IF(F14="Tolerance",IF(($E14*3*R14+Q14)-G14<H14,"",($E14*3*R14+Q14)-G14),IF(OR(F14="GD&T",F14="MAX"),IF(($E14*3*R14+Q14)<H14,"",($E14*3*R14+Q14)),""))) | AA14: =IF(Q14="","",IF(F14="Tolerance",IF(-(($E14*3*R14)-Q14)-G14>I14,"",-(($E14*3*R14)-Q14)-G14),IF(F14="MIN",IF(-(($E14*3*R14)-Q14)>I14,"",-(($E14*3*R14)-Q14)),""))) | AB14: =IF(OR(G14="",Q14=""),"",(L14+M14)/2-Q14) | AC14: =IF(OR($S14>$AC$9,$R14=""),"",$AC$9*6*$R14) | AE14: =IF(AD14="","",IF(AD14>=0.966,"Normal","Not Normal"))
A15: 5 | B15: 6-2-b | C15: F | D15: Height | E15: 1.5 | F15: Tolerance | G15: 0.5 | H15: 0.01 | I15: -0.01 | J15: OMM | K15: NO | L15: =IF(AND(G15="",H15=""),"",IF(G15="",H15,G15+H15)) -> 0.51 | M15: =IF(AND(G15="",I15=""),"",IF(G15="",I15,G15+I15)) -> 0.49 | O15: =IF(OR($AK15="",ISNUMBER($AK15)=FALSE),"",MAX(AK15:BP15)) | P15: =IF(OR($AK15="",ISNUMBER($AK15)=FALSE),"",MIN(AK15:BP15)) | Q15: =IF(OR($AK15="",ISNUMBER($AK15)=FALSE),"",AVERAGE(AK15:BP15)) | R15: =IF(OR($AK15="",ISNUMBER($AK15)=FALSE),"",STDEV(AK15:BP15)) | S15: =IF(OR($AK15="",ISNUMBER($AK15)=FALSE),"",IF(AND(G15="",I15=""),V15,IF(AND(G15="",H15=""),W15,(H15+ABS(I15))/(6*R15)))) | T15: =IF(OR($AK15="",ISNUMBER($AK15)=FALSE),"",IF(AND($F15="Tolerance",$G15<>""),($Q15-$G15)/(($L15-$M15)/2),IF(AND($F15="GD&T",$H15<>""),$Q15/$H15,""))) | U15: =IF($T15="","",IF(ABS($T15)<=0.125, "Level A",IF(AND(ABS($T15)>0.125,ABS($T15)<=0.25), "Level B",IF(AND(ABS($T15)>0.25,ABS($T15)<=0.5), "Level C", IF(ABS($T15)>0.5, "Level D"))))) | V15: =IF(OR($AK15="",ISNUMBER($AK15)=FALSE),"",IF(H15="","",(L15-Q15)/(3*R15))) | W15: =IF(OR($AK15="",ISNUMBER($AK15)=FALSE),"",IF(I15="","",(Q15-M15)/(3*R15))) | X15: =IF(OR($AK15="",ISNUMBER($AK15)=FALSE),"",IF(AND(G15=0,I15=0),((H15)-(Q15))/(3*R15),MIN(V15:W15))) | Y15: =IF(OR($AK15="",ISNUMBER($AK15)=FALSE),"",IF(AND(G15=0,I15=0),NORMSDIST(3*X15),NORMSDIST(3*X15)+NORMSDIST(6*S15-3*X15)-1)) | Z15: =IF($Q15="","",IF(F15="Tolerance",IF(($E15*3*R15+Q15)-G15<H15,"",($E15*3*R15+Q15)-G15),IF(OR(F15="GD&T",F15="MAX"),IF(($E15*3*R15+Q15)<H15,"",($E15*3*R15+Q15)),""))) | AA15: =IF(Q15="","",IF(F15="Tolerance",IF(-(($E15*3*R15)-Q15)-G15>I15,"",-(($E15*3*R15)-Q15)-G15),IF(F15="MIN",IF(-(($E15*3*R15)-Q15)>I15,"",-(($E15*3*R15)-Q15)),""))) | AB15: =IF(OR(G15="",Q15=""),"",(L15+M15)/2-Q15) | AC15: =IF(OR($S15>$AC$9,$R15=""),"",$AC$9*6*$R15) | AE15: =IF(AD15="","",IF(AD15>=0.966,"Normal","Not Normal"))
A16: 6 | B16: 6-3-c | C16: F | D16: Height | E16: 1.5 | F16: Tolerance | G16: 0.5 | H16: 0.01 | I16: -0.01 | J16: OMM | K16: NO | L16: =IF(AND(G16="",H16=""),"",IF(G16="",H16,G16+H16)) -> 0.51 | M16: =IF(AND(G16="",I16=""),"",IF(G16="",I16,G16+I16)) -> 0.49 | O16: =IF(OR($AK16="",ISNUMBER($AK16)=FALSE),"",MAX(AK16:BP16)) | P16: =IF(OR($AK16="",ISNUMBER($AK16)=FALSE),"",MIN(AK16:BP16)) | Q16: =IF(OR($AK16="",ISNUMBER($AK16)=FALSE),"",AVERAGE(AK16:BP16)) | R16: =IF(OR($AK16="",ISNUMBER($AK16)=FALSE),"",STDEV(AK16:BP16)) | S16: =IF(OR($AK16="",ISNUMBER($AK16)=FALSE),"",IF(AND(G16="",I16=""),V16,IF(AND(G16="",H16=""),W16,(H16+ABS(I16))/(6*R16)))) | T16: =IF(OR($AK16="",ISNUMBER($AK16)=FALSE),"",IF(AND($F16="Tolerance",$G16<>""),($Q16-$G16)/(($L16-$M16)/2),IF(AND($F16="GD&T",$H16<>""),$Q16/$H16,""))) | U16: =IF($T16="","",IF(ABS($T16)<=0.125, "Level A",IF(AND(ABS($T16)>0.125,ABS($T16)<=0.25), "Level B",IF(AND(ABS($T16)>0.25,ABS($T16)<=0.5), "Level C", IF(ABS($T16)>0.5, "Level D"))))) | V16: =IF(OR($AK16="",ISNUMBER($AK16)=FALSE),"",IF(H16="","",(L16-Q16)/(3*R16))) | W16: =IF(OR($AK16="",ISNUMBER($AK16)=FALSE),"",IF(I16="","",(Q16-M16)/(3*R16))) | X16: =IF(OR($AK16="",ISNUMBER($AK16)=FALSE),"",IF(AND(G16=0,I16=0),((H16)-(Q16))/(3*R16),MIN(V16:W16))) | Y16: =IF(OR($AK16="",ISNUMBER($AK16)=FALSE),"",IF(AND(G16=0,I16=0),NORMSDIST(3*X16),NORMSDIST(3*X16)+NORMSDIST(6*S16-3*X16)-1)) | Z16: =IF($Q16="","",IF(F16="Tolerance",IF(($E16*3*R16+Q16)-G16<H16,"",($E16*3*R16+Q16)-G16),IF(OR(F16="GD&T",F16="MAX"),IF(($E16*3*R16+Q16)<H16,"",($E16*3*R16+Q16)),""))) | AA16: =IF(Q16="","",IF(F16="Tolerance",IF(-(($E16*3*R16)-Q16)-G16>I16,"",-(($E16*3*R16)-Q16)-G16),IF(F16="MIN",IF(-(($E16*3*R16)-Q16)>I16,"",-(($E16*3*R16)-Q16)),""))) | AB16: =IF(OR(G16="",Q16=""),"",(L16+M16)/2-Q16) | AC16: =IF(OR($S16>$AC$9,$R16=""),"",$AC$9*6*$R16) | AE16: =IF(AD16="","",IF(AD16>=0.966,"Normal","Not Normal"))
A17: 7 | B17: 8 | C17: H | D17: Parallelism | E17: 1.5 | F17: GD&T | H17: 0.03 | J17: OMM | K17: NO | L17: =IF(AND(G17="",H17=""),"",IF(G17="",H17,G17+H17)) -> 0.03 | M17: =IF(AND(G17="",I17=""),"",IF(G17="",I17,G17+I17)) | O17: =IF(OR($AK17="",ISNUMBER($AK17)=FALSE),"",MAX(AK17:BP17)) | P17: =IF(OR($AK17="",ISNUMBER($AK17)=FALSE),"",MIN(AK17:BP17)) | Q17: =IF(OR($AK17="",ISNUMBER($AK17)=FALSE),"",AVERAGE(AK17:BP17)) | R17: =IF(OR($AK17="",ISNUMBER($AK17)=FALSE),"",STDEV(AK17:BP17)) | S17: =IF(OR($AK17="",ISNUMBER($AK17)=FALSE),"",IF(AND(G17="",I17=""),V17,IF(AND(G17="",H17=""),W17,(H17+ABS(I17))/(6*R17)))) | T17: =IF(OR($AK17="",ISNUMBER($AK17)=FALSE),"",IF(AND($F17="Tolerance",$G17<>""),($Q17-$G17)/(($L17-$M17)/2),IF(AND($F17="GD&T",$H17<>""),$Q17/$H17,""))) | U17: =IF($T17="","",IF(ABS($T17)<=0.125, "Level A",IF(AND(ABS($T17)>0.125,ABS($T17)<=0.25), "Level B",IF(AND(ABS($T17)>0.25,ABS($T17)<=0.5), "Level C", IF(ABS($T17)>0.5, "Level D"))))) | V17: =IF(OR($AK17="",ISNUMBER($AK17)=FALSE),"",IF(H17="","",(L17-Q17)/(3*R17))) | W17: =IF(OR($AK17="",ISNUMBER($AK17)=FALSE),"",IF(I17="","",(Q17-M17)/(3*R17))) | X17: =IF(OR($AK17="",ISNUMBER($AK17)=FALSE),"",IF(AND(G17=0,I17=0),((H17)-(Q17))/(3*R17),MIN(V17:W17))) | Y17: =IF(OR($AK17="",ISNUMBER($AK17)=FALSE),"",IF(AND(G17=0,I17=0),NORMSDIST(3*X17),NORMSDIST(3*X17)+NORMSDIST(6*S17-3*X17)-1)) | Z17: =IF($Q17="","",IF(F17="Tolerance",IF(($E17*3*R17+Q17)-G17<H17,"",($E17*3*R17+Q17)-G17),IF(OR(F17="GD&T",F17="MAX"),IF(($E17*3*R17+Q17)<H17,"",($E17*3*R17+Q17)),""))) | AA17: =IF(Q17="","",IF(F17="Tolerance",IF(-(($E17*3*R17)-Q17)-G17>I17,"",-(($E17*3*R17)-Q17)-G17),IF(F17="MIN",IF(-(($E17*3*R17)-Q17)>I17,"",-(($E17*3*R17)-Q17)),""))) | AB17: =IF(OR(G17="",Q17=""),"",(L17+M17)/2-Q17) | AC17: =IF(OR($S17>$AC$9,$R17=""),"",$AC$9*6*$R17) | AE17: =IF(AD17="","",IF(AD17>=0.966,"Normal","Not Normal"))
A18: 11 | B18: 9 | C18: I | D18: Perpendicularity | E18: 1.5 | F18: GD&T | H18: 0.03 | J18: OMM | K18: NO | L18: =IF(AND(G18="",H18=""),"",IF(G18="",H18,G18+H18)) -> 0.03 | M18: =IF(AND(G18="",I18=""),"",IF(G18="",I18,G18+I18)) | O18: =IF(OR($AK18="",ISNUMBER($AK18)=FALSE),"",MAX(AK18:BP18)) | P18: =IF(OR($AK18="",ISNUMBER($AK18)=FALSE),"",MIN(AK18:BP18)) | Q18: =IF(OR($AK18="",ISNUMBER($AK18)=FALSE),"",AVERAGE(AK18:BP18)) | R18: =IF(OR($AK18="",ISNUMBER($AK18)=FALSE),"",STDEV(AK18:BP18)) | S18: =IF(OR($AK18="",ISNUMBER($AK18)=FALSE),"",IF(AND(G18="",I18=""),V18,IF(AND(G18="",H18=""),W18,(H18+ABS(I18))/(6*R18)))) | T18: =IF(OR($AK18="",ISNUMBER($AK18)=FALSE),"",IF(AND($F18="Tolerance",$G18<>""),($Q18-$G18)/(($L18-$M18)/2),IF(AND($F18="GD&T",$H18<>""),$Q18/$H18,""))) | U18: =IF($T18="","",IF(ABS($T18)<=0.125, "Level A",IF(AND(ABS($T18)>0.125,ABS($T18)<=0.25), "Level B",IF(AND(ABS($T18)>0.25,ABS($T18)<=0.5), "Level C", IF(ABS($T18)>0.5, "Level D"))))) | V18: =IF(OR($AK18="",ISNUMBER($AK18)=FALSE),"",IF(H18="","",(L18-Q18)/(3*R18))) | W18: =IF(OR($AK18="",ISNUMBER($AK18)=FALSE),"",IF(I18="","",(Q18-M18)/(3*R18))) | X18: =IF(OR($AK18="",ISNUMBER($AK18)=FALSE),"",IF(AND(G18=0,I18=0),((H18)-(Q18))/(3*R18),MIN(V18:W18))) | Y18: =IF(OR($AK18="",ISNUMBER($AK18)=FALSE),"",IF(AND(G18=0,I18=0),NORMSDIST(3*X18),NORMSDIST(3*X18)+NORMSDIST(6*S18-3*X18)-1)) | Z18: =IF($Q18="","",IF(F18="Tolerance",IF(($E18*3*R18+Q18)-G18<H18,"",($E18*3*R18+Q18)-G18),IF(OR(F18="GD&T",F18="MAX"),IF(($E18*3*R18+Q18)<H18,"",($E18*3*R18+Q18)),""))) | AA18: =IF(Q18="","",IF(F18="Tolerance",IF(-(($E18*3*R18)-Q18)-G18>I18,"",-(($E18*3*R18)-Q18)-G18),IF(F18="MIN",IF(-(($E18*3*R18)-Q18)>I18,"",-(($E18*3*R18)-Q18)),""))) | AB18: =IF(OR(G18="",Q18=""),"",(L18+M18)/2-Q18) | AC18: =IF(OR($S18>$AC$9,$R18=""),"",$AC$9*6*$R18) | AE18: =IF(AD18="","",IF(AD18>=0.966,"Normal","Not Normal"))
A19: 12 | B19: 10-1-d | C19: J | D19: Distance | E19: 1.33 | F19: Tolerance | G19: 1.09 | H19: 0.015 | I19: -0.01 | J19: OMM | K19: NO | L19: =IF(AND(G19="",H19=""),"",IF(G19="",H19,G19+H19)) -> 1.105 | M19: =IF(AND(G19="",I19=""),"",IF(G19="",I19,G19+I19)) -> 1.08 | O19: =IF(OR($AK19="",ISNUMBER($AK19)=FALSE),"",MAX(AK19:BP19)) | P19: =IF(OR($AK19="",ISNUMBER($AK19)=FALSE),"",MIN(AK19:BP19)) | Q19: =IF(OR($AK19="",ISNUMBER($AK19)=FALSE),"",AVERAGE(AK19:BP19)) | R19: =IF(OR($AK19="",ISNUMBER($AK19)=FALSE),"",STDEV(AK19:BP19)) | S19: =IF(OR($AK19="",ISNUMBER($AK19)=FALSE),"",IF(AND(G19="",I19=""),V19,IF(AND(G19="",H19=""),W19,(H19+ABS(I19))/(6*R19)))) | T19: =IF(OR($AK19="",ISNUMBER($AK19)=FALSE),"",IF(AND($F19="Tolerance",$G19<>""),($Q19-$G19)/(($L19-$M19)/2),IF(AND($F19="GD&T",$H19<>""),$Q19/$H19,""))) | U19: =IF($T19="","",IF(ABS($T19)<=0.125, "Level A",IF(AND(ABS($T19)>0.125,ABS($T19)<=0.25), "Level B",IF(AND(ABS($T19)>0.25,ABS($T19)<=0.5), "Level C", IF(ABS($T19)>0.5, "Level D"))))) | V19: =IF(OR($AK19="",ISNUMBER($AK19)=FALSE),"",IF(H19="","",(L19-Q19)/(3*R19))) | W19: =IF(OR($AK19="",ISNUMBER($AK19)=FALSE),"",IF(I19="","",(Q19-M19)/(3*R19))) | X19: =IF(OR($AK19="",ISNUMBER($AK19)=FALSE),"",IF(AND(G19=0,I19=0),((H19)-(Q19))/(3*R19),MIN(V19:W19))) | Y19: =IF(OR($AK19="",ISNUMBER($AK19)=FALSE),"",IF(AND(G19=0,I19=0),NORMSDIST(3*X19),NORMSDIST(3*X19)+NORMSDIST(6*S19-3*X19)-1)) | Z19: =IF($Q19="","",IF(F19="Tolerance",IF(($E19*3*R19+Q19)-G19<H19,"",($E19*3*R19+Q19)-G19),IF(OR(F19="GD&T",F19="MAX"),IF(($E19*3*R19+Q19)<H19,"",($E19*3*R19+Q19)),""))) | AA19: =IF(Q19="","",IF(F19="Tolerance",IF(-(($E19*3*R19)-Q19)-G19>I19,"",-(($E19*3*R19)-Q19)-G19),IF(F19="MIN",IF(-(($E19*3*R19)-Q19)>I19,"",-(($E19*3*R19)-Q19)),""))) | AB19: =IF(OR(G19="",Q19=""),"",(L19+M19)/2-Q19) | AC19: =IF(OR($S19>$AC$9,$R19=""),"",$AC$9*6*$R19) | AE19: =IF(AD19="","",IF(AD19>=0.966,"Normal","Not Normal"))
A20: 13 | B20: 10-2-e | C20: J | D20: Distance | E20: 1.33 | F20: Tolerance | G20: 1.09 | H20: 0.015 | I20: -0.01 | J20: OMM | K20: NO | L20: =IF(AND(G20="",H20=""),"",IF(G20="",H20,G20+H20)) -> 1.105 | M20: =IF(AND(G20="",I20=""),"",IF(G20="",I20,G20+I20)) -> 1.08 | O20: =IF(OR($AK20="",ISNUMBER($AK20)=FALSE),"",MAX(AK20:BP20)) | P20: =IF(OR($AK20="",ISNUMBER($AK20)=FALSE),"",MIN(AK20:BP20)) | Q20: =IF(OR($AK20="",ISNUMBER($AK20)=FALSE),"",AVERAGE(AK20:BP20)) | R20: =IF(OR($AK20="",ISNUMBER($AK20)=FALSE),"",STDEV(AK20:BP20)) | S20: =IF(OR($AK20="",ISNUMBER($AK20)=FALSE),"",IF(AND(G20="",I20=""),V20,IF(AND(G20="",H20=""),W20,(H20+ABS(I20))/(6*R20)))) | T20: =IF(OR($AK20="",ISNUMBER($AK20)=FALSE),"",IF(AND($F20="Tolerance",$G20<>""),($Q20-$G20)/(($L20-$M20)/2),IF(AND($F20="GD&T",$H20<>""),$Q20/$H20,""))) | U20: =IF($T20="","",IF(ABS($T20)<=0.125, "Level A",IF(AND(ABS($T20)>0.125,ABS($T20)<=0.25), "Level B",IF(AND(ABS($T20)>0.25,ABS($T20)<=0.5), "Level C", IF(ABS($T20)>0.5, "Level D"))))) | V20: =IF(OR($AK20="",ISNUMBER($AK20)=FALSE),"",IF(H20="","",(L20-Q20)/(3*R20))) | W20: =IF(OR($AK20="",ISNUMBER($AK20)=FALSE),"",IF(I20="","",(Q20-M20)/(3*R20))) | X20: =IF(OR($AK20="",ISNUMBER($AK20)=FALSE),"",IF(AND(G20=0,I20=0),((H20)-(Q20))/(3*R20),MIN(V20:W20))) | Y20: =IF(OR($AK20="",ISNUMBER($AK20)=FALSE),"",IF(AND(G20=0,I20=0),NORMSDIST(3*X20),NORMSDIST(3*X20)+NORMSDIST(6*S20-3*X20)-1)) | Z20: =IF($Q20="","",IF(F20="Tolerance",IF(($E20*3*R20+Q20)-G20<H20,"",($E20*3*R20+Q20)-G20),IF(OR(F20="GD&T",F20="MAX"),IF(($E20*3*R20+Q20)<H20,"",($E20*3*R20+Q20)),""))) | AA20: =IF(Q20="","",IF(F20="Tolerance",IF(-(($E20*3*R20)-Q20)-G20>I20,"",-(($E20*3*R20)-Q20)-G20),IF(F20="MIN",IF(-(($E20*3*R20)-Q20)>I20,"",-(($E20*3*R20)-Q20)),""))) | AB20: =IF(OR(G20="",Q20=""),"",(L20+M20)/2-Q20) | AC20: =IF(OR($S20>$AC$9,$R20=""),"",$AC$9*6*$R20) | AE20: =IF(AD20="","",IF(AD20>=0.966,"Normal","Not Normal"))
A21: 14 | B21: 10-3-f | C21: J | D21: Distance | E21: 1.33 | F21: Tolerance | G21: 1.09 | H21: 0.015 | I21: -0.01 | J21: OMM | K21: NO | L21: =IF(AND(G21="",H21=""),"",IF(G21="",H21,G21+H21)) -> 1.105 | M21: =IF(AND(G21="",I21=""),"",IF(G21="",I21,G21+I21)) -> 1.08 | O21: =IF(OR($AK21="",ISNUMBER($AK21)=FALSE),"",MAX(AK21:BP21)) | P21: =IF(OR($AK21="",ISNUMBER($AK21)=FALSE),"",MIN(AK21:BP21)) | Q21: =IF(OR($AK21="",ISNUMBER($AK21)=FALSE),"",AVERAGE(AK21:BP21)) | R21: =IF(OR($AK21="",ISNUMBER($AK21)=FALSE),"",STDEV(AK21:BP21)) | S21: =IF(OR($AK21="",ISNUMBER($AK21)=FALSE),"",IF(AND(G21="",I21=""),V21,IF(AND(G21="",H21=""),W21,(H21+ABS(I21))/(6*R21)))) | T21: =IF(OR($AK21="",ISNUMBER($AK21)=FALSE),"",IF(AND($F21="Tolerance",$G21<>""),($Q21-$G21)/(($L21-$M21)/2),IF(AND($F21="GD&T",$H21<>""),$Q21/$H21,""))) | U21: =IF($T21="","",IF(ABS($T21)<=0.125, "Level A",IF(AND(ABS($T21)>0.125,ABS($T21)<=0.25), "Level B",IF(AND(ABS($T21)>0.25,ABS($T21)<=0.5), "Level C", IF(ABS($T21)>0.5, "Level D"))))) | V21: =IF(OR($AK21="",ISNUMBER($AK21)=FALSE),"",IF(H21="","",(L21-Q21)/(3*R21))) | W21: =IF(OR($AK21="",ISNUMBER($AK21)=FALSE),"",IF(I21="","",(Q21-M21)/(3*R21))) | X21: =IF(OR($AK21="",ISNUMBER($AK21)=FALSE),"",IF(AND(G21=0,I21=0),((H21)-(Q21))/(3*R21),MIN(V21:W21))) | Y21: =IF(OR($AK21="",ISNUMBER($AK21)=FALSE),"",IF(AND(G21=0,I21=0),NORMSDIST(3*X21),NORMSDIST(3*X21)+NORMSDIST(6*S21-3*X21)-1)) | Z21: =IF($Q21="","",IF(F21="Tolerance",IF(($E21*3*R21+Q21)-G21<H21,"",($E21*3*R21+Q21)-G21),IF(OR(F21="GD&T",F21="MAX"),IF(($E21*3*R21+Q21)<H21,"",($E21*3*R21+Q21)),""))) | AA21: =IF(Q21="","",IF(F21="Tolerance",IF(-(($E21*3*R21)-Q21)-G21>I21,"",-(($E21*3*R21)-Q21)-G21),IF(F21="MIN",IF(-(($E21*3*R21)-Q21)>I21,"",-(($E21*3*R21)-Q21)),""))) | AB21: =IF(OR(G21="",Q21=""),"",(L21+M21)/2-Q21) | AC21: =IF(OR($S21>$AC$9,$R21=""),"",$AC$9*6*$R21) | AE21: =IF(AD21="","",IF(AD21>=0.966,"Normal","Not Normal"))
A22: 15 | B22: 23 | C22: W | D22: Distance | E22: 1.33 | F22: Tolerance | G22: 1.852 | H22: 0.02 | I22: -0.02 | J22: OMM | K22: NO | L22: =IF(AND(G22="",H22=""),"",IF(G22="",H22,G22+H22)) -> 1.872 | M22: =IF(AND(G22="",I22=""),"",IF(G22="",I22,G22+I22)) -> 1.832 | O22: =IF(OR($AK22="",ISNUMBER($AK22)=FALSE),"",MAX(AK22:BP22)) | P22: =IF(OR($AK22="",ISNUMBER($AK22)=FALSE),"",MIN(AK22:BP22)) | Q22: =IF(OR($AK22="",ISNUMBER($AK22)=FALSE),"",AVERAGE(AK22:BP22)) | R22: =IF(OR($AK22="",ISNUMBER($AK22)=FALSE),"",STDEV(AK22:BP22)) | S22: =IF(OR($AK22="",ISNUMBER($AK22)=FALSE),"",IF(AND(G22="",I22=""),V22,IF(AND(G22="",H22=""),W22,(H22+ABS(I22))/(6*R22)))) | T22: =IF(OR($AK22="",ISNUMBER($AK22)=FALSE),"",IF(AND($F22="Tolerance",$G22<>""),($Q22-$G22)/(($L22-$M22)/2),IF(AND($F22="GD&T",$H22<>""),$Q22/$H22,""))) | U22: =IF($T22="","",IF(ABS($T22)<=0.125, "Level A",IF(AND(ABS($T22)>0.125,ABS($T22)<=0.25), "Level B",IF(AND(ABS($T22)>0.25,ABS($T22)<=0.5), "Level C", IF(ABS($T22)>0.5, "Level D"))))) | V22: =IF(OR($AK22="",ISNUMBER($AK22)=FALSE),"",IF(H22="","",(L22-Q22)/(3*R22))) | W22: =IF(OR($AK22="",ISNUMBER($AK22)=FALSE),"",IF(I22="","",(Q22-M22)/(3*R22))) | X22: =IF(OR($AK22="",ISNUMBER($AK22)=FALSE),"",IF(AND(G22=0,I22=0),((H22)-(Q22))/(3*R22),MIN(V22:W22))) | Y22: =IF(OR($AK22="",ISNUMBER($AK22)=FALSE),"",IF(AND(G22=0,I22=0),NORMSDIST(3*X22),NORMSDIST(3*X22)+NORMSDIST(6*S22-3*X22)-1)) | Z22: =IF($Q22="","",IF(F22="Tolerance",IF(($E22*3*R22+Q22)-G22<H22,"",($E22*3*R22+Q22)-G22),IF(OR(F22="GD&T",F22="MAX"),IF(($E22*3*R22+Q22)<H22,"",($E22*3*R22+Q22)),""))) | AA22: =IF(Q22="","",IF(F22="Tolerance",IF(-(($E22*3*R22)-Q22)-G22>I22,"",-(($E22*3*R22)-Q22)-G22),IF(F22="MIN",IF(-(($E22*3*R22)-Q22)>I22,"",-(($E22*3*R22)-Q22)),""))) | AB22: =IF(OR(G22="",Q22=""),"",(L22+M22)/2-Q22) | AC22: =IF(OR($S22>$AC$9,$R22=""),"",$AC$9*6*$R22) | AE22: =IF(AD22="","",IF(AD22>=0.966,"Normal","Not Normal"))
A23: 15 | B23: 24 | C23: X | D23: Distance | E23: 1.33 | F23: Tolerance | G23: 0.214 | H23: 0.02 | I23: -0.02 | J23: OMM | K23: NO | L23: =IF(AND(G23="",H23=""),"",IF(G23="",H23,G23+H23)) -> 0.234 | M23: =IF(AND(G23="",I23=""),"",IF(G23="",I23,G23+I23)) -> 0.194 | O23: =IF(OR($AK23="",ISNUMBER($AK23)=FALSE),"",MAX(AK23:BP23)) | P23: =IF(OR($AK23="",ISNUMBER($AK23)=FALSE),"",MIN(AK23:BP23)) | Q23: =IF(OR($AK23="",ISNUMBER($AK23)=FALSE),"",AVERAGE(AK23:BP23)) | R23: =IF(OR($AK23="",ISNUMBER($AK23)=FALSE),"",STDEV(AK23:BP23)) | S23: =IF(OR($AK23="",ISNUMBER($AK23)=FALSE),"",IF(AND(G23="",I23=""),V23,IF(AND(G23="",H23=""),W23,(H23+ABS(I23))/(6*R23)))) | T23: =IF(OR($AK23="",ISNUMBER($AK23)=FALSE),"",IF(AND($F23="Tolerance",$G23<>""),($Q23-$G23)/(($L23-$M23)/2),IF(AND($F23="GD&T",$H23<>""),$Q23/$H23,""))) | U23: =IF($T23="","",IF(ABS($T23)<=0.125, "Level A",IF(AND(ABS($T23)>0.125,ABS($T23)<=0.25), "Level B",IF(AND(ABS($T23)>0.25,ABS($T23)<=0.5), "Level C", IF(ABS($T23)>0.5, "Level D"))))) | V23: =IF(OR($AK23="",ISNUMBER($AK23)=FALSE),"",IF(H23="","",(L23-Q23)/(3*R23))) | W23: =IF(OR($AK23="",ISNUMBER($AK23)=FALSE),"",IF(I23="","",(Q23-M23)/(3*R23))) | X23: =IF(OR($AK23="",ISNUMBER($AK23)=FALSE),"",IF(AND(G23=0,I23=0),((H23)-(Q23))/(3*R23),MIN(V23:W23))) | Y23: =IF(OR($AK23="",ISNUMBER($AK23)=FALSE),"",IF(AND(G23=0,I23=0),NORMSDIST(3*X23),NORMSDIST(3*X23)+NORMSDIST(6*S23-3*X23)-1)) | Z23: =IF($Q23="","",IF(F23="Tolerance",IF(($E23*3*R23+Q23)-G23<H23,"",($E23*3*R23+Q23)-G23),IF(OR(F23="GD&T",F23="MAX"),IF(($E23*3*R23+Q23)<H23,"",($E23*3*R23+Q23)),""))) | AA23: =IF(Q23="","",IF(F23="Tolerance",IF(-(($E23*3*R23)-Q23)-G23>I23,"",-(($E23*3*R23)-Q23)-G23),IF(F23="MIN",IF(-(($E23*3*R23)-Q23)>I23,"",-(($E23*3*R23)-Q23)),""))) | AB23: =IF(OR(G23="",Q23=""),"",(L23+M23)/2-Q23) | AC23: =IF(OR($S23>$AC$9,$R23=""),"",$AC$9*6*$R23) | AE23: =IF(AD23="","",IF(AD23>=0.966,"Normal","Not Normal"))
A24: 17 | B24: 25A-d | D24: Distance | F24: Tolerance | G24: 1.29 | H24: 0.03 | I24: -0.03 | J24: OMM | K24: NO | L24: =IF(AND(G24="",H24=""),"",IF(G24="",H24,G24+H24)) -> 1.32 | M24: =IF(AND(G24="",I24=""),"",IF(G24="",I24,G24+I24)) -> 1.26 | O24: =IF(OR($AK24="",ISNUMBER($AK24)=FALSE),"",MAX(AK24:BP24)) | P24: =IF(OR($AK24="",ISNUMBER($AK24)=FALSE),"",MIN(AK24:BP24)) | Q24: =IF(OR($AK24="",ISNUMBER($AK24)=FALSE),"",AVERAGE(AK24:BP24)) | R24: =IF(OR($AK24="",ISNUMBER($AK24)=FALSE),"",STDEV(AK24:BP24)) | S24: =IF(OR($AK24="",ISNUMBER($AK24)=FALSE),"",IF(AND(G24="",I24=""),V24,IF(AND(G24="",H24=""),W24,(H24+ABS(I24))/(6*R24)))) | T24: =IF(OR($AK24="",ISNUMBER($AK24)=FALSE),"",IF(AND($F24="Tolerance",$G24<>""),($Q24-$G24)/(($L24-$M24)/2),IF(AND($F24="GD&T",$H24<>""),$Q24/$H24,""))) | U24: =IF($T24="","",IF(ABS($T24)<=0.125, "Level A",IF(AND(ABS($T24)>0.125,ABS($T24)<=0.25), "Level B",IF(AND(ABS($T24)>0.25,ABS($T24)<=0.5), "Level C", IF(ABS($T24)>0.5, "Level D"))))) | V24: =IF(OR($AK24="",ISNUMBER($AK24)=FALSE),"",IF(H24="","",(L24-Q24)/(3*R24))) | W24: =IF(OR($AK24="",ISNUMBER($AK24)=FALSE),"",IF(I24="","",(Q24-M24)/(3*R24))) | X24: =IF(OR($AK24="",ISNUMBER($AK24)=FALSE),"",IF(AND(G24=0,I24=0),((H24)-(Q24))/(3*R24),MIN(V24:W24))) | Y24: =IF(OR($AK24="",ISNUMBER($AK24)=FALSE),"",IF(AND(G24=0,I24=0),NORMSDIST(3*X24),NORMSDIST(3*X24)+NORMSDIST(6*S24-3*X24)-1)) | Z24: =IF($Q24="","",IF(F24="Tolerance",IF(($E24*3*R24+Q24)-G24<H24,"",($E24*3*R24+Q24)-G24),IF(OR(F24="GD&T",F24="MAX"),IF(($E24*3*R24+Q24)<H24,"",($E24*3*R24+Q24)),""))) | AA24: =IF(Q24="","",IF(F24="Tolerance",IF(-(($E24*3*R24)-Q24)-G24>I24,"",-(($E24*3*R24)-Q24)-G24),IF(F24="MIN",IF(-(($E24*3*R24)-Q24)>I24,"",-(($E24*3*R24)-Q24)),""))) | AB24: =IF(OR(G24="",Q24=""),"",(L24+M24)/2-Q24) | AC24: =IF(OR($S24>$AC$9,$R24=""),"",$AC$9*6*$R24) | AE24: =IF(AD24="","",IF(AD24>=0.966,"Normal","Not Normal"))
A25: 18 | B25: 25A-e | D25: Distance | F25: Tolerance | G25: 1.29 | H25: 0.03 | I25: -0.03 | J25: OMM | K25: NO | L25: =IF(AND(G25="",H25=""),"",IF(G25="",H25,G25+H25)) -> 1.32 | M25: =IF(AND(G25="",I25=""),"",IF(G25="",I25,G25+I25)) -> 1.26 | O25: =IF(OR($AK25="",ISNUMBER($AK25)=FALSE),"",MAX(AK25:BP25)) | P25: =IF(OR($AK25="",ISNUMBER($AK25)=FALSE),"",MIN(AK25:BP25)) | Q25: =IF(OR($AK25="",ISNUMBER($AK25)=FALSE),"",AVERAGE(AK25:BP25)) | R25: =IF(OR($AK25="",ISNUMBER($AK25)=FALSE),"",STDEV(AK25:BP25)) | S25: =IF(OR($AK25="",ISNUMBER($AK25)=FALSE),"",IF(AND(G25="",I25=""),V25,IF(AND(G25="",H25=""),W25,(H25+ABS(I25))/(6*R25)))) | T25: =IF(OR($AK25="",ISNUMBER($AK25)=FALSE),"",IF(AND($F25="Tolerance",$G25<>""),($Q25-$G25)/(($L25-$M25)/2),IF(AND($F25="GD&T",$H25<>""),$Q25/$H25,""))) | U25: =IF($T25="","",IF(ABS($T25)<=0.125, "Level A",IF(AND(ABS($T25)>0.125,ABS($T25)<=0.25), "Level B",IF(AND(ABS($T25)>0.25,ABS($T25)<=0.5), "Level C", IF(ABS($T25)>0.5, "Level D"))))) | V25: =IF(OR($AK25="",ISNUMBER($AK25)=FALSE),"",IF(H25="","",(L25-Q25)/(3*R25))) | W25: =IF(OR($AK25="",ISNUMBER($AK25)=FALSE),"",IF(I25="","",(Q25-M25)/(3*R25))) | X25: =IF(OR($AK25="",ISNUMBER($AK25)=FALSE),"",IF(AND(G25=0,I25=0),((H25)-(Q25))/(3*R25),MIN(V25:W25))) | Y25: =IF(OR($AK25="",ISNUMBER($AK25)=FALSE),"",IF(AND(G25=0,I25=0),NORMSDIST(3*X25),NORMSDIST(3*X25)+NORMSDIST(6*S25-3*X25)-1)) | Z25: =IF($Q25="","",IF(F25="Tolerance",IF(($E25*3*R25+Q25)-G25<H25,"",($E25*3*R25+Q25)-G25),IF(OR(F25="GD&T",F25="MAX"),IF(($E25*3*R25+Q25)<H25,"",($E25*3*R25+Q25)),""))) | AA25: =IF(Q25="","",IF(F25="Tolerance",IF(-(($E25*3*R25)-Q25)-G25>I25,"",-(($E25*3*R25)-Q25)-G25),IF(F25="MIN",IF(-(($E25*3*R25)-Q25)>I25,"",-(($E25*3*R25)-Q25)),""))) | AB25: =IF(OR(G25="",Q25=""),"",(L25+M25)/2-Q25) | AC25: =IF(OR($S25>$AC$9,$R25=""),"",$AC$9*6*$R25) | AE25: =IF(AD25="","",IF(AD25>=0.966,"Normal","Not Normal"))
A26: 19 | B26: 25A-f | D26: Distance | F26: Tolerance | G26: 1.29 | H26: 0.03 | I26: -0.03 | J26: OMM | K26: NO | L26: =IF(AND(G26="",H26=""),"",IF(G26="",H26,G26+H26)) -> 1.32 | M26: =IF(AND(G26="",I26=""),"",IF(G26="",I26,G26+I26)) -> 1.26 | O26: =IF(OR($AK26="",ISNUMBER($AK26)=FALSE),"",MAX(AK26:BP26)) | P26: =IF(OR($AK26="",ISNUMBER($AK26)=FALSE),"",MIN(AK26:BP26)) | Q26: =IF(OR($AK26="",ISNUMBER($AK26)=FALSE),"",AVERAGE(AK26:BP26)) | R26: =IF(OR($AK26="",ISNUMBER($AK26)=FALSE),"",STDEV(AK26:BP26)) | S26: =IF(OR($AK26="",ISNUMBER($AK26)=FALSE),"",IF(AND(G26="",I26=""),V26,IF(AND(G26="",H26=""),W26,(H26+ABS(I26))/(6*R26)))) | T26: =IF(OR($AK26="",ISNUMBER($AK26)=FALSE),"",IF(AND($F26="Tolerance",$G26<>""),($Q26-$G26)/(($L26-$M26)/2),IF(AND($F26="GD&T",$H26<>""),$Q26/$H26,""))) | U26: =IF($T26="","",IF(ABS($T26)<=0.125, "Level A",IF(AND(ABS($T26)>0.125,ABS($T26)<=0.25), "Level B",IF(AND(ABS($T26)>0.25,ABS($T26)<=0.5), "Level C", IF(ABS($T26)>0.5, "Level D"))))) | V26: =IF(OR($AK26="",ISNUMBER($AK26)=FALSE),"",IF(H26="","",(L26-Q26)/(3*R26))) | W26: =IF(OR($AK26="",ISNUMBER($AK26)=FALSE),"",IF(I26="","",(Q26-M26)/(3*R26))) | X26: =IF(OR($AK26="",ISNUMBER($AK26)=FALSE),"",IF(AND(G26=0,I26=0),((H26)-(Q26))/(3*R26),MIN(V26:W26))) | Y26: =IF(OR($AK26="",ISNUMBER($AK26)=FALSE),"",IF(AND(G26=0,I26=0),NORMSDIST(3*X26),NORMSDIST(3*X26)+NORMSDIST(6*S26-3*X26)-1)) | Z26: =IF($Q26="","",IF(F26="Tolerance",IF(($E26*3*R26+Q26)-G26<H26,"",($E26*3*R26+Q26)-G26),IF(OR(F26="GD&T",F26="MAX"),IF(($E26*3*R26+Q26)<H26,"",($E26*3*R26+Q26)),""))) | AA26: =IF(Q26="","",IF(F26="Tolerance",IF(-(($E26*3*R26)-Q26)-G26>I26,"",-(($E26*3*R26)-Q26)-G26),IF(F26="MIN",IF(-(($E26*3*R26)-Q26)>I26,"",-(($E26*3*R26)-Q26)),""))) | AB26: =IF(OR(G26="",Q26=""),"",(L26+M26)/2-Q26) | AC26: =IF(OR($S26>$AC$9,$R26=""),"",$AC$9*6*$R26) | AE26: =IF(AD26="","",IF(AD26>=0.966,"Normal","Not Normal"))
A27: 20 | B27: 26 | D27: Distance | F27: Tolerance | G27: 15.262 | H27: 0.03 | I27: -0.03 | J27: OMM | K27: NO | L27: =IF(AND(G27="",H27=""),"",IF(G27="",H27,G27+H27)) -> 15.292 | M27: =IF(AND(G27="",I27=""),"",IF(G27="",I27,G27+I27)) -> 15.232 | O27: =IF(OR($AK27="",ISNUMBER($AK27)=FALSE),"",MAX(AK27:BP27)) | P27: =IF(OR($AK27="",ISNUMBER($AK27)=FALSE),"",MIN(AK27:BP27)) | Q27: =IF(OR($AK27="",ISNUMBER($AK27)=FALSE),"",AVERAGE(AK27:BP27)) | R27: =IF(OR($AK27="",ISNUMBER($AK27)=FALSE),"",STDEV(AK27:BP27)) | S27: =IF(OR($AK27="",ISNUMBER($AK27)=FALSE),"",IF(AND(G27="",I27=""),V27,IF(AND(G27="",H27=""),W27,(H27+ABS(I27))/(6*R27)))) | T27: =IF(OR($AK27="",ISNUMBER($AK27)=FALSE),"",IF(AND($F27="Tolerance",$G27<>""),($Q27-$G27)/(($L27-$M27)/2),IF(AND($F27="GD&T",$H27<>""),$Q27/$H27,""))) | U27: =IF($T27="","",IF(ABS($T27)<=0.125, "Level A",IF(AND(ABS($T27)>0.125,ABS($T27)<=0.25), "Level B",IF(AND(ABS($T27)>0.25,ABS($T27)<=0.5), "Level C", IF(ABS($T27)>0.5, "Level D"))))) | V27: =IF(OR($AK27="",ISNUMBER($AK27)=FALSE),"",IF(H27="","",(L27-Q27)/(3*R27))) | W27: =IF(OR($AK27="",ISNUMBER($AK27)=FALSE),"",IF(I27="","",(Q27-M27)/(3*R27))) | X27: =IF(OR($AK27="",ISNUMBER($AK27)=FALSE),"",IF(AND(G27=0,I27=0),((H27)-(Q27))/(3*R27),MIN(V27:W27))) | Y27: =IF(OR($AK27="",ISNUMBER($AK27)=FALSE),"",IF(AND(G27=0,I27=0),NORMSDIST(3*X27),NORMSDIST(3*X27)+NORMSDIST(6*S27-3*X27)-1)) | Z27: =IF($Q27="","",IF(F27="Tolerance",IF(($E27*3*R27+Q27)-G27<H27,"",($E27*3*R27+Q27)-G27),IF(OR(F27="GD&T",F27="MAX"),IF(($E27*3*R27+Q27)<H27,"",($E27*3*R27+Q27)),""))) | AA27: =IF(Q27="","",IF(F27="Tolerance",IF(-(($E27*3*R27)-Q27)-G27>I27,"",-(($E27*3*R27)-Q27)-G27),IF(F27="MIN",IF(-(($E27*3*R27)-Q27)>I27,"",-(($E27*3*R27)-Q27)),""))) | AB27: =IF(OR(G27="",Q27=""),"",(L27+M27)/2-Q27) | AC27: =IF(OR($S27>$AC$9,$R27=""),"",$AC$9*6*$R27) | AE27: =IF(AD27="","",IF(AD27>=0.966,"Normal","Not Normal"))
A28: 21 | B28: 27 | D28: Distance | F28: Tolerance | G28: 12.839 | H28: 0.03 | I28: -0.03 | J28: OMM | K28: NO | L28: =IF(AND(G28="",H28=""),"",IF(G28="",H28,G28+H28)) -> 12.869 | M28: =IF(AND(G28="",I28=""),"",IF(G28="",I28,G28+I28)) -> 12.809 | O28: =IF(OR($AK28="",ISNUMBER($AK28)=FALSE),"",MAX(AK28:BP28)) | P28: =IF(OR($AK28="",ISNUMBER($AK28)=FALSE),"",MIN(AK28:BP28)) | Q28: =IF(OR($AK28="",ISNUMBER($AK28)=FALSE),"",AVERAGE(AK28:BP28)) | R28: =IF(OR($AK28="",ISNUMBER($AK28)=FALSE),"",STDEV(AK28:BP28)) | S28: =IF(OR($AK28="",ISNUMBER($AK28)=FALSE),"",IF(AND(G28="",I28=""),V28,IF(AND(G28="",H28=""),W28,(H28+ABS(I28))/(6*R28)))) | T28: =IF(OR($AK28="",ISNUMBER($AK28)=FALSE),"",IF(AND($F28="Tolerance",$G28<>""),($Q28-$G28)/(($L28-$M28)/2),IF(AND($F28="GD&T",$H28<>""),$Q28/$H28,""))) | U28: =IF($T28="","",IF(ABS($T28)<=0.125, "Level A",IF(AND(ABS($T28)>0.125,ABS($T28)<=0.25), "Level B",IF(AND(ABS($T28)>0.25,ABS($T28)<=0.5), "Level C", IF(ABS($T28)>0.5, "Level D"))))) | V28: =IF(OR($AK28="",ISNUMBER($AK28)=FALSE),"",IF(H28="","",(L28-Q28)/(3*R28))) | W28: =IF(OR($AK28="",ISNUMBER($AK28)=FALSE),"",IF(I28="","",(Q28-M28)/(3*R28))) | X28: =IF(OR($AK28="",ISNUMBER($AK28)=FALSE),"",IF(AND(G28=0,I28=0),((H28)-(Q28))/(3*R28),MIN(V28:W28))) | Y28: =IF(OR($AK28="",ISNUMBER($AK28)=FALSE),"",IF(AND(G28=0,I28=0),NORMSDIST(3*X28),NORMSDIST(3*X28)+NORMSDIST(6*S28-3*X28)-1)) | Z28: =IF($Q28="","",IF(F28="Tolerance",IF(($E28*3*R28+Q28)-G28<H28,"",($E28*3*R28+Q28)-G28),IF(OR(F28="GD&T",F28="MAX"),IF(($E28*3*R28+Q28)<H28,"",($E28*3*R28+Q28)),""))) | AA28: =IF(Q28="","",IF(F28="Tolerance",IF(-(($E28*3*R28)-Q28)-G28>I28,"",-(($E28*3*R28)-Q28)-G28),IF(F28="MIN",IF(-(($E28*3*R28)-Q28)>I28,"",-(($E28*3*R28)-Q28)),""))) | AB28: =IF(OR(G28="",Q28=""),"",(L28+M28)/2-Q28) | AC28: =IF(OR($S28>$AC$9,$R28=""),"",$AC$9*6*$R28) | AE28: =IF(AD28="","",IF(AD28>=0.966,"Normal","Not Normal"))
A29: 22 | B29: 28 | D29: Distance | F29: Tolerance | G29: 2.627 | H29: 0.03 | I29: -0.03 | J29: OMM | K29: NO | L29: =IF(AND(G29="",H29=""),"",IF(G29="",H29,G29+H29)) -> 2.657 | M29: =IF(AND(G29="",I29=""),"",IF(G29="",I29,G29+I29)) -> 2.597 | O29: =IF(OR($AK29="",ISNUMBER($AK29)=FALSE),"",MAX(AK29:BP29)) | P29: =IF(OR($AK29="",ISNUMBER($AK29)=FALSE),"",MIN(AK29:BP29)) | Q29: =IF(OR($AK29="",ISNUMBER($AK29)=FALSE),"",AVERAGE(AK29:BP29)) | R29: =IF(OR($AK29="",ISNUMBER($AK29)=FALSE),"",STDEV(AK29:BP29)) | S29: =IF(OR($AK29="",ISNUMBER($AK29)=FALSE),"",IF(AND(G29="",I29=""),V29,IF(AND(G29="",H29=""),W29,(H29+ABS(I29))/(6*R29)))) | T29: =IF(OR($AK29="",ISNUMBER($AK29)=FALSE),"",IF(AND($F29="Tolerance",$G29<>""),($Q29-$G29)/(($L29-$M29)/2),IF(AND($F29="GD&T",$H29<>""),$Q29/$H29,""))) | U29: =IF($T29="","",IF(ABS($T29)<=0.125, "Level A",IF(AND(ABS($T29)>0.125,ABS($T29)<=0.25), "Level B",IF(AND(ABS($T29)>0.25,ABS($T29)<=0.5), "Level C", IF(ABS($T29)>0.5, "Level D"))))) | V29: =IF(OR($AK29="",ISNUMBER($AK29)=FALSE),"",IF(H29="","",(L29-Q29)/(3*R29))) | W29: =IF(OR($AK29="",ISNUMBER($AK29)=FALSE),"",IF(I29="","",(Q29-M29)/(3*R29))) | X29: =IF(OR($AK29="",ISNUMBER($AK29)=FALSE),"",IF(AND(G29=0,I29=0),((H29)-(Q29))/(3*R29),MIN(V29:W29))) | Y29: =IF(OR($AK29="",ISNUMBER($AK29)=FALSE),"",IF(AND(G29=0,I29=0),NORMSDIST(3*X29),NORMSDIST(3*X29)+NORMSDIST(6*S29-3*X29)-1)) | Z29: =IF($Q29="","",IF(F29="Tolerance",IF(($E29*3*R29+Q29)-G29<H29,"",($E29*3*R29+Q29)-G29),IF(OR(F29="GD&T",F29="MAX"),IF(($E29*3*R29+Q29)<H29,"",($E29*3*R29+Q29)),""))) | AA29: =IF(Q29="","",IF(F29="Tolerance",IF(-(($E29*3*R29)-Q29)-G29>I29,"",-(($E29*3*R29)-Q29)-G29),IF(F29="MIN",IF(-(($E29*3*R29)-Q29)>I29,"",-(($E29*3*R29)-Q29)),""))) | AB29: =IF(OR(G29="",Q29=""),"",(L29+M29)/2-Q29) | AC29: =IF(OR($S29>$AC$9,$R29=""),"",$AC$9*6*$R29) | AE29: =IF(AD29="","",IF(AD29>=0.966,"Normal","Not Normal"))
A30: 39 | B30: 30 | D30: Distance | F30: Tolerance | G30: 12.482 | H30: 0.03 | I30: -0.03 | J30: OMM | K30: NO | L30: =IF(AND(G30="",H30=""),"",IF(G30="",H30,G30+H30)) -> 12.512 | M30: =IF(AND(G30="",I30=""),"",IF(G30="",I30,G30+I30)) -> 12.452 | O30: =IF(OR($AK30="",ISNUMBER($AK30)=FALSE),"",MAX(AK30:BP30)) | P30: =IF(OR($AK30="",ISNUMBER($AK30)=FALSE),"",MIN(AK30:BP30)) | Q30: =IF(OR($AK30="",ISNUMBER($AK30)=FALSE),"",AVERAGE(AK30:BP30)) | R30: =IF(OR($AK30="",ISNUMBER($AK30)=FALSE),"",STDEV(AK30:BP30)) | S30: =IF(OR($AK30="",ISNUMBER($AK30)=FALSE),"",IF(AND(G30="",I30=""),V30,IF(AND(G30="",H30=""),W30,(H30+ABS(I30))/(6*R30)))) | T30: =IF(OR($AK30="",ISNUMBER($AK30)=FALSE),"",IF(AND($F30="Tolerance",$G30<>""),($Q30-$G30)/(($L30-$M30)/2),IF(AND($F30="GD&T",$H30<>""),$Q30/$H30,""))) | U30: =IF($T30="","",IF(ABS($T30)<=0.125, "Level A",IF(AND(ABS($T30)>0.125,ABS($T30)<=0.25), "Level B",IF(AND(ABS($T30)>0.25,ABS($T30)<=0.5), "Level C", IF(ABS($T30)>0.5, "Level D"))))) | V30: =IF(OR($AK30="",ISNUMBER($AK30)=FALSE),"",IF(H30="","",(L30-Q30)/(3*R30))) | W30: =IF(OR($AK30="",ISNUMBER($AK30)=FALSE),"",IF(I30="","",(Q30-M30)/(3*R30))) | X30: =IF(OR($AK30="",ISNUMBER($AK30)=FALSE),"",IF(AND(G30=0,I30=0),((H30)-(Q30))/(3*R30),MIN(V30:W30))) | Y30: =IF(OR($AK30="",ISNUMBER($AK30)=FALSE),"",IF(AND(G30=0,I30=0),NORMSDIST(3*X30),NORMSDIST(3*X30)+NORMSDIST(6*S30-3*X30)-1)) | Z30: =IF($Q30="","",IF(F30="Tolerance",IF(($E30*3*R30+Q30)-G30<H30,"",($E30*3*R30+Q30)-G30),IF(OR(F30="GD&T",F30="MAX"),IF(($E30*3*R30+Q30)<H30,"",($E30*3*R30+Q30)),""))) | AA30: =IF(Q30="","",IF(F30="Tolerance",IF(-(($E30*3*R30)-Q30)-G30>I30,"",-(($E30*3*R30)-Q30)-G30),IF(F30="MIN",IF(-(($E30*3*R30)-Q30)>I30,"",-(($E30*3*R30)-Q30)),""))) | AB30: =IF(OR(G30="",Q30=""),"",(L30+M30)/2-Q30) | AC30: =IF(OR($S30>$AC$9,$R30=""),"",$AC$9*6*$R30) | AE30: =IF(AD30="","",IF(AD30>=0.966,"Normal","Not Normal"))
A31: 40 | B31: 31 | D31: Distance | F31: Tolerance | G31: 11.089 | H31: 0.03 | I31: -0.03 | J31: OMM | K31: NO | L31: =IF(AND(G31="",H31=""),"",IF(G31="",H31,G31+H31)) -> 11.119 | M31: =IF(AND(G31="",I31=""),"",IF(G31="",I31,G31+I31)) -> 11.059 | O31: =IF(OR($AK31="",ISNUMBER($AK31)=FALSE),"",MAX(AK31:BP31)) | P31: =IF(OR($AK31="",ISNUMBER($AK31)=FALSE),"",MIN(AK31:BP31)) | Q31: =IF(OR($AK31="",ISNUMBER($AK31)=FALSE),"",AVERAGE(AK31:BP31)) | R31: =IF(OR($AK31="",ISNUMBER($AK31)=FALSE),"",STDEV(AK31:BP31)) | S31: =IF(OR($AK31="",ISNUMBER($AK31)=FALSE),"",IF(AND(G31="",I31=""),V31,IF(AND(G31="",H31=""),W31,(H31+ABS(I31))/(6*R31)))) | T31: =IF(OR($AK31="",ISNUMBER($AK31)=FALSE),"",IF(AND($F31="Tolerance",$G31<>""),($Q31-$G31)/(($L31-$M31)/2),IF(AND($F31="GD&T",$H31<>""),$Q31/$H31,""))) | U31: =IF($T31="","",IF(ABS($T31)<=0.125, "Level A",IF(AND(ABS($T31)>0.125,ABS($T31)<=0.25), "Level B",IF(AND(ABS($T31)>0.25,ABS($T31)<=0.5), "Level C", IF(ABS($T31)>0.5, "Level D"))))) | V31: =IF(OR($AK31="",ISNUMBER($AK31)=FALSE),"",IF(H31="","",(L31-Q31)/(3*R31))) | W31: =IF(OR($AK31="",ISNUMBER($AK31)=FALSE),"",IF(I31="","",(Q31-M31)/(3*R31))) | X31: =IF(OR($AK31="",ISNUMBER($AK31)=FALSE),"",IF(AND(G31=0,I31=0),((H31)-(Q31))/(3*R31),MIN(V31:W31))) | Y31: =IF(OR($AK31="",ISNUMBER($AK31)=FALSE),"",IF(AND(G31=0,I31=0),NORMSDIST(3*X31),NORMSDIST(3*X31)+NORMSDIST(6*S31-3*X31)-1)) | Z31: =IF($Q31="","",IF(F31="Tolerance",IF(($E31*3*R31+Q31)-G31<H31,"",($E31*3*R31+Q31)-G31),IF(OR(F31="GD&T",F31="MAX"),IF(($E31*3*R31+Q31)<H31,"",($E31*3*R31+Q31)),""))) | AA31: =IF(Q31="","",IF(F31="Tolerance",IF(-(($E31*3*R31)-Q31)-G31>I31,"",-(($E31*3*R31)-Q31)-G31),IF(F31="MIN",IF(-(($E31*3*R31)-Q31)>I31,"",-(($E31*3*R31)-Q31)),""))) | AB31: =IF(OR(G31="",Q31=""),"",(L31+M31)/2-Q31) | AC31: =IF(OR($S31>$AC$9,$R31=""),"",$AC$9*6*$R31) | AE31: =IF(AD31="","",IF(AD31>=0.966,"Normal","Not Normal"))
A32: 41 | B32: 32 | D32: Distance | F32: Tolerance | G32: 2.092 | H32: 0.03 | I32: -0.03 | J32: OMM | K32: NO | L32: =IF(AND(G32="",H32=""),"",IF(G32="",H32,G32+H32)) -> 2.122 | M32: =IF(AND(G32="",I32=""),"",IF(G32="",I32,G32+I32)) -> 2.062 | O32: =IF(OR($AK32="",ISNUMBER($AK32)=FALSE),"",MAX(AK32:BP32)) | P32: =IF(OR($AK32="",ISNUMBER($AK32)=FALSE),"",MIN(AK32:BP32)) | Q32: =IF(OR($AK32="",ISNUMBER($AK32)=FALSE),"",AVERAGE(AK32:BP32)) | R32: =IF(OR($AK32="",ISNUMBER($AK32)=FALSE),"",STDEV(AK32:BP32)) | S32: =IF(OR($AK32="",ISNUMBER($AK32)=FALSE),"",IF(AND(G32="",I32=""),V32,IF(AND(G32="",H32=""),W32,(H32+ABS(I32))/(6*R32)))) | T32: =IF(OR($AK32="",ISNUMBER($AK32)=FALSE),"",IF(AND($F32="Tolerance",$G32<>""),($Q32-$G32)/(($L32-$M32)/2),IF(AND($F32="GD&T",$H32<>""),$Q32/$H32,""))) | U32: =IF($T32="","",IF(ABS($T32)<=0.125, "Level A",IF(AND(ABS($T32)>0.125,ABS($T32)<=0.25), "Level B",IF(AND(ABS($T32)>0.25,ABS($T32)<=0.5), "Level C", IF(ABS($T32)>0.5, "Level D"))))) | V32: =IF(OR($AK32="",ISNUMBER($AK32)=FALSE),"",IF(H32="","",(L32-Q32)/(3*R32))) | W32: =IF(OR($AK32="",ISNUMBER($AK32)=FALSE),"",IF(I32="","",(Q32-M32)/(3*R32))) | X32: =IF(OR($AK32="",ISNUMBER($AK32)=FALSE),"",IF(AND(G32=0,I32=0),((H32)-(Q32))/(3*R32),MIN(V32:W32))) | Y32: =IF(OR($AK32="",ISNUMBER($AK32)=FALSE),"",IF(AND(G32=0,I32=0),NORMSDIST(3*X32),NORMSDIST(3*X32)+NORMSDIST(6*S32-3*X32)-1)) | Z32: =IF($Q32="","",IF(F32="Tolerance",IF(($E32*3*R32+Q32)-G32<H32,"",($E32*3*R32+Q32)-G32),IF(OR(F32="GD&T",F32="MAX"),IF(($E32*3*R32+Q32)<H32,"",($E32*3*R32+Q32)),""))) | AA32: =IF(Q32="","",IF(F32="Tolerance",IF(-(($E32*3*R32)-Q32)-G32>I32,"",-(($E32*3*R32)-Q32)-G32),IF(F32="MIN",IF(-(($E32*3*R32)-Q32)>I32,"",-(($E32*3*R32)-Q32)),""))) | AB32: =IF(OR(G32="",Q32=""),"",(L32+M32)/2-Q32) | AC32: =IF(OR($S32>$AC$9,$R32=""),"",$AC$9*6*$R32) | AE32: =IF(AD32="","",IF(AD32>=0.966,"Normal","Not Normal"))
A33: 42 | B33: 33 | D33: Distance | F33: GD&T | H33: 0.03 | J33: OMM | K33: NO | L33: =IF(AND(G33="",H33=""),"",IF(G33="",H33,G33+H33)) -> 0.03 | M33: =IF(AND(G33="",I33=""),"",IF(G33="",I33,G33+I33)) | O33: =IF(OR($AK33="",ISNUMBER($AK33)=FALSE),"",MAX(AK33:BP33)) | P33: =IF(OR($AK33="",ISNUMBER($AK33)=FALSE),"",MIN(AK33:BP33)) | Q33: =IF(OR($AK33="",ISNUMBER($AK33)=FALSE),"",AVERAGE(AK33:BP33)) | R33: =IF(OR($AK33="",ISNUMBER($AK33)=FALSE),"",STDEV(AK33:BP33)) | S33: =IF(OR($AK33="",ISNUMBER($AK33)=FALSE),"",IF(AND(G33="",I33=""),V33,IF(AND(G33="",H33=""),W33,(H33+ABS(I33))/(6*R33)))) | T33: =IF(OR($AK33="",ISNUMBER($AK33)=FALSE),"",IF(AND($F33="Tolerance",$G33<>""),($Q33-$G33)/(($L33-$M33)/2),IF(AND($F33="GD&T",$H33<>""),$Q33/$H33,""))) | U33: =IF($T33="","",IF(ABS($T33)<=0.125, "Level A",IF(AND(ABS($T33)>0.125,ABS($T33)<=0.25), "Level B",IF(AND(ABS($T33)>0.25,ABS($T33)<=0.5), "Level C", IF(ABS($T33)>0.5, "Level D"))))) | V33: =IF(OR($AK33="",ISNUMBER($AK33)=FALSE),"",IF(H33="","",(L33-Q33)/(3*R33))) | W33: =IF(OR($AK33="",ISNUMBER($AK33)=FALSE),"",IF(I33="","",(Q33-M33)/(3*R33))) | X33: =IF(OR($AK33="",ISNUMBER($AK33)=FALSE),"",IF(AND(G33=0,I33=0),((H33)-(Q33))/(3*R33),MIN(V33:W33))) | Y33: =IF(OR($AK33="",ISNUMBER($AK33)=FALSE),"",IF(AND(G33=0,I33=0),NORMSDIST(3*X33),NORMSDIST(3*X33)+NORMSDIST(6*S33-3*X33)-1)) | Z33: =IF($Q33="","",IF(F33="Tolerance",IF(($E33*3*R33+Q33)-G33<H33,"",($E33*3*R33+Q33)-G33),IF(OR(F33="GD&T",F33="MAX"),IF(($E33*3*R33+Q33)<H33,"",($E33*3*R33+Q33)),""))) | AA33: =IF(Q33="","",IF(F33="Tolerance",IF(-(($E33*3*R33)-Q33)-G33>I33,"",-(($E33*3*R33)-Q33)-G33),IF(F33="MIN",IF(-(($E33*3*R33)-Q33)>I33,"",-(($E33*3*R33)-Q33)),""))) | AB33: =IF(OR(G33="",Q33=""),"",(L33+M33)/2-Q33) | AC33: =IF(OR($S33>$AC$9,$R33=""),"",$AC$9*6*$R33) | AE33: =IF(AD33="","",IF(AD33>=0.966,"Normal","Not Normal"))
A34: 43 | B34: 34 | D34: Distance | F34: GD&T | H34: 0.02 | J34: OMM | K34: NO | L34: =IF(AND(G34="",H34=""),"",IF(G34="",H34,G34+H34)) -> 0.02 | M34: =IF(AND(G34="",I34=""),"",IF(G34="",I34,G34+I34)) | O34: =IF(OR($AK34="",ISNUMBER($AK34)=FALSE),"",MAX(AK34:BP34)) | P34: =IF(OR($AK34="",ISNUMBER($AK34)=FALSE),"",MIN(AK34:BP34)) | Q34: =IF(OR($AK34="",ISNUMBER($AK34)=FALSE),"",AVERAGE(AK34:BP34)) | R34: =IF(OR($AK34="",ISNUMBER($AK34)=FALSE),"",STDEV(AK34:BP34)) | S34: =IF(OR($AK34="",ISNUMBER($AK34)=FALSE),"",IF(AND(G34="",I34=""),V34,IF(AND(G34="",H34=""),W34,(H34+ABS(I34))/(6*R34)))) | T34: =IF(OR($AK34="",ISNUMBER($AK34)=FALSE),"",IF(AND($F34="Tolerance",$G34<>""),($Q34-$G34)/(($L34-$M34)/2),IF(AND($F34="GD&T",$H34<>""),$Q34/$H34,""))) | U34: =IF($T34="","",IF(ABS($T34)<=0.125, "Level A",IF(AND(ABS($T34)>0.125,ABS($T34)<=0.25), "Level B",IF(AND(ABS($T34)>0.25,ABS($T34)<=0.5), "Level C", IF(ABS($T34)>0.5, "Level D"))))) | V34: =IF(OR($AK34="",ISNUMBER($AK34)=FALSE),"",IF(H34="","",(L34-Q34)/(3*R34))) | W34: =IF(OR($AK34="",ISNUMBER($AK34)=FALSE),"",IF(I34="","",(Q34-M34)/(3*R34))) | X34: =IF(OR($AK34="",ISNUMBER($AK34)=FALSE),"",IF(AND(G34=0,I34=0),((H34)-(Q34))/(3*R34),MIN(V34:W34))) | Y34: =IF(OR($AK34="",ISNUMBER($AK34)=FALSE),"",IF(AND(G34=0,I34=0),NORMSDIST(3*X34),NORMSDIST(3*X34)+NORMSDIST(6*S34-3*X34)-1)) | Z34: =IF($Q34="","",IF(F34="Tolerance",IF(($E34*3*R34+Q34)-G34<H34,"",($E34*3*R34+Q34)-G34),IF(OR(F34="GD&T",F34="MAX"),IF(($E34*3*R34+Q34)<H34,"",($E34*3*R34+Q34)),""))) | AA34: =IF(Q34="","",IF(F34="Tolerance",IF(-(($E34*3*R34)-Q34)-G34>I34,"",-(($E34*3*R34)-Q34)-G34),IF(F34="MIN",IF(-(($E34*3*R34)-Q34)>I34,"",-(($E34*3*R34)-Q34)),""))) | AB34: =IF(OR(G34="",Q34=""),"",(L34+M34)/2-Q34) | AC34: =IF(OR($S34>$AC$9,$R34=""),"",$AC$9*6*$R34) | AE34: =IF(AD34="","",IF(AD34>=0.966,"Normal","Not Normal"))
A35: 44 | B35: 35 | D35: Distance | F35: Tolerance | G35: 13.614 | H35: 0.03 | I35: -0.03 | J35: OMM | K35: NO | L35: =IF(AND(G35="",H35=""),"",IF(G35="",H35,G35+H35)) -> 13.644 | M35: =IF(AND(G35="",I35=""),"",IF(G35="",I35,G35+I35)) -> 13.584 | O35: =IF(OR($AK35="",ISNUMBER($AK35)=FALSE),"",MAX(AK35:BP35)) | P35: =IF(OR($AK35="",ISNUMBER($AK35)=FALSE),"",MIN(AK35:BP35)) | Q35: =IF(OR($AK35="",ISNUMBER($AK35)=FALSE),"",AVERAGE(AK35:BP35)) | R35: =IF(OR($AK35="",ISNUMBER($AK35)=FALSE),"",STDEV(AK35:BP35)) | S35: =IF(OR($AK35="",ISNUMBER($AK35)=FALSE),"",IF(AND(G35="",I35=""),V35,IF(AND(G35="",H35=""),W35,(H35+ABS(I35))/(6*R35)))) | T35: =IF(OR($AK35="",ISNUMBER($AK35)=FALSE),"",IF(AND($F35="Tolerance",$G35<>""),($Q35-$G35)/(($L35-$M35)/2),IF(AND($F35="GD&T",$H35<>""),$Q35/$H35,""))) | U35: =IF($T35="","",IF(ABS($T35)<=0.125, "Level A",IF(AND(ABS($T35)>0.125,ABS($T35)<=0.25), "Level B",IF(AND(ABS($T35)>0.25,ABS($T35)<=0.5), "Level C", IF(ABS($T35)>0.5, "Level D"))))) | V35: =IF(OR($AK35="",ISNUMBER($AK35)=FALSE),"",IF(H35="","",(L35-Q35)/(3*R35))) | W35: =IF(OR($AK35="",ISNUMBER($AK35)=FALSE),"",IF(I35="","",(Q35-M35)/(3*R35))) | X35: =IF(OR($AK35="",ISNUMBER($AK35)=FALSE),"",IF(AND(G35=0,I35=0),((H35)-(Q35))/(3*R35),MIN(V35:W35))) | Y35: =IF(OR($AK35="",ISNUMBER($AK35)=FALSE),"",IF(AND(G35=0,I35=0),NORMSDIST(3*X35),NORMSDIST(3*X35)+NORMSDIST(6*S35-3*X35)-1)) | Z35: =IF($Q35="","",IF(F35="Tolerance",IF(($E35*3*R35+Q35)-G35<H35,"",($E35*3*R35+Q35)-G35),IF(OR(F35="GD&T",F35="MAX"),IF(($E35*3*R35+Q35)<H35,"",($E35*3*R35+Q35)),""))) | AA35: =IF(Q35="","",IF(F35="Tolerance",IF(-(($E35*3*R35)-Q35)-G35>I35,"",-(($E35*3*R35)-Q35)-G35),IF(F35="MIN",IF(-(($E35*3*R35)-Q35)>I35,"",-(($E35*3*R35)-Q35)),""))) | AB35: =IF(OR(G35="",Q35=""),"",(L35+M35)/2-Q35) | AC35: =IF(OR($S35>$AC$9,$R35=""),"",$AC$9*6*$R35) | AE35: =IF(AD35="","",IF(AD35>=0.966,"Normal","Not Normal"))
A36: 45 | B36: 36 | D36: Distance | F36: Tolerance | G36: 1.951 | H36: 0.03 | I36: -0.03 | J36: OMM | K36: NO | L36: =IF(AND(G36="",H36=""),"",IF(G36="",H36,G36+H36)) -> 1.981 | M36: =IF(AND(G36="",I36=""),"",IF(G36="",I36,G36+I36)) -> 1.921 | O36: =IF(OR($AK36="",ISNUMBER($AK36)=FALSE),"",MAX(AK36:BP36)) | P36: =IF(OR($AK36="",ISNUMBER($AK36)=FALSE),"",MIN(AK36:BP36)) | Q36: =IF(OR($AK36="",ISNUMBER($AK36)=FALSE),"",AVERAGE(AK36:BP36)) | R36: =IF(OR($AK36="",ISNUMBER($AK36)=FALSE),"",STDEV(AK36:BP36)) | S36: =IF(OR($AK36="",ISNUMBER($AK36)=FALSE),"",IF(AND(G36="",I36=""),V36,IF(AND(G36="",H36=""),W36,(H36+ABS(I36))/(6*R36)))) | T36: =IF(OR($AK36="",ISNUMBER($AK36)=FALSE),"",IF(AND($F36="Tolerance",$G36<>""),($Q36-$G36)/(($L36-$M36)/2),IF(AND($F36="GD&T",$H36<>""),$Q36/$H36,""))) | U36: =IF($T36="","",IF(ABS($T36)<=0.125, "Level A",IF(AND(ABS($T36)>0.125,ABS($T36)<=0.25), "Level B",IF(AND(ABS($T36)>0.25,ABS($T36)<=0.5), "Level C", IF(ABS($T36)>0.5, "Level D"))))) | V36: =IF(OR($AK36="",ISNUMBER($AK36)=FALSE),"",IF(H36="","",(L36-Q36)/(3*R36))) | W36: =IF(OR($AK36="",ISNUMBER($AK36)=FALSE),"",IF(I36="","",(Q36-M36)/(3*R36))) | X36: =IF(OR($AK36="",ISNUMBER($AK36)=FALSE),"",IF(AND(G36=0,I36=0),((H36)-(Q36))/(3*R36),MIN(V36:W36))) | Y36: =IF(OR($AK36="",ISNUMBER($AK36)=FALSE),"",IF(AND(G36=0,I36=0),NORMSDIST(3*X36),NORMSDIST(3*X36)+NORMSDIST(6*S36-3*X36)-1)) | Z36: =IF($Q36="","",IF(F36="Tolerance",IF(($E36*3*R36+Q36)-G36<H36,"",($E36*3*R36+Q36)-G36),IF(OR(F36="GD&T",F36="MAX"),IF(($E36*3*R36+Q36)<H36,"",($E36*3*R36+Q36)),""))) | AA36: =IF(Q36="","",IF(F36="Tolerance",IF(-(($E36*3*R36)-Q36)-G36>I36,"",-(($E36*3*R36)-Q36)-G36),IF(F36="MIN",IF(-(($E36*3*R36)-Q36)>I36,"",-(($E36*3*R36)-Q36)),""))) | AB36: =IF(OR(G36="",Q36=""),"",(L36+M36)/2-Q36) | AC36: =IF(OR($S36>$AC$9,$R36=""),"",$AC$9*6*$R36) | AE36: =IF(AD36="","",IF(AD36>=0.966,"Normal","Not Normal"))
A37: 46 | B37: 37 | D37: Distance | F37: Tolerance | G37: 2.355 | H37: 0.03 | I37: -0.03 | J37: OMM | K37: NO | L37: =IF(AND(G37="",H37=""),"",IF(G37="",H37,G37+H37)) -> 2.385 | M37: =IF(AND(G37="",I37=""),"",IF(G37="",I37,G37+I37)) -> 2.325 | O37: =IF(OR($AK37="",ISNUMBER($AK37)=FALSE),"",MAX(AK37:BP37)) | P37: =IF(OR($AK37="",ISNUMBER($AK37)=FALSE),"",MIN(AK37:BP37)) | Q37: =IF(OR($AK37="",ISNUMBER($AK37)=FALSE),"",AVERAGE(AK37:BP37)) | R37: =IF(OR($AK37="",ISNUMBER($AK37)=FALSE),"",STDEV(AK37:BP37)) | S37: =IF(OR($AK37="",ISNUMBER($AK37)=FALSE),"",IF(AND(G37="",I37=""),V37,IF(AND(G37="",H37=""),W37,(H37+ABS(I37))/(6*R37)))) | T37: =IF(OR($AK37="",ISNUMBER($AK37)=FALSE),"",IF(AND($F37="Tolerance",$G37<>""),($Q37-$G37)/(($L37-$M37)/2),IF(AND($F37="GD&T",$H37<>""),$Q37/$H37,""))) | U37: =IF($T37="","",IF(ABS($T37)<=0.125, "Level A",IF(AND(ABS($T37)>0.125,ABS($T37)<=0.25), "Level B",IF(AND(ABS($T37)>0.25,ABS($T37)<=0.5), "Level C", IF(ABS($T37)>0.5, "Level D"))))) | V37: =IF(OR($AK37="",ISNUMBER($AK37)=FALSE),"",IF(H37="","",(L37-Q37)/(3*R37))) | W37: =IF(OR($AK37="",ISNUMBER($AK37)=FALSE),"",IF(I37="","",(Q37-M37)/(3*R37))) | X37: =IF(OR($AK37="",ISNUMBER($AK37)=FALSE),"",IF(AND(G37=0,I37=0),((H37)-(Q37))/(3*R37),MIN(V37:W37))) | Y37: =IF(OR($AK37="",ISNUMBER($AK37)=FALSE),"",IF(AND(G37=0,I37=0),NORMSDIST(3*X37),NORMSDIST(3*X37)+NORMSDIST(6*S37-3*X37)-1)) | Z37: =IF($Q37="","",IF(F37="Tolerance",IF(($E37*3*R37+Q37)-G37<H37,"",($E37*3*R37+Q37)-G37),IF(OR(F37="GD&T",F37="MAX"),IF(($E37*3*R37+Q37)<H37,"",($E37*3*R37+Q37)),""))) | AA37: =IF(Q37="","",IF(F37="Tolerance",IF(-(($E37*3*R37)-Q37)-G37>I37,"",-(($E37*3*R37)-Q37)-G37),IF(F37="MIN",IF(-(($E37*3*R37)-Q37)>I37,"",-(($E37*3*R37)-Q37)),""))) | AB37: =IF(OR(G37="",Q37=""),"",(L37+M37)/2-Q37) | AC37: =IF(OR($S37>$AC$9,$R37=""),"",$AC$9*6*$R37) | AE37: =IF(AD37="","",IF(AD37>=0.966,"Normal","Not Normal"))
A38: 47 | B38: 38 | D38: Distance | F38: Tolerance | G38: 10.182 | H38: 0.03 | I38: -0.03 | J38: OMM | K38: NO | L38: =IF(AND(G38="",H38=""),"",IF(G38="",H38,G38+H38)) -> 10.212 | M38: =IF(AND(G38="",I38=""),"",IF(G38="",I38,G38+I38)) -> 10.152 | O38: =IF(OR($AK38="",ISNUMBER($AK38)=FALSE),"",MAX(AK38:BP38)) | P38: =IF(OR($AK38="",ISNUMBER($AK38)=FALSE),"",MIN(AK38:BP38)) | Q38: =IF(OR($AK38="",ISNUMBER($AK38)=FALSE),"",AVERAGE(AK38:BP38)) | R38: =IF(OR($AK38="",ISNUMBER($AK38)=FALSE),"",STDEV(AK38:BP38)) | S38: =IF(OR($AK38="",ISNUMBER($AK38)=FALSE),"",IF(AND(G38="",I38=""),V38,IF(AND(G38="",H38=""),W38,(H38+ABS(I38))/(6*R38)))) | T38: =IF(OR($AK38="",ISNUMBER($AK38)=FALSE),"",IF(AND($F38="Tolerance",$G38<>""),($Q38-$G38)/(($L38-$M38)/2),IF(AND($F38="GD&T",$H38<>""),$Q38/$H38,""))) | U38: =IF($T38="","",IF(ABS($T38)<=0.125, "Level A",IF(AND(ABS($T38)>0.125,ABS($T38)<=0.25), "Level B",IF(AND(ABS($T38)>0.25,ABS($T38)<=0.5), "Level C", IF(ABS($T38)>0.5, "Level D"))))) | V38: =IF(OR($AK38="",ISNUMBER($AK38)=FALSE),"",IF(H38="","",(L38-Q38)/(3*R38))) | W38: =IF(OR($AK38="",ISNUMBER($AK38)=FALSE),"",IF(I38="","",(Q38-M38)/(3*R38))) | X38: =IF(OR($AK38="",ISNUMBER($AK38)=FALSE),"",IF(AND(G38=0,I38=0),((H38)-(Q38))/(3*R38),MIN(V38:W38))) | Y38: =IF(OR($AK38="",ISNUMBER($AK38)=FALSE),"",IF(AND(G38=0,I38=0),NORMSDIST(3*X38),NORMSDIST(3*X38)+NORMSDIST(6*S38-3*X38)-1)) | Z38: =IF($Q38="","",IF(F38="Tolerance",IF(($E38*3*R38+Q38)-G38<H38,"",($E38*3*R38+Q38)-G38),IF(OR(F38="GD&T",F38="MAX"),IF(($E38*3*R38+Q38)<H38,"",($E38*3*R38+Q38)),""))) | AA38: =IF(Q38="","",IF(F38="Tolerance",IF(-(($E38*3*R38)-Q38)-G38>I38,"",-(($E38*3*R38)-Q38)-G38),IF(F38="MIN",IF(-(($E38*3*R38)-Q38)>I38,"",-(($E38*3*R38)-Q38)),""))) | AB38: =IF(OR(G38="",Q38=""),"",(L38+M38)/2-Q38) | AC38: =IF(OR($S38>$AC$9,$R38=""),"",$AC$9*6*$R38) | AE38: =IF(AD38="","",IF(AD38>=0.966,"Normal","Not Normal"))
A39: 48 | B39: 39 | D39: Distance | F39: Tolerance | G39: 0.2 | H39: 0.03 | I39: -0.03 | J39: OMM | K39: NO | L39: =IF(AND(G39="",H39=""),"",IF(G39="",H39,G39+H39)) -> 0.23 | M39: =IF(AND(G39="",I39=""),"",IF(G39="",I39,G39+I39)) -> 0.17 | O39: =IF(OR($AK39="",ISNUMBER($AK39)=FALSE),"",MAX(AK39:BP39)) | P39: =IF(OR($AK39="",ISNUMBER($AK39)=FALSE),"",MIN(AK39:BP39)) | Q39: =IF(OR($AK39="",ISNUMBER($AK39)=FALSE),"",AVERAGE(AK39:BP39)) | R39: =IF(OR($AK39="",ISNUMBER($AK39)=FALSE),"",STDEV(AK39:BP39)) | S39: =IF(OR($AK39="",ISNUMBER($AK39)=FALSE),"",IF(AND(G39="",I39=""),V39,IF(AND(G39="",H39=""),W39,(H39+ABS(I39))/(6*R39)))) | T39: =IF(OR($AK39="",ISNUMBER($AK39)=FALSE),"",IF(AND($F39="Tolerance",$G39<>""),($Q39-$G39)/(($L39-$M39)/2),IF(AND($F39="GD&T",$H39<>""),$Q39/$H39,""))) | U39: =IF($T39="","",IF(ABS($T39)<=0.125, "Level A",IF(AND(ABS($T39)>0.125,ABS($T39)<=0.25), "Level B",IF(AND(ABS($T39)>0.25,ABS($T39)<=0.5), "Level C", IF(ABS($T39)>0.5, "Level D"))))) | V39: =IF(OR($AK39="",ISNUMBER($AK39)=FALSE),"",IF(H39="","",(L39-Q39)/(3*R39))) | W39: =IF(OR($AK39="",ISNUMBER($AK39)=FALSE),"",IF(I39="","",(Q39-M39)/(3*R39))) | X39: =IF(OR($AK39="",ISNUMBER($AK39)=FALSE),"",IF(AND(G39=0,I39=0),((H39)-(Q39))/(3*R39),MIN(V39:W39))) | Y39: =IF(OR($AK39="",ISNUMBER($AK39)=FALSE),"",IF(AND(G39=0,I39=0),NORMSDIST(3*X39),NORMSDIST(3*X39)+NORMSDIST(6*S39-3*X39)-1)) | Z39: =IF($Q39="","",IF(F39="Tolerance",IF(($E39*3*R39+Q39)-G39<H39,"",($E39*3*R39+Q39)-G39),IF(OR(F39="GD&T",F39="MAX"),IF(($E39*3*R39+Q39)<H39,"",($E39*3*R39+Q39)),""))) | AA39: =IF(Q39="","",IF(F39="Tolerance",IF(-(($E39*3*R39)-Q39)-G39>I39,"",-(($E39*3*R39)-Q39)-G39),IF(F39="MIN",IF(-(($E39*3*R39)-Q39)>I39,"",-(($E39*3*R39)-Q39)),""))) | AB39: =IF(OR(G39="",Q39=""),"",(L39+M39)/2-Q39) | AC39: =IF(OR($S39>$AC$9,$R39=""),"",$AC$9*6*$R39) | AE39: =IF(AD39="","",IF(AD39>=0.966,"Normal","Not Normal"))
A40: 49 | B40: 40-1 | D40: Distance | F40: Tolerance | G40: 0.35 | H40: 0.03 | I40: -0.03 | J40: MIC | K40: NO | L40: =IF(AND(G40="",H40=""),"",IF(G40="",H40,G40+H40)) -> 0.38 | M40: =IF(AND(G40="",I40=""),"",IF(G40="",I40,G40+I40)) -> 0.32 | O40: =IF(OR($AK40="",ISNUMBER($AK40)=FALSE),"",MAX(AK40:BP40)) | P40: =IF(OR($AK40="",ISNUMBER($AK40)=FALSE),"",MIN(AK40:BP40)) | Q40: =IF(OR($AK40="",ISNUMBER($AK40)=FALSE),"",AVERAGE(AK40:BP40)) | R40: =IF(OR($AK40="",ISNUMBER($AK40)=FALSE),"",STDEV(AK40:BP40)) | S40: =IF(OR($AK40="",ISNUMBER($AK40)=FALSE),"",IF(AND(G40="",I40=""),V40,IF(AND(G40="",H40=""),W40,(H40+ABS(I40))/(6*R40)))) | T40: =IF(OR($AK40="",ISNUMBER($AK40)=FALSE),"",IF(AND($F40="Tolerance",$G40<>""),($Q40-$G40)/(($L40-$M40)/2),IF(AND($F40="GD&T",$H40<>""),$Q40/$H40,""))) | U40: =IF($T40="","",IF(ABS($T40)<=0.125, "Level A",IF(AND(ABS($T40)>0.125,ABS($T40)<=0.25), "Level B",IF(AND(ABS($T40)>0.25,ABS($T40)<=0.5), "Level C", IF(ABS($T40)>0.5, "Level D"))))) | V40: =IF(OR($AK40="",ISNUMBER($AK40)=FALSE),"",IF(H40="","",(L40-Q40)/(3*R40))) | W40: =IF(OR($AK40="",ISNUMBER($AK40)=FALSE),"",IF(I40="","",(Q40-M40)/(3*R40))) | X40: =IF(OR($AK40="",ISNUMBER($AK40)=FALSE),"",IF(AND(G40=0,I40=0),((H40)-(Q40))/(3*R40),MIN(V40:W40))) | Y40: =IF(OR($AK40="",ISNUMBER($AK40)=FALSE),"",IF(AND(G40=0,I40=0),NORMSDIST(3*X40),NORMSDIST(3*X40)+NORMSDIST(6*S40-3*X40)-1)) | Z40: =IF($Q40="","",IF(F40="Tolerance",IF(($E40*3*R40+Q40)-G40<H40,"",($E40*3*R40+Q40)-G40),IF(OR(F40="GD&T",F40="MAX"),IF(($E40*3*R40+Q40)<H40,"",($E40*3*R40+Q40)),""))) | AA40: =IF(Q40="","",IF(F40="Tolerance",IF(-(($E40*3*R40)-Q40)-G40>I40,"",-(($E40*3*R40)-Q40)-G40),IF(F40="MIN",IF(-(($E40*3*R40)-Q40)>I40,"",-(($E40*3*R40)-Q40)),""))) | AB40: =IF(OR(G40="",Q40=""),"",(L40+M40)/2-Q40) | AC40: =IF(OR($S40>$AC$9,$R40=""),"",$AC$9*6*$R40) | AE40: =IF(AD40="","",IF(AD40>=0.966,"Normal","Not Normal"))
A41: 50 | B41: 40-2 | D41: Distance | F41: Tolerance | G41: 0.35 | H41: 0.03 | I41: -0.03 | J41: MIC | K41: NO | L41: =IF(AND(G41="",H41=""),"",IF(G41="",H41,G41+H41)) -> 0.38 | M41: =IF(AND(G41="",I41=""),"",IF(G41="",I41,G41+I41)) -> 0.32 | O41: =IF(OR($AK41="",ISNUMBER($AK41)=FALSE),"",MAX(AK41:BP41)) | P41: =IF(OR($AK41="",ISNUMBER($AK41)=FALSE),"",MIN(AK41:BP41)) | Q41: =IF(OR($AK41="",ISNUMBER($AK41)=FALSE),"",AVERAGE(AK41:BP41)) | R41: =IF(OR($AK41="",ISNUMBER($AK41)=FALSE),"",STDEV(AK41:BP41)) | S41: =IF(OR($AK41="",ISNUMBER($AK41)=FALSE),"",IF(AND(G41="",I41=""),V41,IF(AND(G41="",H41=""),W41,(H41+ABS(I41))/(6*R41)))) | T41: =IF(OR($AK41="",ISNUMBER($AK41)=FALSE),"",IF(AND($F41="Tolerance",$G41<>""),($Q41-$G41)/(($L41-$M41)/2),IF(AND($F41="GD&T",$H41<>""),$Q41/$H41,""))) | U41: =IF($T41="","",IF(ABS($T41)<=0.125, "Level A",IF(AND(ABS($T41)>0.125,ABS($T41)<=0.25), "Level B",IF(AND(ABS($T41)>0.25,ABS($T41)<=0.5), "Level C", IF(ABS($T41)>0.5, "Level D"))))) | V41: =IF(OR($AK41="",ISNUMBER($AK41)=FALSE),"",IF(H41="","",(L41-Q41)/(3*R41))) | W41: =IF(OR($AK41="",ISNUMBER($AK41)=FALSE),"",IF(I41="","",(Q41-M41)/(3*R41))) | X41: =IF(OR($AK41="",ISNUMBER($AK41)=FALSE),"",IF(AND(G41=0,I41=0),((H41)-(Q41))/(3*R41),MIN(V41:W41))) | Y41: =IF(OR($AK41="",ISNUMBER($AK41)=FALSE),"",IF(AND(G41=0,I41=0),NORMSDIST(3*X41),NORMSDIST(3*X41)+NORMSDIST(6*S41-3*X41)-1)) | Z41: =IF($Q41="","",IF(F41="Tolerance",IF(($E41*3*R41+Q41)-G41<H41,"",($E41*3*R41+Q41)-G41),IF(OR(F41="GD&T",F41="MAX"),IF(($E41*3*R41+Q41)<H41,"",($E41*3*R41+Q41)),""))) | AA41: =IF(Q41="","",IF(F41="Tolerance",IF(-(($E41*3*R41)-Q41)-G41>I41,"",-(($E41*3*R41)-Q41)-G41),IF(F41="MIN",IF(-(($E41*3*R41)-Q41)>I41,"",-(($E41*3*R41)-Q41)),""))) | AB41: =IF(OR(G41="",Q41=""),"",(L41+M41)/2-Q41) | AC41: =IF(OR($S41>$AC$9,$R41=""),"",$AC$9*6*$R41) | AE41: =IF(AD41="","",IF(AD41>=0.966,"Normal","Not Normal"))
A42: 51 | B42: 40-3 | D42: Distance | F42: Tolerance | G42: 0.35 | H42: 0.03 | I42: -0.03 | J42: MIC | K42: NO | L42: =IF(AND(G42="",H42=""),"",IF(G42="",H42,G42+H42)) -> 0.38 | M42: =IF(AND(G42="",I42=""),"",IF(G42="",I42,G42+I42)) -> 0.32 | O42: =IF(OR($AK42="",ISNUMBER($AK42)=FALSE),"",MAX(AK42:BP42)) | P42: =IF(OR($AK42="",ISNUMBER($AK42)=FALSE),"",MIN(AK42:BP42)) | Q42: =IF(OR($AK42="",ISNUMBER($AK42)=FALSE),"",AVERAGE(AK42:BP42)) | R42: =IF(OR($AK42="",ISNUMBER($AK42)=FALSE),"",STDEV(AK42:BP42)) | S42: =IF(OR($AK42="",ISNUMBER($AK42)=FALSE),"",IF(AND(G42="",I42=""),V42,IF(AND(G42="",H42=""),W42,(H42+ABS(I42))/(6*R42)))) | T42: =IF(OR($AK42="",ISNUMBER($AK42)=FALSE),"",IF(AND($F42="Tolerance",$G42<>""),($Q42-$G42)/(($L42-$M42)/2),IF(AND($F42="GD&T",$H42<>""),$Q42/$H42,""))) | U42: =IF($T42="","",IF(ABS($T42)<=0.125, "Level A",IF(AND(ABS($T42)>0.125,ABS($T42)<=0.25), "Level B",IF(AND(ABS($T42)>0.25,ABS($T42)<=0.5), "Level C", IF(ABS($T42)>0.5, "Level D"))))) | V42: =IF(OR($AK42="",ISNUMBER($AK42)=FALSE),"",IF(H42="","",(L42-Q42)/(3*R42))) | W42: =IF(OR($AK42="",ISNUMBER($AK42)=FALSE),"",IF(I42="","",(Q42-M42)/(3*R42))) | X42: =IF(OR($AK42="",ISNUMBER($AK42)=FALSE),"",IF(AND(G42=0,I42=0),((H42)-(Q42))/(3*R42),MIN(V42:W42))) | Y42: =IF(OR($AK42="",ISNUMBER($AK42)=FALSE),"",IF(AND(G42=0,I42=0),NORMSDIST(3*X42),NORMSDIST(3*X42)+NORMSDIST(6*S42-3*X42)-1)) | Z42: =IF($Q42="","",IF(F42="Tolerance",IF(($E42*3*R42+Q42)-G42<H42,"",($E42*3*R42+Q42)-G42),IF(OR(F42="GD&T",F42="MAX"),IF(($E42*3*R42+Q42)<H42,"",($E42*3*R42+Q42)),""))) | AA42: =IF(Q42="","",IF(F42="Tolerance",IF(-(($E42*3*R42)-Q42)-G42>I42,"",-(($E42*3*R42)-Q42)-G42),IF(F42="MIN",IF(-(($E42*3*R42)-Q42)>I42,"",-(($E42*3*R42)-Q42)),""))) | AB42: =IF(OR(G42="",Q42=""),"",(L42+M42)/2-Q42) | AC42: =IF(OR($S42>$AC$9,$R42=""),"",$AC$9*6*$R42) | AE42: =IF(AD42="","",IF(AD42>=0.966,"Normal","Not Normal"))
A43: 52 | B43: 40-4 | D43: Distance | F43: Tolerance | G43: 0.35 | H43: 0.03 | I43: -0.03 | J43: MIC | K43: NO | L43: =IF(AND(G43="",H43=""),"",IF(G43="",H43,G43+H43)) -> 0.38 | M43: =IF(AND(G43="",I43=""),"",IF(G43="",I43,G43+I43)) -> 0.32 | O43: =IF(OR($AK43="",ISNUMBER($AK43)=FALSE),"",MAX(AK43:BP43)) | P43: =IF(OR($AK43="",ISNUMBER($AK43)=FALSE),"",MIN(AK43:BP43)) | Q43: =IF(OR($AK43="",ISNUMBER($AK43)=FALSE),"",AVERAGE(AK43:BP43)) | R43: =IF(OR($AK43="",ISNUMBER($AK43)=FALSE),"",STDEV(AK43:BP43)) | S43: =IF(OR($AK43="",ISNUMBER($AK43)=FALSE),"",IF(AND(G43="",I43=""),V43,IF(AND(G43="",H43=""),W43,(H43+ABS(I43))/(6*R43)))) | T43: =IF(OR($AK43="",ISNUMBER($AK43)=FALSE),"",IF(AND($F43="Tolerance",$G43<>""),($Q43-$G43)/(($L43-$M43)/2),IF(AND($F43="GD&T",$H43<>""),$Q43/$H43,""))) | U43: =IF($T43="","",IF(ABS($T43)<=0.125, "Level A",IF(AND(ABS($T43)>0.125,ABS($T43)<=0.25), "Level B",IF(AND(ABS($T43)>0.25,ABS($T43)<=0.5), "Level C", IF(ABS($T43)>0.5, "Level D"))))) | V43: =IF(OR($AK43="",ISNUMBER($AK43)=FALSE),"",IF(H43="","",(L43-Q43)/(3*R43))) | W43: =IF(OR($AK43="",ISNUMBER($AK43)=FALSE),"",IF(I43="","",(Q43-M43)/(3*R43))) | X43: =IF(OR($AK43="",ISNUMBER($AK43)=FALSE),"",IF(AND(G43=0,I43=0),((H43)-(Q43))/(3*R43),MIN(V43:W43))) | Y43: =IF(OR($AK43="",ISNUMBER($AK43)=FALSE),"",IF(AND(G43=0,I43=0),NORMSDIST(3*X43),NORMSDIST(3*X43)+NORMSDIST(6*S43-3*X43)-1)) | Z43: =IF($Q43="","",IF(F43="Tolerance",IF(($E43*3*R43+Q43)-G43<H43,"",($E43*3*R43+Q43)-G43),IF(OR(F43="GD&T",F43="MAX"),IF(($E43*3*R43+Q43)<H43,"",($E43*3*R43+Q43)),""))) | AA43: =IF(Q43="","",IF(F43="Tolerance",IF(-(($E43*3*R43)-Q43)-G43>I43,"",-(($E43*3*R43)-Q43)-G43),IF(F43="MIN",IF(-(($E43*3*R43)-Q43)>I43,"",-(($E43*3*R43)-Q43)),""))) | AB43: =IF(OR(G43="",Q43=""),"",(L43+M43)/2-Q43) | AC43: =IF(OR($S43>$AC$9,$R43=""),"",$AC$9*6*$R43) | AE43: =IF(AD43="","",IF(AD43>=0.966,"Normal","Not Normal"))
A44: 53 | B44: 41 | D44: Distance | F44: Tolerance | G44: 1.902 | H44: 0.02 | I44: -0.02 | J44: OMM | K44: NO | L44: =IF(AND(G44="",H44=""),"",IF(G44="",H44,G44+H44)) -> 1.922 | M44: =IF(AND(G44="",I44=""),"",IF(G44="",I44,G44+I44)) -> 1.882 | O44: =IF(OR($AK44="",ISNUMBER($AK44)=FALSE),"",MAX(AK44:BP44)) | P44: =IF(OR($AK44="",ISNUMBER($AK44)=FALSE),"",MIN(AK44:BP44)) | Q44: =IF(OR($AK44="",ISNUMBER($AK44)=FALSE),"",AVERAGE(AK44:BP44)) | R44: =IF(OR($AK44="",ISNUMBER($AK44)=FALSE),"",STDEV(AK44:BP44)) | S44: =IF(OR($AK44="",ISNUMBER($AK44)=FALSE),"",IF(AND(G44="",I44=""),V44,IF(AND(G44="",H44=""),W44,(H44+ABS(I44))/(6*R44)))) | T44: =IF(OR($AK44="",ISNUMBER($AK44)=FALSE),"",IF(AND($F44="Tolerance",$G44<>""),($Q44-$G44)/(($L44-$M44)/2),IF(AND($F44="GD&T",$H44<>""),$Q44/$H44,""))) | U44: =IF($T44="","",IF(ABS($T44)<=0.125, "Level A",IF(AND(ABS($T44)>0.125,ABS($T44)<=0.25), "Level B",IF(AND(ABS($T44)>0.25,ABS($T44)<=0.5), "Level C", IF(ABS($T44)>0.5, "Level D"))))) | V44: =IF(OR($AK44="",ISNUMBER($AK44)=FALSE),"",IF(H44="","",(L44-Q44)/(3*R44))) | W44: =IF(OR($AK44="",ISNUMBER($AK44)=FALSE),"",IF(I44="","",(Q44-M44)/(3*R44))) | X44: =IF(OR($AK44="",ISNUMBER($AK44)=FALSE),"",IF(AND(G44=0,I44=0),((H44)-(Q44))/(3*R44),MIN(V44:W44))) | Y44: =IF(OR($AK44="",ISNUMBER($AK44)=FALSE),"",IF(AND(G44=0,I44=0),NORMSDIST(3*X44),NORMSDIST(3*X44)+NORMSDIST(6*S44-3*X44)-1)) | Z44: =IF($Q44="","",IF(F44="Tolerance",IF(($E44*3*R44+Q44)-G44<H44,"",($E44*3*R44+Q44)-G44),IF(OR(F44="GD&T",F44="MAX"),IF(($E44*3*R44+Q44)<H44,"",($E44*3*R44+Q44)),""))) | AA44: =IF(Q44="","",IF(F44="Tolerance",IF(-(($E44*3*R44)-Q44)-G44>I44,"",-(($E44*3*R44)-Q44)-G44),IF(F44="MIN",IF(-(($E44*3*R44)-Q44)>I44,"",-(($E44*3*R44)-Q44)),""))) | AB44: =IF(OR(G44="",Q44=""),"",(L44+M44)/2-Q44) | AC44: =IF(OR($S44>$AC$9,$R44=""),"",$AC$9*6*$R44) | AE44: =IF(AD44="","",IF(AD44>=0.966,"Normal","Not Normal"))
A45: 65 | B45: 54 | D45: Distance | F45: Tolerance | G45: 1.74 | H45: 0.03 | I45: -0.03 | J45: OMM | K45: NO | L45: =IF(AND(G45="",H45=""),"",IF(G45="",H45,G45+H45)) -> 1.77 | M45: =IF(AND(G45="",I45=""),"",IF(G45="",I45,G45+I45)) -> 1.71 | O45: =IF(OR($AK45="",ISNUMBER($AK45)=FALSE),"",MAX(AK45:BP45)) | P45: =IF(OR($AK45="",ISNUMBER($AK45)=FALSE),"",MIN(AK45:BP45)) | Q45: =IF(OR($AK45="",ISNUMBER($AK45)=FALSE),"",AVERAGE(AK45:BP45)) | R45: =IF(OR($AK45="",ISNUMBER($AK45)=FALSE),"",STDEV(AK45:BP45)) | S45: =IF(OR($AK45="",ISNUMBER($AK45)=FALSE),"",IF(AND(G45="",I45=""),V45,IF(AND(G45="",H45=""),W45,(H45+ABS(I45))/(6*R45)))) | T45: =IF(OR($AK45="",ISNUMBER($AK45)=FALSE),"",IF(AND($F45="Tolerance",$G45<>""),($Q45-$G45)/(($L45-$M45)/2),IF(AND($F45="GD&T",$H45<>""),$Q45/$H45,""))) | U45: =IF($T45="","",IF(ABS($T45)<=0.125, "Level A",IF(AND(ABS($T45)>0.125,ABS($T45)<=0.25), "Level B",IF(AND(ABS($T45)>0.25,ABS($T45)<=0.5), "Level C", IF(ABS($T45)>0.5, "Level D"))))) | V45: =IF(OR($AK45="",ISNUMBER($AK45)=FALSE),"",IF(H45="","",(L45-Q45)/(3*R45))) | W45: =IF(OR($AK45="",ISNUMBER($AK45)=FALSE),"",IF(I45="","",(Q45-M45)/(3*R45))) | X45: =IF(OR($AK45="",ISNUMBER($AK45)=FALSE),"",IF(AND(G45=0,I45=0),((H45)-(Q45))/(3*R45),MIN(V45:W45))) | Y45: =IF(OR($AK45="",ISNUMBER($AK45)=FALSE),"",IF(AND(G45=0,I45=0),NORMSDIST(3*X45),NORMSDIST(3*X45)+NORMSDIST(6*S45-3*X45)-1)) | Z45: =IF($Q45="","",IF(F45="Tolerance",IF(($E45*3*R45+Q45)-G45<H45,"",($E45*3*R45+Q45)-G45),IF(OR(F45="GD&T",F45="MAX"),IF(($E45*3*R45+Q45)<H45,"",($E45*3*R45+Q45)),""))) | AA45: =IF(Q45="","",IF(F45="Tolerance",IF(-(($E45*3*R45)-Q45)-G45>I45,"",-(($E45*3*R45)-Q45)-G45),IF(F45="MIN",IF(-(($E45*3*R45)-Q45)>I45,"",-(($E45*3*R45)-Q45)),""))) | AB45: =IF(OR(G45="",Q45=""),"",(L45+M45)/2-Q45) | AC45: =IF(OR($S45>$AC$9,$R45=""),"",$AC$9*6*$R45) | AE45: =IF(AD45="","",IF(AD45>=0.966,"Normal","Not Normal"))
A46: 66 | B46: 55 | D46: Distance | F46: Tolerance | G46: 1.74 | H46: 0.03 | I46: -0.03 | J46: OMM | K46: NO | L46: =IF(AND(G46="",H46=""),"",IF(G46="",H46,G46+H46)) -> 1.77 | M46: =IF(AND(G46="",I46=""),"",IF(G46="",I46,G46+I46)) -> 1.71 | O46: =IF(OR($AK46="",ISNUMBER($AK46)=FALSE),"",MAX(AK46:BP46)) | P46: =IF(OR($AK46="",ISNUMBER($AK46)=FALSE),"",MIN(AK46:BP46)) | Q46: =IF(OR($AK46="",ISNUMBER($AK46)=FALSE),"",AVERAGE(AK46:BP46)) | R46: =IF(OR($AK46="",ISNUMBER($AK46)=FALSE),"",STDEV(AK46:BP46)) | S46: =IF(OR($AK46="",ISNUMBER($AK46)=FALSE),"",IF(AND(G46="",I46=""),V46,IF(AND(G46="",H46=""),W46,(H46+ABS(I46))/(6*R46)))) | T46: =IF(OR($AK46="",ISNUMBER($AK46)=FALSE),"",IF(AND($F46="Tolerance",$G46<>""),($Q46-$G46)/(($L46-$M46)/2),IF(AND($F46="GD&T",$H46<>""),$Q46/$H46,""))) | U46: =IF($T46="","",IF(ABS($T46)<=0.125, "Level A",IF(AND(ABS($T46)>0.125,ABS($T46)<=0.25), "Level B",IF(AND(ABS($T46)>0.25,ABS($T46)<=0.5), "Level C", IF(ABS($T46)>0.5, "Level D"))))) | V46: =IF(OR($AK46="",ISNUMBER($AK46)=FALSE),"",IF(H46="","",(L46-Q46)/(3*R46))) | W46: =IF(OR($AK46="",ISNUMBER($AK46)=FALSE),"",IF(I46="","",(Q46-M46)/(3*R46))) | X46: =IF(OR($AK46="",ISNUMBER($AK46)=FALSE),"",IF(AND(G46=0,I46=0),((H46)-(Q46))/(3*R46),MIN(V46:W46))) | Y46: =IF(OR($AK46="",ISNUMBER($AK46)=FALSE),"",IF(AND(G46=0,I46=0),NORMSDIST(3*X46),NORMSDIST(3*X46)+NORMSDIST(6*S46-3*X46)-1)) | Z46: =IF($Q46="","",IF(F46="Tolerance",IF(($E46*3*R46+Q46)-G46<H46,"",($E46*3*R46+Q46)-G46),IF(OR(F46="GD&T",F46="MAX"),IF(($E46*3*R46+Q46)<H46,"",($E46*3*R46+Q46)),""))) | AA46: =IF(Q46="","",IF(F46="Tolerance",IF(-(($E46*3*R46)-Q46)-G46>I46,"",-(($E46*3*R46)-Q46)-G46),IF(F46="MIN",IF(-(($E46*3*R46)-Q46)>I46,"",-(($E46*3*R46)-Q46)),""))) | AB46: =IF(OR(G46="",Q46=""),"",(L46+M46)/2-Q46) | AC46: =IF(OR($S46>$AC$9,$R46=""),"",$AC$9*6*$R46) | AE46: =IF(AD46="","",IF(AD46>=0.966,"Normal","Not Normal"))
A47: 67 | B47: 56 | D47: Distance | F47: Tolerance | G47: 10.772 | H47: 0.03 | I47: -0.03 | J47: OMM | K47: NO | L47: =IF(AND(G47="",H47=""),"",IF(G47="",H47,G47+H47)) -> 10.802 | M47: =IF(AND(G47="",I47=""),"",IF(G47="",I47,G47+I47)) -> 10.742 | O47: =IF(OR($AK47="",ISNUMBER($AK47)=FALSE),"",MAX(AK47:BP47)) | P47: =IF(OR($AK47="",ISNUMBER($AK47)=FALSE),"",MIN(AK47:BP47)) | Q47: =IF(OR($AK47="",ISNUMBER($AK47)=FALSE),"",AVERAGE(AK47:BP47)) | R47: =IF(OR($AK47="",ISNUMBER($AK47)=FALSE),"",STDEV(AK47:BP47)) | S47: =IF(OR($AK47="",ISNUMBER($AK47)=FALSE),"",IF(AND(G47="",I47=""),V47,IF(AND(G47="",H47=""),W47,(H47+ABS(I47))/(6*R47)))) | T47: =IF(OR($AK47="",ISNUMBER($AK47)=FALSE),"",IF(AND($F47="Tolerance",$G47<>""),($Q47-$G47)/(($L47-$M47)/2),IF(AND($F47="GD&T",$H47<>""),$Q47/$H47,""))) | U47: =IF($T47="","",IF(ABS($T47)<=0.125, "Level A",IF(AND(ABS($T47)>0.125,ABS($T47)<=0.25), "Level B",IF(AND(ABS($T47)>0.25,ABS($T47)<=0.5), "Level C", IF(ABS($T47)>0.5, "Level D"))))) | V47: =IF(OR($AK47="",ISNUMBER($AK47)=FALSE),"",IF(H47="","",(L47-Q47)/(3*R47))) | W47: =IF(OR($AK47="",ISNUMBER($AK47)=FALSE),"",IF(I47="","",(Q47-M47)/(3*R47))) | X47: =IF(OR($AK47="",ISNUMBER($AK47)=FALSE),"",IF(AND(G47=0,I47=0),((H47)-(Q47))/(3*R47),MIN(V47:W47))) | Y47: =IF(OR($AK47="",ISNUMBER($AK47)=FALSE),"",IF(AND(G47=0,I47=0),NORMSDIST(3*X47),NORMSDIST(3*X47)+NORMSDIST(6*S47-3*X47)-1)) | Z47: =IF($Q47="","",IF(F47="Tolerance",IF(($E47*3*R47+Q47)-G47<H47,"",($E47*3*R47+Q47)-G47),IF(OR(F47="GD&T",F47="MAX"),IF(($E47*3*R47+Q47)<H47,"",($E47*3*R47+Q47)),""))) | AA47: =IF(Q47="","",IF(F47="Tolerance",IF(-(($E47*3*R47)-Q47)-G47>I47,"",-(($E47*3*R47)-Q47)-G47),IF(F47="MIN",IF(-(($E47*3*R47)-Q47)>I47,"",-(($E47*3*R47)-Q47)),""))) | AB47: =IF(OR(G47="",Q47=""),"",(L47+M47)/2-Q47) | AC47: =IF(OR($S47>$AC$9,$R47=""),"",$AC$9*6*$R47) | AE47: =IF(AD47="","",IF(AD47>=0.966,"Normal","Not Normal"))
A48: 68 | B48: 57 | D48: Distance | F48: Tolerance | G48: 14.854 | H48: 0.03 | I48: -0.03 | J48: OMM | K48: NO | L48: =IF(AND(G48="",H48=""),"",IF(G48="",H48,G48+H48)) -> 14.884 | M48: =IF(AND(G48="",I48=""),"",IF(G48="",I48,G48+I48)) -> 14.824 | O48: =IF(OR($AK48="",ISNUMBER($AK48)=FALSE),"",MAX(AK48:BP48)) | P48: =IF(OR($AK48="",ISNUMBER($AK48)=FALSE),"",MIN(AK48:BP48)) | Q48: =IF(OR($AK48="",ISNUMBER($AK48)=FALSE),"",AVERAGE(AK48:BP48)) | R48: =IF(OR($AK48="",ISNUMBER($AK48)=FALSE),"",STDEV(AK48:BP48)) | S48: =IF(OR($AK48="",ISNUMBER($AK48)=FALSE),"",IF(AND(G48="",I48=""),V48,IF(AND(G48="",H48=""),W48,(H48+ABS(I48))/(6*R48)))) | T48: =IF(OR($AK48="",ISNUMBER($AK48)=FALSE),"",IF(AND($F48="Tolerance",$G48<>""),($Q48-$G48)/(($L48-$M48)/2),IF(AND($F48="GD&T",$H48<>""),$Q48/$H48,""))) | U48: =IF($T48="","",IF(ABS($T48)<=0.125, "Level A",IF(AND(ABS($T48)>0.125,ABS($T48)<=0.25), "Level B",IF(AND(ABS($T48)>0.25,ABS($T48)<=0.5), "Level C", IF(ABS($T48)>0.5, "Level D"))))) | V48: =IF(OR($AK48="",ISNUMBER($AK48)=FALSE),"",IF(H48="","",(L48-Q48)/(3*R48))) | W48: =IF(OR($AK48="",ISNUMBER($AK48)=FALSE),"",IF(I48="","",(Q48-M48)/(3*R48))) | X48: =IF(OR($AK48="",ISNUMBER($AK48)=FALSE),"",IF(AND(G48=0,I48=0),((H48)-(Q48))/(3*R48),MIN(V48:W48))) | Y48: =IF(OR($AK48="",ISNUMBER($AK48)=FALSE),"",IF(AND(G48=0,I48=0),NORMSDIST(3*X48),NORMSDIST(3*X48)+NORMSDIST(6*S48-3*X48)-1)) | Z48: =IF($Q48="","",IF(F48="Tolerance",IF(($E48*3*R48+Q48)-G48<H48,"",($E48*3*R48+Q48)-G48),IF(OR(F48="GD&T",F48="MAX"),IF(($E48*3*R48+Q48)<H48,"",($E48*3*R48+Q48)),""))) | AA48: =IF(Q48="","",IF(F48="Tolerance",IF(-(($E48*3*R48)-Q48)-G48>I48,"",-(($E48*3*R48)-Q48)-G48),IF(F48="MIN",IF(-(($E48*3*R48)-Q48)>I48,"",-(($E48*3*R48)-Q48)),""))) | AB48: =IF(OR(G48="",Q48=""),"",(L48+M48)/2-Q48) | AC48: =IF(OR($S48>$AC$9,$R48=""),"",$AC$9*6*$R48) | AE48: =IF(AD48="","",IF(AD48>=0.966,"Normal","Not Normal"))
A49: 69 | B49: 58 | D49: Distance | F49: Tolerance | G49: 13.27 | H49: 0.03 | I49: -0.03 | J49: OMM | K49: NO | L49: =IF(AND(G49="",H49=""),"",IF(G49="",H49,G49+H49)) -> 13.3 | M49: =IF(AND(G49="",I49=""),"",IF(G49="",I49,G49+I49)) -> 13.24 | O49: =IF(OR($AK49="",ISNUMBER($AK49)=FALSE),"",MAX(AK49:BP49)) | P49: =IF(OR($AK49="",ISNUMBER($AK49)=FALSE),"",MIN(AK49:BP49)) | Q49: =IF(OR($AK49="",ISNUMBER($AK49)=FALSE),"",AVERAGE(AK49:BP49)) | R49: =IF(OR($AK49="",ISNUMBER($AK49)=FALSE),"",STDEV(AK49:BP49)) | S49: =IF(OR($AK49="",ISNUMBER($AK49)=FALSE),"",IF(AND(G49="",I49=""),V49,IF(AND(G49="",H49=""),W49,(H49+ABS(I49))/(6*R49)))) | T49: =IF(OR($AK49="",ISNUMBER($AK49)=FALSE),"",IF(AND($F49="Tolerance",$G49<>""),($Q49-$G49)/(($L49-$M49)/2),IF(AND($F49="GD&T",$H49<>""),$Q49/$H49,""))) | U49: =IF($T49="","",IF(ABS($T49)<=0.125, "Level A",IF(AND(ABS($T49)>0.125,ABS($T49)<=0.25), "Level B",IF(AND(ABS($T49)>0.25,ABS($T49)<=0.5), "Level C", IF(ABS($T49)>0.5, "Level D"))))) | V49: =IF(OR($AK49="",ISNUMBER($AK49)=FALSE),"",IF(H49="","",(L49-Q49)/(3*R49))) | W49: =IF(OR($AK49="",ISNUMBER($AK49)=FALSE),"",IF(I49="","",(Q49-M49)/(3*R49))) | X49: =IF(OR($AK49="",ISNUMBER($AK49)=FALSE),"",IF(AND(G49=0,I49=0),((H49)-(Q49))/(3*R49),MIN(V49:W49))) | Y49: =IF(OR($AK49="",ISNUMBER($AK49)=FALSE),"",IF(AND(G49=0,I49=0),NORMSDIST(3*X49),NORMSDIST(3*X49)+NORMSDIST(6*S49-3*X49)-1)) | Z49: =IF($Q49="","",IF(F49="Tolerance",IF(($E49*3*R49+Q49)-G49<H49,"",($E49*3*R49+Q49)-G49),IF(OR(F49="GD&T",F49="MAX"),IF(($E49*3*R49+Q49)<H49,"",($E49*3*R49+Q49)),""))) | AA49: =IF(Q49="","",IF(F49="Tolerance",IF(-(($E49*3*R49)-Q49)-G49>I49,"",-(($E49*3*R49)-Q49)-G49),IF(F49="MIN",IF(-(($E49*3*R49)-Q49)>I49,"",-(($E49*3*R49)-Q49)),""))) | AB49: =IF(OR(G49="",Q49=""),"",(L49+M49)/2-Q49) | AC49: =IF(OR($S49>$AC$9,$R49=""),"",$AC$9*6*$R49) | AE49: =IF(AD49="","",IF(AD49>=0.966,"Normal","Not Normal"))
A50: 70 | B50: 59 | D50: Distance | F50: Tolerance | G50: 0.642 | H50: 0.03 | I50: -0.03 | J50: OMM | K50: NO | L50: =IF(AND(G50="",H50=""),"",IF(G50="",H50,G50+H50)) -> 0.672 | M50: =IF(AND(G50="",I50=""),"",IF(G50="",I50,G50+I50)) -> 0.612 | O50: =IF(OR($AK50="",ISNUMBER($AK50)=FALSE),"",MAX(AK50:BP50)) | P50: =IF(OR($AK50="",ISNUMBER($AK50)=FALSE),"",MIN(AK50:BP50)) | Q50: =IF(OR($AK50="",ISNUMBER($AK50)=FALSE),"",AVERAGE(AK50:BP50)) | R50: =IF(OR($AK50="",ISNUMBER($AK50)=FALSE),"",STDEV(AK50:BP50)) | S50: =IF(OR($AK50="",ISNUMBER($AK50)=FALSE),"",IF(AND(G50="",I50=""),V50,IF(AND(G50="",H50=""),W50,(H50+ABS(I50))/(6*R50)))) | T50: =IF(OR($AK50="",ISNUMBER($AK50)=FALSE),"",IF(AND($F50="Tolerance",$G50<>""),($Q50-$G50)/(($L50-$M50)/2),IF(AND($F50="GD&T",$H50<>""),$Q50/$H50,""))) | U50: =IF($T50="","",IF(ABS($T50)<=0.125, "Level A",IF(AND(ABS($T50)>0.125,ABS($T50)<=0.25), "Level B",IF(AND(ABS($T50)>0.25,ABS($T50)<=0.5), "Level C", IF(ABS($T50)>0.5, "Level D"))))) | V50: =IF(OR($AK50="",ISNUMBER($AK50)=FALSE),"",IF(H50="","",(L50-Q50)/(3*R50))) | W50: =IF(OR($AK50="",ISNUMBER($AK50)=FALSE),"",IF(I50="","",(Q50-M50)/(3*R50))) | X50: =IF(OR($AK50="",ISNUMBER($AK50)=FALSE),"",IF(AND(G50=0,I50=0),((H50)-(Q50))/(3*R50),MIN(V50:W50))) | Y50: =IF(OR($AK50="",ISNUMBER($AK50)=FALSE),"",IF(AND(G50=0,I50=0),NORMSDIST(3*X50),NORMSDIST(3*X50)+NORMSDIST(6*S50-3*X50)-1)) | Z50: =IF($Q50="","",IF(F50="Tolerance",IF(($E50*3*R50+Q50)-G50<H50,"",($E50*3*R50+Q50)-G50),IF(OR(F50="GD&T",F50="MAX"),IF(($E50*3*R50+Q50)<H50,"",($E50*3*R50+Q50)),""))) | AA50: =IF(Q50="","",IF(F50="Tolerance",IF(-(($E50*3*R50)-Q50)-G50>I50,"",-(($E50*3*R50)-Q50)-G50),IF(F50="MIN",IF(-(($E50*3*R50)-Q50)>I50,"",-(($E50*3*R50)-Q50)),""))) | AB50: =IF(OR(G50="",Q50=""),"",(L50+M50)/2-Q50) | AC50: =IF(OR($S50>$AC$9,$R50=""),"",$AC$9*6*$R50) | AE50: =IF(AD50="","",IF(AD50>=0.966,"Normal","Not Normal"))
A51: 71 | B51: 60 | D51: Distance | F51: Tolerance | G51: 0.403 | H51: 0.03 | I51: -0.03 | J51: OMM | K51: NO | L51: =IF(AND(G51="",H51=""),"",IF(G51="",H51,G51+H51)) -> 0.433 | M51: =IF(AND(G51="",I51=""),"",IF(G51="",I51,G51+I51)) -> 0.373 | O51: =IF(OR($AK51="",ISNUMBER($AK51)=FALSE),"",MAX(AK51:BP51)) | P51: =IF(OR($AK51="",ISNUMBER($AK51)=FALSE),"",MIN(AK51:BP51)) | Q51: =IF(OR($AK51="",ISNUMBER($AK51)=FALSE),"",AVERAGE(AK51:BP51)) | R51: =IF(OR($AK51="",ISNUMBER($AK51)=FALSE),"",STDEV(AK51:BP51)) | S51: =IF(OR($AK51="",ISNUMBER($AK51)=FALSE),"",IF(AND(G51="",I51=""),V51,IF(AND(G51="",H51=""),W51,(H51+ABS(I51))/(6*R51)))) | T51: =IF(OR($AK51="",ISNUMBER($AK51)=FALSE),"",IF(AND($F51="Tolerance",$G51<>""),($Q51-$G51)/(($L51-$M51)/2),IF(AND($F51="GD&T",$H51<>""),$Q51/$H51,""))) | U51: =IF($T51="","",IF(ABS($T51)<=0.125, "Level A",IF(AND(ABS($T51)>0.125,ABS($T51)<=0.25), "Level B",IF(AND(ABS($T51)>0.25,ABS($T51)<=0.5), "Level C", IF(ABS($T51)>0.5, "Level D"))))) | V51: =IF(OR($AK51="",ISNUMBER($AK51)=FALSE),"",IF(H51="","",(L51-Q51)/(3*R51))) | W51: =IF(OR($AK51="",ISNUMBER($AK51)=FALSE),"",IF(I51="","",(Q51-M51)/(3*R51))) | X51: =IF(OR($AK51="",ISNUMBER($AK51)=FALSE),"",IF(AND(G51=0,I51=0),((H51)-(Q51))/(3*R51),MIN(V51:W51))) | Y51: =IF(OR($AK51="",ISNUMBER($AK51)=FALSE),"",IF(AND(G51=0,I51=0),NORMSDIST(3*X51),NORMSDIST(3*X51)+NORMSDIST(6*S51-3*X51)-1)) | Z51: =IF($Q51="","",IF(F51="Tolerance",IF(($E51*3*R51+Q51)-G51<H51,"",($E51*3*R51+Q51)-G51),IF(OR(F51="GD&T",F51="MAX"),IF(($E51*3*R51+Q51)<H51,"",($E51*3*R51+Q51)),""))) | AA51: =IF(Q51="","",IF(F51="Tolerance",IF(-(($E51*3*R51)-Q51)-G51>I51,"",-(($E51*3*R51)-Q51)-G51),IF(F51="MIN",IF(-(($E51*3*R51)-Q51)>I51,"",-(($E51*3*R51)-Q51)),""))) | AB51: =IF(OR(G51="",Q51=""),"",(L51+M51)/2-Q51) | AC51: =IF(OR($S51>$AC$9,$R51=""),"",$AC$9*6*$R51) | AE51: =IF(AD51="","",IF(AD51>=0.966,"Normal","Not Normal"))
A52: 72 | B52: 61 | D52: Distance | F52: Tolerance | G52: 1.986 | H52: 0.03 | I52: -0.03 | J52: OMM | K52: NO | L52: =IF(AND(G52="",H52=""),"",IF(G52="",H52,G52+H52)) -> 2.016 | M52: =IF(AND(G52="",I52=""),"",IF(G52="",I52,G52+I52)) -> 1.956 | O52: =IF(OR($AK52="",ISNUMBER($AK52)=FALSE),"",MAX(AK52:BP52)) | P52: =IF(OR($AK52="",ISNUMBER($AK52)=FALSE),"",MIN(AK52:BP52)) | Q52: =IF(OR($AK52="",ISNUMBER($AK52)=FALSE),"",AVERAGE(AK52:BP52)) | R52: =IF(OR($AK52="",ISNUMBER($AK52)=FALSE),"",STDEV(AK52:BP52)) | S52: =IF(OR($AK52="",ISNUMBER($AK52)=FALSE),"",IF(AND(G52="",I52=""),V52,IF(AND(G52="",H52=""),W52,(H52+ABS(I52))/(6*R52)))) | T52: =IF(OR($AK52="",ISNUMBER($AK52)=FALSE),"",IF(AND($F52="Tolerance",$G52<>""),($Q52-$G52)/(($L52-$M52)/2),IF(AND($F52="GD&T",$H52<>""),$Q52/$H52,""))) | U52: =IF($T52="","",IF(ABS($T52)<=0.125, "Level A",IF(AND(ABS($T52)>0.125,ABS($T52)<=0.25), "Level B",IF(AND(ABS($T52)>0.25,ABS($T52)<=0.5), "Level C", IF(ABS($T52)>0.5, "Level D"))))) | V52: =IF(OR($AK52="",ISNUMBER($AK52)=FALSE),"",IF(H52="","",(L52-Q52)/(3*R52))) | W52: =IF(OR($AK52="",ISNUMBER($AK52)=FALSE),"",IF(I52="","",(Q52-M52)/(3*R52))) | X52: =IF(OR($AK52="",ISNUMBER($AK52)=FALSE),"",IF(AND(G52=0,I52=0),((H52)-(Q52))/(3*R52),MIN(V52:W52))) | Y52: =IF(OR($AK52="",ISNUMBER($AK52)=FALSE),"",IF(AND(G52=0,I52=0),NORMSDIST(3*X52),NORMSDIST(3*X52)+NORMSDIST(6*S52-3*X52)-1)) | Z52: =IF($Q52="","",IF(F52="Tolerance",IF(($E52*3*R52+Q52)-G52<H52,"",($E52*3*R52+Q52)-G52),IF(OR(F52="GD&T",F52="MAX"),IF(($E52*3*R52+Q52)<H52,"",($E52*3*R52+Q52)),""))) | AA52: =IF(Q52="","",IF(F52="Tolerance",IF(-(($E52*3*R52)-Q52)-G52>I52,"",-(($E52*3*R52)-Q52)-G52),IF(F52="MIN",IF(-(($E52*3*R52)-Q52)>I52,"",-(($E52*3*R52)-Q52)),""))) | AB52: =IF(OR(G52="",Q52=""),"",(L52+M52)/2-Q52) | AC52: =IF(OR($S52>$AC$9,$R52=""),"",$AC$9*6*$R52) | AE52: =IF(AD52="","",IF(AD52>=0.966,"Normal","Not Normal"))
A53: 73 | B53: 62 | D53: Distance | F53: Tolerance | G53: 2.226 | H53: 0.03 | I53: -0.03 | J53: OMM | K53: NO | L53: =IF(AND(G53="",H53=""),"",IF(G53="",H53,G53+H53)) -> 2.256 | M53: =IF(AND(G53="",I53=""),"",IF(G53="",I53,G53+I53)) -> 2.196 | O53: =IF(OR($AK53="",ISNUMBER($AK53)=FALSE),"",MAX(AK53:BP53)) | P53: =IF(OR($AK53="",ISNUMBER($AK53)=FALSE),"",MIN(AK53:BP53)) | Q53: =IF(OR($AK53="",ISNUMBER($AK53)=FALSE),"",AVERAGE(AK53:BP53)) | R53: =IF(OR($AK53="",ISNUMBER($AK53)=FALSE),"",STDEV(AK53:BP53)) | S53: =IF(OR($AK53="",ISNUMBER($AK53)=FALSE),"",IF(AND(G53="",I53=""),V53,IF(AND(G53="",H53=""),W53,(H53+ABS(I53))/(6*R53)))) | T53: =IF(OR($AK53="",ISNUMBER($AK53)=FALSE),"",IF(AND($F53="Tolerance",$G53<>""),($Q53-$G53)/(($L53-$M53)/2),IF(AND($F53="GD&T",$H53<>""),$Q53/$H53,""))) | U53: =IF($T53="","",IF(ABS($T53)<=0.125, "Level A",IF(AND(ABS($T53)>0.125,ABS($T53)<=0.25), "Level B",IF(AND(ABS($T53)>0.25,ABS($T53)<=0.5), "Level C", IF(ABS($T53)>0.5, "Level D"))))) | V53: =IF(OR($AK53="",ISNUMBER($AK53)=FALSE),"",IF(H53="","",(L53-Q53)/(3*R53))) | W53: =IF(OR($AK53="",ISNUMBER($AK53)=FALSE),"",IF(I53="","",(Q53-M53)/(3*R53))) | X53: =IF(OR($AK53="",ISNUMBER($AK53)=FALSE),"",IF(AND(G53=0,I53=0),((H53)-(Q53))/(3*R53),MIN(V53:W53))) | Y53: =IF(OR($AK53="",ISNUMBER($AK53)=FALSE),"",IF(AND(G53=0,I53=0),NORMSDIST(3*X53),NORMSDIST(3*X53)+NORMSDIST(6*S53-3*X53)-1)) | Z53: =IF($Q53="","",IF(F53="Tolerance",IF(($E53*3*R53+Q53)-G53<H53,"",($E53*3*R53+Q53)-G53),IF(OR(F53="GD&T",F53="MAX"),IF(($E53*3*R53+Q53)<H53,"",($E53*3*R53+Q53)),""))) | AA53: =IF(Q53="","",IF(F53="Tolerance",IF(-(($E53*3*R53)-Q53)-G53>I53,"",-(($E53*3*R53)-Q53)-G53),IF(F53="MIN",IF(-(($E53*3*R53)-Q53)>I53,"",-(($E53*3*R53)-Q53)),""))) | AB53: =IF(OR(G53="",Q53=""),"",(L53+M53)/2-Q53) | AC53: =IF(OR($S53>$AC$9,$R53=""),"",$AC$9*6*$R53) | AE53: =IF(AD53="","",IF(AD53>=0.966,"Normal","Not Normal"))
A54: 74 | B54: 63 | D54: Distance | F54: Tolerance | G54: 1.718 | H54: 0.02 | I54: -0.02 | J54: OMM | K54: NO | L54: =IF(AND(G54="",H54=""),"",IF(G54="",H54,G54+H54)) -> 1.738 | M54: =IF(AND(G54="",I54=""),"",IF(G54="",I54,G54+I54)) -> 1.698 | O54: =IF(OR($AK54="",ISNUMBER($AK54)=FALSE),"",MAX(AK54:BP54)) | P54: =IF(OR($AK54="",ISNUMBER($AK54)=FALSE),"",MIN(AK54:BP54)) | Q54: =IF(OR($AK54="",ISNUMBER($AK54)=FALSE),"",AVERAGE(AK54:BP54)) | R54: =IF(OR($AK54="",ISNUMBER($AK54)=FALSE),"",STDEV(AK54:BP54)) | S54: =IF(OR($AK54="",ISNUMBER($AK54)=FALSE),"",IF(AND(G54="",I54=""),V54,IF(AND(G54="",H54=""),W54,(H54+ABS(I54))/(6*R54)))) | T54: =IF(OR($AK54="",ISNUMBER($AK54)=FALSE),"",IF(AND($F54="Tolerance",$G54<>""),($Q54-$G54)/(($L54-$M54)/2),IF(AND($F54="GD&T",$H54<>""),$Q54/$H54,""))) | U54: =IF($T54="","",IF(ABS($T54)<=0.125, "Level A",IF(AND(ABS($T54)>0.125,ABS($T54)<=0.25), "Level B",IF(AND(ABS($T54)>0.25,ABS($T54)<=0.5), "Level C", IF(ABS($T54)>0.5, "Level D"))))) | V54: =IF(OR($AK54="",ISNUMBER($AK54)=FALSE),"",IF(H54="","",(L54-Q54)/(3*R54))) | W54: =IF(OR($AK54="",ISNUMBER($AK54)=FALSE),"",IF(I54="","",(Q54-M54)/(3*R54))) | X54: =IF(OR($AK54="",ISNUMBER($AK54)=FALSE),"",IF(AND(G54=0,I54=0),((H54)-(Q54))/(3*R54),MIN(V54:W54))) | Y54: =IF(OR($AK54="",ISNUMBER($AK54)=FALSE),"",IF(AND(G54=0,I54=0),NORMSDIST(3*X54),NORMSDIST(3*X54)+NORMSDIST(6*S54-3*X54)-1)) | Z54: =IF($Q54="","",IF(F54="Tolerance",IF(($E54*3*R54+Q54)-G54<H54,"",($E54*3*R54+Q54)-G54),IF(OR(F54="GD&T",F54="MAX"),IF(($E54*3*R54+Q54)<H54,"",($E54*3*R54+Q54)),""))) | AA54: =IF(Q54="","",IF(F54="Tolerance",IF(-(($E54*3*R54)-Q54)-G54>I54,"",-(($E54*3*R54)-Q54)-G54),IF(F54="MIN",IF(-(($E54*3*R54)-Q54)>I54,"",-(($E54*3*R54)-Q54)),""))) | AB54: =IF(OR(G54="",Q54=""),"",(L54+M54)/2-Q54) | AC54: =IF(OR($S54>$AC$9,$R54=""),"",$AC$9*6*$R54) | AE54: =IF(AD54="","",IF(AD54>=0.966,"Normal","Not Normal"))
A55: 75 | B55: 64 | D55: Distance | F55: Tolerance | G55: 0.385 | H55: 0.22 | I55: -0.22 | J55: OMM | K55: NO | L55: =IF(AND(G55="",H55=""),"",IF(G55="",H55,G55+H55)) -> 0.605 | M55: =IF(AND(G55="",I55=""),"",IF(G55="",I55,G55+I55)) -> 0.165 | O55: =IF(OR($AK55="",ISNUMBER($AK55)=FALSE),"",MAX(AK55:BP55)) | P55: =IF(OR($AK55="",ISNUMBER($AK55)=FALSE),"",MIN(AK55:BP55)) | Q55: =IF(OR($AK55="",ISNUMBER($AK55)=FALSE),"",AVERAGE(AK55:BP55)) | R55: =IF(OR($AK55="",ISNUMBER($AK55)=FALSE),"",STDEV(AK55:BP55)) | S55: =IF(OR($AK55="",ISNUMBER($AK55)=FALSE),"",IF(AND(G55="",I55=""),V55,IF(AND(G55="",H55=""),W55,(H55+ABS(I55))/(6*R55)))) | T55: =IF(OR($AK55="",ISNUMBER($AK55)=FALSE),"",IF(AND($F55="Tolerance",$G55<>""),($Q55-$G55)/(($L55-$M55)/2),IF(AND($F55="GD&T",$H55<>""),$Q55/$H55,""))) | U55: =IF($T55="","",IF(ABS($T55)<=0.125, "Level A",IF(AND(ABS($T55)>0.125,ABS($T55)<=0.25), "Level B",IF(AND(ABS($T55)>0.25,ABS($T55)<=0.5), "Level C", IF(ABS($T55)>0.5, "Level D"))))) | V55: =IF(OR($AK55="",ISNUMBER($AK55)=FALSE),"",IF(H55="","",(L55-Q55)/(3*R55))) | W55: =IF(OR($AK55="",ISNUMBER($AK55)=FALSE),"",IF(I55="","",(Q55-M55)/(3*R55))) | X55: =IF(OR($AK55="",ISNUMBER($AK55)=FALSE),"",IF(AND(G55=0,I55=0),((H55)-(Q55))/(3*R55),MIN(V55:W55))) | Y55: =IF(OR($AK55="",ISNUMBER($AK55)=FALSE),"",IF(AND(G55=0,I55=0),NORMSDIST(3*X55),NORMSDIST(3*X55)+NORMSDIST(6*S55-3*X55)-1)) | Z55: =IF($Q55="","",IF(F55="Tolerance",IF(($E55*3*R55+Q55)-G55<H55,"",($E55*3*R55+Q55)-G55),IF(OR(F55="GD&T",F55="MAX"),IF(($E55*3*R55+Q55)<H55,"",($E55*3*R55+Q55)),""))) | AA55: =IF(Q55="","",IF(F55="Tolerance",IF(-(($E55*3*R55)-Q55)-G55>I55,"",-(($E55*3*R55)-Q55)-G55),IF(F55="MIN",IF(-(($E55*3*R55)-Q55)>I55,"",-(($E55*3*R55)-Q55)),""))) | AB55: =IF(OR(G55="",Q55=""),"",(L55+M55)/2-Q55) | AC55: =IF(OR($S55>$AC$9,$R55=""),"",$AC$9*6*$R55) | AE55: =IF(AD55="","",IF(AD55>=0.966,"Normal","Not Normal"))
... A57: 77 | B57: 66 | D57: Distance | F57: Tolerance | G57: 0 | H57: 3 | I57: -3 | J57: OMM | K57: NO | L57: =IF(AND(G57="",H57=""),"",IF(G57="",H57,G57+H57)) -> 3 | M57: =IF(AND(G57="",I57=""),"",IF(G57="",I57,G57+I57)) -> -3 | O57: =IF(OR($AK57="",ISNUMBER($AK57)=FALSE),"",MAX(AK57:BP57)) | P57: =IF(OR($AK57="",ISNUMBER($AK57)=FALSE),"",MIN(AK57:BP57)) | Q57: =IF(OR($AK57="",ISNUMBER($AK57)=FALSE),"",AVERAGE(AK57:BP57)) | R57: =IF(OR($AK57="",ISNUMBER($AK57)=FALSE),"",STDEV(AK57:BP57)) | S57: =IF(OR($AK57="",ISNUMBER($AK57)=FALSE),"",IF(AND(G57="",I57=""),V57,IF(AND(G57="",H57=""),W57,(H57+ABS(I57))/(6*R57)))) | T57: =IF(OR($AK57="",ISNUMBER($AK57)=FALSE),"",IF(AND($F57="Tolerance",$G57<>""),($Q57-$G57)/(($L57-$M57)/2),IF(AND($F57="GD&T",$H57<>""),$Q57/$H57,""))) | U57: =IF($T57="","",IF(ABS($T57)<=0.125, "Level A",IF(AND(ABS($T57)>0.125,ABS($T57)<=0.25), "Level B",IF(AND(ABS($T57)>0.25,ABS($T57)<=0.5), "Level C", IF(ABS($T57)>0.5, "Level D"))))) | V57: =IF(OR($AK57="",ISNUMBER($AK57)=FALSE),"",IF(H57="","",(L57-Q57)/(3*R57))) | W57: =IF(OR($AK57="",ISNUMBER($AK57)=FALSE),"",IF(I57="","",(Q57-M57)/(3*R57))) | X57: =IF(OR($AK57="",ISNUMBER($AK57)=FALSE),"",IF(AND(G57=0,I57=0),((H57)-(Q57))/(3*R57),MIN(V57:W57))) | Y57: =IF(OR($AK57="",ISNUMBER($AK57)=FALSE),"",IF(AND(G57=0,I57=0),NORMSDIST(3*X57),NORMSDIST(3*X57)+NORMSDIST(6*S57-3*X57)-1)) | Z57: =IF($Q57="","",IF(F57="Tolerance",IF(($E57*3*R57+Q57)-G57<H57,"",($E57*3*R57+Q57)-G57),IF(OR(F57="GD&T",F57="MAX"),IF(($E57*3*R57+Q57)<H57,"",($E57*3*R57+Q57)),""))) | AA57: =IF(Q57="","",IF(F57="Tolerance",IF(-(($E57*3*R57)-Q57)-G57>I57,"",-(($E57*3*R57)-Q57)-G57),IF(F57="MIN",IF(-(($E57*3*R57)-Q57)>I57,"",-(($E57*3*R57)-Q57)),""))) | AB57: =IF(OR(G57="",Q57=""),"",(L57+M57)/2-Q57) | AC57: =IF(OR($S57>$AC$9,$R57=""),"",$AC$9*6*$R57) | AE57: =IF(AD57="","",IF(AD57>=0.966,"Normal","Not Normal"))
A58: 79 | B58: 68-1 | C58: AH | D58: Distance | E58: 1.33 | F58: Tolerance | G58: 1.03 | H58: 0.02 | I58: -0.02 | J58: OMM | K58: NO | L58: =IF(AND(G58="",H58=""),"",IF(G58="",H58,G58+H58)) -> 1.05 | M58: =IF(AND(G58="",I58=""),"",IF(G58="",I58,G58+I58)) -> 1.01 | O58: =IF(OR($AK58="",ISNUMBER($AK58)=FALSE),"",MAX(AK58:BP58)) | P58: =IF(OR($AK58="",ISNUMBER($AK58)=FALSE),"",MIN(AK58:BP58)) | Q58: =IF(OR($AK58="",ISNUMBER($AK58)=FALSE),"",AVERAGE(AK58:BP58)) | R58: =IF(OR($AK58="",ISNUMBER($AK58)=FALSE),"",STDEV(AK58:BP58)) | S58: =IF(OR($AK58="",ISNUMBER($AK58)=FALSE),"",IF(AND(G58="",I58=""),V58,IF(AND(G58="",H58=""),W58,(H58+ABS(I58))/(6*R58)))) | T58: =IF(OR($AK58="",ISNUMBER($AK58)=FALSE),"",IF(AND($F58="Tolerance",$G58<>""),($Q58-$G58)/(($L58-$M58)/2),IF(AND($F58="GD&T",$H58<>""),$Q58/$H58,""))) | U58: =IF($T58="","",IF(ABS($T58)<=0.125, "Level A",IF(AND(ABS($T58)>0.125,ABS($T58)<=0.25), "Level B",IF(AND(ABS($T58)>0.25,ABS($T58)<=0.5), "Level C", IF(ABS($T58)>0.5, "Level D"))))) | V58: =IF(OR($AK58="",ISNUMBER($AK58)=FALSE),"",IF(H58="","",(L58-Q58)/(3*R58))) | W58: =IF(OR($AK58="",ISNUMBER($AK58)=FALSE),"",IF(I58="","",(Q58-M58)/(3*R58))) | X58: =IF(OR($AK58="",ISNUMBER($AK58)=FALSE),"",IF(AND(G58=0,I58=0),((H58)-(Q58))/(3*R58),MIN(V58:W58))) | Y58: =IF(OR($AK58="",ISNUMBER($AK58)=FALSE),"",IF(AND(G58=0,I58=0),NORMSDIST(3*X58),NORMSDIST(3*X58)+NORMSDIST(6*S58-3*X58)-1)) | Z58: =IF($Q58="","",IF(F58="Tolerance",IF(($E58*3*R58+Q58)-G58<H58,"",($E58*3*R58+Q58)-G58),IF(OR(F58="GD&T",F58="MAX"),IF(($E58*3*R58+Q58)<H58,"",($E58*3*R58+Q58)),""))) | AA58: =IF(Q58="","",IF(F58="Tolerance",IF(-(($E58*3*R58)-Q58)-G58>I58,"",-(($E58*3*R58)-Q58)-G58),IF(F58="MIN",IF(-(($E58*3*R58)-Q58)>I58,"",-(($E58*3*R58)-Q58)),""))) | AB58: =IF(OR(G58="",Q58=""),"",(L58+M58)/2-Q58) | AC58: =IF(OR($S58>$AC$9,$R58=""),"",$AC$9*6*$R58) | AE58: =IF(AD58="","",IF(AD58>=0.966,"Normal","Not Normal"))
A59: 80 | B59: 68-2 | C59: AH | D59: Distance | E59: 1.33 | F59: Tolerance | G59: 1.03 | H59: 0.02 | I59: -0.02 | J59: OMM | K59: NO | L59: =IF(AND(G59="",H59=""),"",IF(G59="",H59,G59+H59)) -> 1.05 | M59: =IF(AND(G59="",I59=""),"",IF(G59="",I59,G59+I59)) -> 1.01 | O59: =IF(OR($AK59="",ISNUMBER($AK59)=FALSE),"",MAX(AK59:BP59)) | P59: =IF(OR($AK59="",ISNUMBER($AK59)=FALSE),"",MIN(AK59:BP59)) | Q59: =IF(OR($AK59="",ISNUMBER($AK59)=FALSE),"",AVERAGE(AK59:BP59)) | R59: =IF(OR($AK59="",ISNUMBER($AK59)=FALSE),"",STDEV(AK59:BP59)) | S59: =IF(OR($AK59="",ISNUMBER($AK59)=FALSE),"",IF(AND(G59="",I59=""),V59,IF(AND(G59="",H59=""),W59,(H59+ABS(I59))/(6*R59)))) | T59: =IF(OR($AK59="",ISNUMBER($AK59)=FALSE),"",IF(AND($F59="Tolerance",$G59<>""),($Q59-$G59)/(($L59-$M59)/2),IF(AND($F59="GD&T",$H59<>""),$Q59/$H59,""))) | U59: =IF($T59="","",IF(ABS($T59)<=0.125, "Level A",IF(AND(ABS($T59)>0.125,ABS($T59)<=0.25), "Level B",IF(AND(ABS($T59)>0.25,ABS($T59)<=0.5), "Level C", IF(ABS($T59)>0.5, "Level D"))))) | V59: =IF(OR($AK59="",ISNUMBER($AK59)=FALSE),"",IF(H59="","",(L59-Q59)/(3*R59))) | W59: =IF(OR($AK59="",ISNUMBER($AK59)=FALSE),"",IF(I59="","",(Q59-M59)/(3*R59))) | X59: =IF(OR($AK59="",ISNUMBER($AK59)=FALSE),"",IF(AND(G59=0,I59=0),((H59)-(Q59))/(3*R59),MIN(V59:W59))) | Y59: =IF(OR($AK59="",ISNUMBER($AK59)=FALSE),"",IF(AND(G59=0,I59=0),NORMSDIST(3*X59),NORMSDIST(3*X59)+NORMSDIST(6*S59-3*X59)-1)) | Z59: =IF($Q59="","",IF(F59="Tolerance",IF(($E59*3*R59+Q59)-G59<H59,"",($E59*3*R59+Q59)-G59),IF(OR(F59="GD&T",F59="MAX"),IF(($E59*3*R59+Q59)<H59,"",($E59*3*R59+Q59)),""))) | AA59: =IF(Q59="","",IF(F59="Tolerance",IF(-(($E59*3*R59)-Q59)-G59>I59,"",-(($E59*3*R59)-Q59)-G59),IF(F59="MIN",IF(-(($E59*3*R59)-Q59)>I59,"",-(($E59*3*R59)-Q59)),""))) | AB59: =IF(OR(G59="",Q59=""),"",(L59+M59)/2-Q59) | AC59: =IF(OR($S59>$AC$9,$R59=""),"",$AC$9*6*$R59) | AE59: =IF(AD59="","",IF(AD59>=0.966,"Normal","Not Normal"))
A60: 81 | B60: 69 | C60: AI | D60: Distance | E60: 1.33 | F60: Tolerance | G60: 14.496 | H60: 0.02 | I60: -0.02 | J60: OMM | K60: NO | L60: =IF(AND(G60="",H60=""),"",IF(G60="",H60,G60+H60)) -> 14.516 | M60: =IF(AND(G60="",I60=""),"",IF(G60="",I60,G60+I60)) -> 14.476 | O60: =IF(OR($AK60="",ISNUMBER($AK60)=FALSE),"",MAX(AK60:BP60)) | P60: =IF(OR($AK60="",ISNUMBER($AK60)=FALSE),"",MIN(AK60:BP60)) | Q60: =IF(OR($AK60="",ISNUMBER($AK60)=FALSE),"",AVERAGE(AK60:BP60)) | R60: =IF(OR($AK60="",ISNUMBER($AK60)=FALSE),"",STDEV(AK60:BP60)) | S60: =IF(OR($AK60="",ISNUMBER($AK60)=FALSE),"",IF(AND(G60="",I60=""),V60,IF(AND(G60="",H60=""),W60,(H60+ABS(I60))/(6*R60)))) | T60: =IF(OR($AK60="",ISNUMBER($AK60)=FALSE),"",IF(AND($F60="Tolerance",$G60<>""),($Q60-$G60)/(($L60-$M60)/2),IF(AND($F60="GD&T",$H60<>""),$Q60/$H60,""))) | U60: =IF($T60="","",IF(ABS($T60)<=0.125, "Level A",IF(AND(ABS($T60)>0.125,ABS($T60)<=0.25), "Level B",IF(AND(ABS($T60)>0.25,ABS($T60)<=0.5), "Level C", IF(ABS($T60)>0.5, "Level D"))))) | V60: =IF(OR($AK60="",ISNUMBER($AK60)=FALSE),"",IF(H60="","",(L60-Q60)/(3*R60))) | W60: =IF(OR($AK60="",ISNUMBER($AK60)=FALSE),"",IF(I60="","",(Q60-M60)/(3*R60))) | X60: =IF(OR($AK60="",ISNUMBER($AK60)=FALSE),"",IF(AND(G60=0,I60=0),((H60)-(Q60))/(3*R60),MIN(V60:W60))) | Y60: =IF(OR($AK60="",ISNUMBER($AK60)=FALSE),"",IF(AND(G60=0,I60=0),NORMSDIST(3*X60),NORMSDIST(3*X60)+NORMSDIST(6*S60-3*X60)-1)) | Z60: =IF($Q60="","",IF(F60="Tolerance",IF(($E60*3*R60+Q60)-G60<H60,"",($E60*3*R60+Q60)-G60),IF(OR(F60="GD&T",F60="MAX"),IF(($E60*3*R60+Q60)<H60,"",($E60*3*R60+Q60)),""))) | AA60: =IF(Q60="","",IF(F60="Tolerance",IF(-(($E60*3*R60)-Q60)-G60>I60,"",-(($E60*3*R60)-Q60)-G60),IF(F60="MIN",IF(-(($E60*3*R60)-Q60)>I60,"",-(($E60*3*R60)-Q60)),""))) | AB60: =IF(OR(G60="",Q60=""),"",(L60+M60)/2-Q60) | AC60: =IF(OR($S60>$AC$9,$R60=""),"",$AC$9*6*$R60) | AE60: =IF(AD60="","",IF(AD60>=0.966,"Normal","Not Normal"))
A61: 82 | B61: 70-1 | C61: AJ | D61: Distance | E61: 1.33 | F61: Tolerance | G61: 0.77 | H61: 0.02 | I61: -0.02 | J61: OMM | K61: NO | L61: =IF(AND(G61="",H61=""),"",IF(G61="",H61,G61+H61)) -> 0.79 | M61: =IF(AND(G61="",I61=""),"",IF(G61="",I61,G61+I61)) -> 0.75 | O61: =IF(OR($AK61="",ISNUMBER($AK61)=FALSE),"",MAX(AK61:BP61)) | P61: =IF(OR($AK61="",ISNUMBER($AK61)=FALSE),"",MIN(AK61:BP61)) | Q61: =IF(OR($AK61="",ISNUMBER($AK61)=FALSE),"",AVERAGE(AK61:BP61)) | R61: =IF(OR($AK61="",ISNUMBER($AK61)=FALSE),"",STDEV(AK61:BP61)) | S61: =IF(OR($AK61="",ISNUMBER($AK61)=FALSE),"",IF(AND(G61="",I61=""),V61,IF(AND(G61="",H61=""),W61,(H61+ABS(I61))/(6*R61)))) | T61: =IF(OR($AK61="",ISNUMBER($AK61)=FALSE),"",IF(AND($F61="Tolerance",$G61<>""),($Q61-$G61)/(($L61-$M61)/2),IF(AND($F61="GD&T",$H61<>""),$Q61/$H61,""))) | U61: =IF($T61="","",IF(ABS($T61)<=0.125, "Level A",IF(AND(ABS($T61)>0.125,ABS($T61)<=0.25), "Level B",IF(AND(ABS($T61)>0.25,ABS($T61)<=0.5), "Level C", IF(ABS($T61)>0.5, "Level D"))))) | V61: =IF(OR($AK61="",ISNUMBER($AK61)=FALSE),"",IF(H61="","",(L61-Q61)/(3*R61))) | W61: =IF(OR($AK61="",ISNUMBER($AK61)=FALSE),"",IF(I61="","",(Q61-M61)/(3*R61))) | X61: =IF(OR($AK61="",ISNUMBER($AK61)=FALSE),"",IF(AND(G61=0,I61=0),((H61)-(Q61))/(3*R61),MIN(V61:W61))) | Y61: =IF(OR($AK61="",ISNUMBER($AK61)=FALSE),"",IF(AND(G61=0,I61=0),NORMSDIST(3*X61),NORMSDIST(3*X61)+NORMSDIST(6*S61-3*X61)-1)) | Z61: =IF($Q61="","",IF(F61="Tolerance",IF(($E61*3*R61+Q61)-G61<H61,"",($E61*3*R61+Q61)-G61),IF(OR(F61="GD&T",F61="MAX"),IF(($E61*3*R61+Q61)<H61,"",($E61*3*R61+Q61)),""))) | AA61: =IF(Q61="","",IF(F61="Tolerance",IF(-(($E61*3*R61)-Q61)-G61>I61,"",-(($E61*3*R61)-Q61)-G61),IF(F61="MIN",IF(-(($E61*3*R61)-Q61)>I61,"",-(($E61*3*R61)-Q61)),""))) | AB61: =IF(OR(G61="",Q61=""),"",(L61+M61)/2-Q61) | AC61: =IF(OR($S61>$AC$9,$R61=""),"",$AC$9*6*$R61) | AE61: =IF(AD61="","",IF(AD61>=0.966,"Normal","Not Normal"))
A62: 83 | B62: 70-2 | C62: AJ | D62: Distance | E62: 1.33 | F62: Tolerance | G62: 0.77 | H62: 0.02 | I62: -0.02 | J62: OMM | K62: NO | L62: =IF(AND(G62="",H62=""),"",IF(G62="",H62,G62+H62)) -> 0.79 | M62: =IF(AND(G62="",I62=""),"",IF(G62="",I62,G62+I62)) -> 0.75 | O62: =IF(OR($AK62="",ISNUMBER($AK62)=FALSE),"",MAX(AK62:BP62)) | P62: =IF(OR($AK62="",ISNUMBER($AK62)=FALSE),"",MIN(AK62:BP62)) | Q62: =IF(OR($AK62="",ISNUMBER($AK62)=FALSE),"",AVERAGE(AK62:BP62)) | R62: =IF(OR($AK62="",ISNUMBER($AK62)=FALSE),"",STDEV(AK62:BP62)) | S62: =IF(OR($AK62="",ISNUMBER($AK62)=FALSE),"",IF(AND(G62="",I62=""),V62,IF(AND(G62="",H62=""),W62,(H62+ABS(I62))/(6*R62)))) | T62: =IF(OR($AK62="",ISNUMBER($AK62)=FALSE),"",IF(AND($F62="Tolerance",$G62<>""),($Q62-$G62)/(($L62-$M62)/2),IF(AND($F62="GD&T",$H62<>""),$Q62/$H62,""))) | U62: =IF($T62="","",IF(ABS($T62)<=0.125, "Level A",IF(AND(ABS($T62)>0.125,ABS($T62)<=0.25), "Level B",IF(AND(ABS($T62)>0.25,ABS($T62)<=0.5), "Level C", IF(ABS($T62)>0.5, "Level D"))))) | V62: =IF(OR($AK62="",ISNUMBER($AK62)=FALSE),"",IF(H62="","",(L62-Q62)/(3*R62))) | W62: =IF(OR($AK62="",ISNUMBER($AK62)=FALSE),"",IF(I62="","",(Q62-M62)/(3*R62))) | X62: =IF(OR($AK62="",ISNUMBER($AK62)=FALSE),"",IF(AND(G62=0,I62=0),((H62)-(Q62))/(3*R62),MIN(V62:W62))) | Y62: =IF(OR($AK62="",ISNUMBER($AK62)=FALSE),"",IF(AND(G62=0,I62=0),NORMSDIST(3*X62),NORMSDIST(3*X62)+NORMSDIST(6*S62-3*X62)-1)) | Z62: =IF($Q62="","",IF(F62="Tolerance",IF(($E62*3*R62+Q62)-G62<H62,"",($E62*3*R62+Q62)-G62),IF(OR(F62="GD&T",F62="MAX"),IF(($E62*3*R62+Q62)<H62,"",($E62*3*R62+Q62)),""))) | AA62: =IF(Q62="","",IF(F62="Tolerance",IF(-(($E62*3*R62)-Q62)-G62>I62,"",-(($E62*3*R62)-Q62)-G62),IF(F62="MIN",IF(-(($E62*3*R62)-Q62)>I62,"",-(($E62*3*R62)-Q62)),""))) | AB62: =IF(OR(G62="",Q62=""),"",(L62+M62)/2-Q62) | AC62: =IF(OR($S62>$AC$9,$R62=""),"",$AC$9*6*$R62) | AE62: =IF(AD62="","",IF(AD62>=0.966,"Normal","Not Normal"))
A63: 84 | B63: 71 | C63: AK | D63: Distance | E63: 1.33 | F63: Tolerance | G63: 11.777 | H63: 0.02 | I63: -0.02 | J63: OMM | K63: NO | L63: =IF(AND(G63="",H63=""),"",IF(G63="",H63,G63+H63)) -> 11.797 | M63: =IF(AND(G63="",I63=""),"",IF(G63="",I63,G63+I63)) -> 11.757 | O63: =IF(OR($AK63="",ISNUMBER($AK63)=FALSE),"",MAX(AK63:BP63)) | P63: =IF(OR($AK63="",ISNUMBER($AK63)=FALSE),"",MIN(AK63:BP63)) | Q63: =IF(OR($AK63="",ISNUMBER($AK63)=FALSE),"",AVERAGE(AK63:BP63)) | R63: =IF(OR($AK63="",ISNUMBER($AK63)=FALSE),"",STDEV(AK63:BP63)) | S63: =IF(OR($AK63="",ISNUMBER($AK63)=FALSE),"",IF(AND(G63="",I63=""),V63,IF(AND(G63="",H63=""),W63,(H63+ABS(I63))/(6*R63)))) | T63: =IF(OR($AK63="",ISNUMBER($AK63)=FALSE),"",IF(AND($F63="Tolerance",$G63<>""),($Q63-$G63)/(($L63-$M63)/2),IF(AND($F63="GD&T",$H63<>""),$Q63/$H63,""))) | U63: =IF($T63="","",IF(ABS($T63)<=0.125, "Level A",IF(AND(ABS($T63)>0.125,ABS($T63)<=0.25), "Level B",IF(AND(ABS($T63)>0.25,ABS($T63)<=0.5), "Level C", IF(ABS($T63)>0.5, "Level D"))))) | V63: =IF(OR($AK63="",ISNUMBER($AK63)=FALSE),"",IF(H63="","",(L63-Q63)/(3*R63))) | W63: =IF(OR($AK63="",ISNUMBER($AK63)=FALSE),"",IF(I63="","",(Q63-M63)/(3*R63))) | X63: =IF(OR($AK63="",ISNUMBER($AK63)=FALSE),"",IF(AND(G63=0,I63=0),((H63)-(Q63))/(3*R63),MIN(V63:W63))) | Y63: =IF(OR($AK63="",ISNUMBER($AK63)=FALSE),"",IF(AND(G63=0,I63=0),NORMSDIST(3*X63),NORMSDIST(3*X63)+NORMSDIST(6*S63-3*X63)-1)) | Z63: =IF($Q63="","",IF(F63="Tolerance",IF(($E63*3*R63+Q63)-G63<H63,"",($E63*3*R63+Q63)-G63),IF(OR(F63="GD&T",F63="MAX"),IF(($E63*3*R63+Q63)<H63,"",($E63*3*R63+Q63)),""))) | AA63: =IF(Q63="","",IF(F63="Tolerance",IF(-(($E63*3*R63)-Q63)-G63>I63,"",-(($E63*3*R63)-Q63)-G63),IF(F63="MIN",IF(-(($E63*3*R63)-Q63)>I63,"",-(($E63*3*R63)-Q63)),""))) | AB63: =IF(OR(G63="",Q63=""),"",(L63+M63)/2-Q63) | AC63: =IF(OR($S63>$AC$9,$R63=""),"",$AC$9*6*$R63) | AE63: =IF(AD63="","",IF(AD63>=0.966,"Normal","Not Normal"))

Sheet OOC
A1: Enhanced Cpk Data Sheet - Enclosures MD
A2: Rev 4.3
E4: Dpamstech
E5: @@@@
E6: 240@@@ (Lot.240@@@)
R7: =OQC!X5 -> 0 | W7: =#REF! -> #REF! | AB7: =#REF! -> #REF! | AG7: =#REF! -> #REF!
J8: CALCULATED RESULTS | L8: CALCULATED RESULTS | N8: CALCULATED RESULTS | P8: CALCULATED RESULTS
E9: (USL for one sided spec) | F9: (LSL for one sided spec) | J9: 1CAV | L9: 2CAV | N9: 3CAV | P9: 4CAV | S9: OOC SPC | X9: OOC SPC | AC9: OOC SPC | AH9: OOC SPC
A10: SPC | B10: FAI | C10: Target Cpk | D10: Nominal | E10: TOL+ | F10: TOL- | G10: USL | H10: LSL | J10: Maximum | K10: Minimum | L10: Maximum | M10: Minimum | N10: Maximum | O10: Minimum | P10: Maximum | Q10: Minimum | S10: TOL+ | T10: TOL- | U10: USL | V10: LSL | X10: TOL+ | Y10: TOL- | Z10: USL | AA10: LSL | AC10: TOL+ | AD10: TOL- | AE10: USL | AF10: LSL | AH10: TOL+ | AI10: TOL- | AJ10: USL | AK10: LSL
A11: D | B11: FAI4-1 | C11: 1.5 | D11: 0.5 | E11: 0.01 | F11: -0.01 | G11: =IF(AND(D11="",E11=""),"",IF(D11="",E11,D11+E11)) -> 0.51 | H11: =IF(AND(D11="",F11=""),"",IF(D11="",F11,D11+F11)) -> 0.49 | S11: =IF($A11<>"(DC)", $E11*$R$7, $E11) -> 0 | T11: =IF($A11<>"(DC)", $F11*$R$7, $F11) -> 0 | U11: =IF(AND($D11="",S11=""),"",IF($D11="",S11,$D11+S11)) -> 0.5 | V11: =IF(AND($D11="",T11=""),"",IF($D11="",T11,$D11+T11)) -> 0.5 | X11: =IF($A11<>"(DC)", $E11*$W$7, $E11) -> #REF! | Y11: =IF($A11<>"(DC)", $F11*$W$7, $F11) -> #REF! | Z11: =IF(AND($D11="",X11=""),"",IF($D11="",X11,$D11+X11)) -> #REF! | AA11: =IF(AND($D11="",Y11=""),"",IF($D11="",Y11,$D11+Y11)) -> #REF! | AC11: =IF($A11<>"(DC)", $E11*$AB$7, $E11) -> #REF! | AD11: =IF($A11<>"(DC)", $F11*$AB$7, $F11) -> #REF! | AE11: =IF(AND($D11="",AC11=""),"",IF($D11="",AC11,$D11+AC11)) -> #REF! | AF11: =IF(AND($D11="",AD11=""),"",IF($D11="",AD11,$D11+AD11)) -> #REF! | AH11: =IF($A11<>"(DC)", $E11*$AG$7, $E11) -> #REF! | AI11: =IF($A11<>"(DC)", $F11*$AG$7, $F11) -> #REF! | AJ11: =IF(AND($D11="",AH11=""),"",IF($D11="",AH11,$D11+AH11)) -> #REF! | AK11: =IF(AND($D11="",AI11=""),"",IF($D11="",AI11,$D11+AI11)) -> #REF!
A12: D | B12: FAI4-2 | C12: 1.5 | D12: 0.5 | E12: 0.01 | F12: -0.01 | G12: =IF(AND(D12="",E12=""),"",IF(D12="",E12,D12+E12)) -> 0.51 | H12: =IF(AND(D12="",F12=""),"",IF(D12="",F12,D12+F12)) -> 0.49 | S12: =IF($A12<>"(DC)", $E12*$R$7, $E12) -> 0 | T12: =IF($A12<>"(DC)", $F12*$R$7, $F12) -> 0 | U12: =IF(AND($D12="",S12=""),"",IF($D12="",S12,$D12+S12)) -> 0.5 | V12: =IF(AND($D12="",T12=""),"",IF($D12="",T12,$D12+T12)) -> 0.5 | X12: =IF($A12<>"(DC)", $E12*$W$7, $E12) -> #REF! | Y12: =IF($A12<>"(DC)", $F12*$W$7, $F12) -> #REF! | Z12: =IF(AND($D12="",X12=""),"",IF($D12="",X12,$D12+X12)) -> #REF! | AA12: =IF(AND($D12="",Y12=""),"",IF($D12="",Y12,$D12+Y12)) -> #REF! | AC12: =IF($A12<>"(DC)", $E12*$AB$7, $E12) -> #REF! | AD12: =IF($A12<>"(DC)", $F12*$AB$7, $F12) -> #REF! | AE12: =IF(AND($D12="",AC12=""),"",IF($D12="",AC12,$D12+AC12)) -> #REF! | AF12: =IF(AND($D12="",AD12=""),"",IF($D12="",AD12,$D12+AD12)) -> #REF! | AH12: =IF($A12<>"(DC)", $E12*$AG$7, $E12) -> #REF! | AI12: =IF($A12<>"(DC)", $F12*$AG$7, $F12) -> #REF! | AJ12: =IF(AND($D12="",AH12=""),"",IF($D12="",AH12,$D12+AH12)) -> #REF! | AK12: =IF(AND($D12="",AI12=""),"",IF($D12="",AI12,$D12+AI12)) -> #REF!
A13: D | B13: FAI4-3 | C13: 1.5 | D13: 0.5 | E13: 0.01 | F13: -0.01 | G13: =IF(AND(D13="",E13=""),"",IF(D13="",E13,D13+E13)) -> 0.51 | H13: =IF(AND(D13="",F13=""),"",IF(D13="",F13,D13+F13)) -> 0.49 | S13: =IF($A13<>"(DC)", $E13*$R$7, $E13) -> 0 | T13: =IF($A13<>"(DC)", $F13*$R$7, $F13) -> 0 | U13: =IF(AND($D13="",S13=""),"",IF($D13="",S13,$D13+S13)) -> 0.5 | V13: =IF(AND($D13="",T13=""),"",IF($D13="",T13,$D13+T13)) -> 0.5 | X13: =IF($A13<>"(DC)", $E13*$W$7, $E13) -> #REF! | Y13: =IF($A13<>"(DC)", $F13*$W$7, $F13) -> #REF! | Z13: =IF(AND($D13="",X13=""),"",IF($D13="",X13,$D13+X13)) -> #REF! | AA13: =IF(AND($D13="",Y13=""),"",IF($D13="",Y13,$D13+Y13)) -> #REF! | AC13: =IF($A13<>"(DC)", $E13*$AB$7, $E13) -> #REF! | AD13: =IF($A13<>"(DC)", $F13*$AB$7, $F13) -> #REF! | AE13: =IF(AND($D13="",AC13=""),"",IF($D13="",AC13,$D13+AC13)) -> #REF! | AF13: =IF(AND($D13="",AD13=""),"",IF($D13="",AD13,$D13+AD13)) -> #REF! | AH13: =IF($A13<>"(DC)", $E13*$AG$7, $E13) -> #REF! | AI13: =IF($A13<>"(DC)", $F13*$AG$7, $F13) -> #REF! | AJ13: =IF(AND($D13="",AH13=""),"",IF($D13="",AH13,$D13+AH13)) -> #REF! | AK13: =IF(AND($D13="",AI13=""),"",IF($D13="",AI13,$D13+AI13)) -> #REF!
A14: F | B14: FAI6-1 | C14: 1.5 | D14: 0.5 | E14: 0.01 | F14: -0.01 | G14: =IF(AND(D14="",E14=""),"",IF(D14="",E14,D14+E14)) -> 0.51 | H14: =IF(AND(D14="",F14=""),"",IF(D14="",F14,D14+F14)) -> 0.49 | S14: =IF($A14<>"(DC)", $E14*$R$7, $E14) -> 0 | T14: =IF($A14<>"(DC)", $F14*$R$7, $F14) -> 0 | U14: =IF(AND($D14="",S14=""),"",IF($D14="",S14,$D14+S14)) -> 0.5 | V14: =IF(AND($D14="",T14=""),"",IF($D14="",T14,$D14+T14)) -> 0.5 | X14: =IF($A14<>"(DC)", $E14*$W$7, $E14) -> #REF! | Y14: =IF($A14<>"(DC)", $F14*$W$7, $F14) -> #REF! | Z14: =IF(AND($D14="",X14=""),"",IF($D14="",X14,$D14+X14)) -> #REF! | AA14: =IF(AND($D14="",Y14=""),"",IF($D14="",Y14,$D14+Y14)) -> #REF! | AC14: =IF($A14<>"(DC)", $E14*$AB$7, $E14) -> #REF! | AD14: =IF($A14<>"(DC)", $F14*$AB$7, $F14) -> #REF! | AE14: =IF(AND($D14="",AC14=""),"",IF($D14="",AC14,$D14+AC14)) -> #REF! | AF14: =IF(AND($D14="",AD14=""),"",IF($D14="",AD14,$D14+AD14)) -> #REF! | AH14: =IF($A14<>"(DC)", $E14*$AG$7, $E14) -> #REF! | AI14: =IF($A14<>"(DC)", $F14*$AG$7, $F14) -> #REF! | AJ14: =IF(AND($D14="",AH14=""),"",IF($D14="",AH14,$D14+AH14)) -> #REF! | AK14: =IF(AND($D14="",AI14=""),"",IF($D14="",AI14,$D14+AI14)) -> #REF!
A15: F | B15: FAI6-2 | C15: 1.5 | D15: 0.5 | E15: 0.01 | F15: -0.01 | G15: =IF(AND(D15="",E15=""),"",IF(D15="",E15,D15+E15)) -> 0.51 | H15: =IF(AND(D15="",F15=""),"",IF(D15="",F15,D15+F15)) -> 0.49 | S15: =IF($A15<>"(DC)", $E15*$R$7, $E15) -> 0 | T15: =IF($A15<>"(DC)", $F15*$R$7, $F15) -> 0 | U15: =IF(AND($D15="",S15=""),"",IF($D15="",S15,$D15+S15)) -> 0.5 | V15: =IF(AND($D15="",T15=""),"",IF($D15="",T15,$D15+T15)) -> 0.5 | X15: =IF($A15<>"(DC)", $E15*$W$7, $E15) -> #REF! | Y15: =IF($A15<>"(DC)", $F15*$W$7, $F15) -> #REF! | Z15: =IF(AND($D15="",X15=""),"",IF($D15="",X15,$D15+X15)) -> #REF! | AA15: =IF(AND($D15="",Y15=""),"",IF($D15="",Y15,$D15+Y15)) -> #REF! | AC15: =IF($A15<>"(DC)", $E15*$AB$7, $E15) -> #REF! | AD15: =IF($A15<>"(DC)", $F15*$AB$7, $F15) -> #REF! | AE15: =IF(AND($D15="",AC15=""),"",IF($D15="",AC15,$D15+AC15)) -> #REF! | AF15: =IF(AND($D15="",AD15=""),"",IF($D15="",AD15,$D15+AD15)) -> #REF! | AH15: =IF($A15<>"(DC)", $E15*$AG$7, $E15) -> #REF! | AI15: =IF($A15<>"(DC)", $F15*$AG$7, $F15) -> #REF! | AJ15: =IF(AND($D15="",AH15=""),"",IF($D15="",AH15,$D15+AH15)) -> #REF! | AK15: =IF(AND($D15="",AI15=""),"",IF($D15="",AI15,$D15+AI15)) -> #REF!
A16: F | B16: FAI6-3 | C16: 1.5 | D16: 0.5 | E16: 0.01 | F16: -0.01 | G16: =IF(AND(D16="",E16=""),"",IF(D16="",E16,D16+E16)) -> 0.51 | H16: =IF(AND(D16="",F16=""),"",IF(D16="",F16,D16+F16)) -> 0.49 | S16: =IF($A16<>"(DC)", $E16*$R$7, $E16) -> 0 | T16: =IF($A16<>"(DC)", $F16*$R$7, $F16) -> 0 | U16: =IF(AND($D16="",S16=""),"",IF($D16="",S16,$D16+S16)) -> 0.5 | V16: =IF(AND($D16="",T16=""),"",IF($D16="",T16,$D16+T16)) -> 0.5 | X16: =IF($A16<>"(DC)", $E16*$W$7, $E16) -> #REF! | Y16: =IF($A16<>"(DC)", $F16*$W$7, $F16) -> #REF! | Z16: =IF(AND($D16="",X16=""),"",IF($D16="",X16,$D16+X16)) -> #REF! | AA16: =IF(AND($D16="",Y16=""),"",IF($D16="",Y16,$D16+Y16)) -> #REF! | AC16: =IF($A16<>"(DC)", $E16*$AB$7, $E16) -> #REF! | AD16: =IF($A16<>"(DC)", $F16*$AB$7, $F16) -> #REF! | AE16: =IF(AND($D16="",AC16=""),"",IF($D16="",AC16,$D16+AC16)) -> #REF! | AF16: =IF(AND($D16="",AD16=""),"",IF($D16="",AD16,$D16+AD16)) -> #REF! | AH16: =IF($A16<>"(DC)", $E16*$AG$7, $E16) -> #REF! | AI16: =IF($A16<>"(DC)", $F16*$AG$7, $F16) -> #REF! | AJ16: =IF(AND($D16="",AH16=""),"",IF($D16="",AH16,$D16+AH16)) -> #REF! | AK16: =IF(AND($D16="",AI16=""),"",IF($D16="",AI16,$D16+AI16)) -> #REF!
A17: (DC) | B17: FAI6-1 | D17: 0.5 | E17: 0.01 | F17: -0.01 | G17: =IF(AND(D17="",E17=""),"",IF(D17="",E17,D17+E17)) -> 0.51 | H17: =IF(AND(D17="",F17=""),"",IF(D17="",F17,D17+F17)) -> 0.49 | S17: =IF($A17<>"(DC)", $E17*$R$7, $E17) -> 0.01 | T17: =IF($A17<>"(DC)", $F17*$R$7, $F17) -> -0.01 | U17: =IF(AND($D17="",S17=""),"",IF($D17="",S17,$D17+S17)) -> 0.51 | V17: =IF(AND($D17="",T17=""),"",IF($D17="",T17,$D17+T17)) -> 0.49 | X17: =IF($A17<>"(DC)", $E17*$W$7, $E17) -> 0.01 | Y17: =IF($A17<>"(DC)", $F17*$W$7, $F17) -> -0.01 | Z17: =IF(AND($D17="",X17=""),"",IF($D17="",X17,$D17+X17)) -> 0.51 | AA17: =IF(AND($D17="",Y17=""),"",IF($D17="",Y17,$D17+Y17)) -> 0.49 | AC17: =IF($A17<>"(DC)", $E17*$AB$7, $E17) -> 0.01 | AD17: =IF($A17<>"(DC)", $F17*$AB$7, $F17) -> -0.01 | AE17: =IF(AND($D17="",AC17=""),"",IF($D17="",AC17,$D17+AC17)) -> 0.51 | AF17: =IF(AND($D17="",AD17=""),"",IF($D17="",AD17,$D17+AD17)) -> 0.49 | AH17: =IF($A17<>"(DC)", $E17*$AG$7, $E17) -> 0.01 | AI17: =IF($A17<>"(DC)", $F17*$AG$7, $F17) -> -0.01 | AJ17: =IF(AND($D17="",AH17=""),"",IF($D17="",AH17,$D17+AH17)) -> 0.51 | AK17: =IF(AND($D17="",AI17=""),"",IF($D17="",AI17,$D17+AI17)) -> 0.49
A18: (DC) | B18: FAI6-2 | D18: 0.5 | E18: 0.01 | F18: -0.01 | G18: =IF(AND(D18="",E18=""),"",IF(D18="",E18,D18+E18)) -> 0.51 | H18: =IF(AND(D18="",F18=""),"",IF(D18="",F18,D18+F18)) -> 0.49 | S18: =IF($A18<>"(DC)", $E18*$R$7, $E18) -> 0.01 | T18: =IF($A18<>"(DC)", $F18*$R$7, $F18) -> -0.01 | U18: =IF(AND($D18="",S18=""),"",IF($D18="",S18,$D18+S18)) -> 0.51 | V18: =IF(AND($D18="",T18=""),"",IF($D18="",T18,$D18+T18)) -> 0.49 | X18: =IF($A18<>"(DC)", $E18*$W$7, $E18) -> 0.01 | Y18: =IF($A18<>"(DC)", $F18*$W$7, $F18) -> -0.01 | Z18: =IF(AND($D18="",X18=""),"",IF($D18="",X18,$D18+X18)) -> 0.51 | AA18: =IF(AND($D18="",Y18=""),"",IF($D18="",Y18,$D18+Y18)) -> 0.49 | AC18: =IF($A18<>"(DC)", $E18*$AB$7, $E18) -> 0.01 | AD18: =IF($A18<>"(DC)", $F18*$AB$7, $F18) -> -0.01 | AE18: =IF(AND($D18="",AC18=""),"",IF($D18="",AC18,$D18+AC18)) -> 0.51 | AF18: =IF(AND($D18="",AD18=""),"",IF($D18="",AD18,$D18+AD18)) -> 0.49 | AH18: =IF($A18<>"(DC)", $E18*$AG$7, $E18) -> 0.01 | AI18: =IF($A18<>"(DC)", $F18*$AG$7, $F18) -> -0.01 | AJ18: =IF(AND($D18="",AH18=""),"",IF($D18="",AH18,$D18+AH18)) -> 0.51 | AK18: =IF(AND($D18="",AI18=""),"",IF($D18="",AI18,$D18+AI18)) -> 0.49
A19: (DC) | B19: FAI6-3 | D19: 0.5 | E19: 0.01 | F19: -0.01 | G19: =IF(AND(D19="",E19=""),"",IF(D19="",E19,D19+E19)) -> 0.51 | H19: =IF(AND(D19="",F19=""),"",IF(D19="",F19,D19+F19)) -> 0.49 | S19: =IF($A19<>"(DC)", $E19*$R$7, $E19) -> 0.01 | T19: =IF($A19<>"(DC)", $F19*$R$7, $F19) -> -0.01 | U19: =IF(AND($D19="",S19=""),"",IF($D19="",S19,$D19+S19)) -> 0.51 | V19: =IF(AND($D19="",T19=""),"",IF($D19="",T19,$D19+T19)) -> 0.49 | X19: =IF($A19<>"(DC)", $E19*$W$7, $E19) -> 0.01 | Y19: =IF($A19<>"(DC)", $F19*$W$7, $F19) -> -0.01 | Z19: =IF(AND($D19="",X19=""),"",IF($D19="",X19,$D19+X19)) -> 0.51 | AA19: =IF(AND($D19="",Y19=""),"",IF($D19="",Y19,$D19+Y19)) -> 0.49 | AC19: =IF($A19<>"(DC)", $E19*$AB$7, $E19) -> 0.01 | AD19: =IF($A19<>"(DC)", $F19*$AB$7, $F19) -> -0.01 | AE19: =IF(AND($D19="",AC19=""),"",IF($D19="",AC19,$D19+AC19)) -> 0.51 | AF19: =IF(AND($D19="",AD19=""),"",IF($D19="",AD19,$D19+AD19)) -> 0.49 | AH19: =IF($A19<>"(DC)", $E19*$AG$7, $E19) -> 0.01 | AI19: =IF($A19<>"(DC)", $F19*$AG$7, $F19) -> -0.01 | AJ19: =IF(AND($D19="",AH19=""),"",IF($D19="",AH19,$D19+AH19)) -> 0.51 | AK19: =IF(AND($D19="",AI19=""),"",IF($D19="",AI19,$D19+AI19)) -> 0.49
A20: H | B20: FAI8 | C20: 1.5 | E20: 0.03 | G20: =IF(AND(D20="",E20=""),"",IF(D20="",E20,D20+E20)) -> 0.03 | H20: =IF(AND(D20="",F20=""),"",IF(D20="",F20,D20+F20)) | S20: =IF($A20<>"(DC)", $E20*$R$7, $E20) -> 0 | T20: =IF($A20<>"(DC)", $F20*$R$7, $F20) -> 0 | U20: =IF(AND($D20="",S20=""),"",IF($D20="",S20,$D20+S20)) -> 0 | V20: =IF(AND($D20="",T20=""),"",IF($D20="",T20,$D20+T20)) -> 0 | X20: =IF($A20<>"(DC)", $E20*$W$7, $E20) -> #REF! | Y20: =IF($A20<>"(DC)", $F20*$W$7, $F20) -> #REF! | Z20: =IF(AND($D20="",X20=""),"",IF($D20="",X20,$D20+X20)) -> #REF! | AA20: =IF(AND($D20="",Y20=""),"",IF($D20="",Y20,$D20+Y20)) -> #REF! | AC20: =IF($A20<>"(DC)", $E20*$AB$7, $E20) -> #REF! | AD20: =IF($A20<>"(DC)", $F20*$AB$7, $F20) -> #REF! | AE20: =IF(AND($D20="",AC20=""),"",IF($D20="",AC20,$D20+AC20)) -> #REF! | AF20: =IF(AND($D20="",AD20=""),"",IF($D20="",AD20,$D20+AD20)) -> #REF! | AH20: =IF($A20<>"(DC)", $E20*$AG$7, $E20) -> #REF! | AI20: =IF($A20<>"(DC)", $F20*$AG$7, $F20) -> #REF! | AJ20: =IF(AND($D20="",AH20=""),"",IF($D20="",AH20,$D20+AH20)) -> #REF! | AK20: =IF(AND($D20="",AI20=""),"",IF($D20="",AI20,$D20+AI20)) -> #REF!
A21: (DC) | B21: FAI8 | E21: 0.03 | G21: =IF(AND(D21="",E21=""),"",IF(D21="",E21,D21+E21)) -> 0.03 | H21: =IF(AND(D21="",F21=""),"",IF(D21="",F21,D21+F21)) | S21: =IF($A21<>"(DC)", $E21*$R$7, $E21) -> 0.03 | T21: =IF($A21<>"(DC)", $F21*$R$7, $F21) -> 0 | U21: =IF(AND($D21="",S21=""),"",IF($D21="",S21,$D21+S21)) -> 0.03 | V21: =IF(AND($D21="",T21=""),"",IF($D21="",T21,$D21+T21)) -> 0 | X21: =IF($A21<>"(DC)", $E21*$W$7, $E21) -> 0.03 | Y21: =IF($A21<>"(DC)", $F21*$W$7, $F21) -> 0 | Z21: =IF(AND($D21="",X21=""),"",IF($D21="",X21,$D21+X21)) -> 0.03 | AA21: =IF(AND($D21="",Y21=""),"",IF($D21="",Y21,$D21+Y21)) -> 0 | AC21: =IF($A21<>"(DC)", $E21*$AB$7, $E21) -> 0.03 | AD21: =IF($A21<>"(DC)", $F21*$AB$7, $F21) -> 0 | AE21: =IF(AND($D21="",AC21=""),"",IF($D21="",AC21,$D21+AC21)) -> 0.03 | AF21: =IF(AND($D21="",AD21=""),"",IF($D21="",AD21,$D21+AD21)) -> 0 | AH21: =IF($A21<>"(DC)", $E21*$AG$7, $E21) -> 0.03 | AI21: =IF($A21<>"(DC)", $F21*$AG$7, $F21) -> 0 | AJ21: =IF(AND($D21="",AH21=""),"",IF($D21="",AH21,$D21+AH21)) -> 0.03 | AK21: =IF(AND($D21="",AI21=""),"",IF($D21="",AI21,$D21+AI21)) -> 0
S22: =IF($A22<>"(DC)", $E22*$R$7, $E22) -> 0 | T22: =IF($A22<>"(DC)", $F22*$R$7, $F22) -> 0 | U22: =IF(AND($D22="",S22=""),"",IF($D22="",S22,$D22+S22)) -> 0 | V22: =IF(AND($D22="",T22=""),"",IF($D22="",T22,$D22+T22)) -> 0 | X22: =IF($A22<>"(DC)", $E22*$W$7, $E22) -> #REF! | Y22: =IF($A22<>"(DC)", $F22*$W$7, $F22) -> #REF! | Z22: =IF(AND($D22="",X22=""),"",IF($D22="",X22,$D22+X22)) -> #REF! | AA22: =IF(AND($D22="",Y22=""),"",IF($D22="",Y22,$D22+Y22)) -> #REF! | AC22: =IF($A22<>"(DC)", $E22*$AB$7, $E22) -> #REF! | AD22: =IF($A22<>"(DC)", $F22*$AB$7, $F22) -> #REF! | AE22: =IF(AND($D22="",AC22=""),"",IF($D22="",AC22,$D22+AC22)) -> #REF! | AF22: =IF(AND($D22="",AD22=""),"",IF($D22="",AD22,$D22+AD22)) -> #REF! | AH22: =IF($A22<>"(DC)", $E22*$AG$7, $E22) -> #REF! | AI22: =IF($A22<>"(DC)", $F22*$AG$7, $F22) -> #REF! | AJ22: =IF(AND($D22="",AH22=""),"",IF($D22="",AH22,$D22+AH22)) -> #REF! | AK22: =IF(AND($D22="",AI22=""),"",IF($D22="",AI22,$D22+AI22)) -> #REF!
S23: =IF($A23<>"(DC)", $E23*$R$7, $E23) -> 0 | T23: =IF($A23<>"(DC)", $F23*$R$7, $F23) -> 0 | U23: =IF(AND($D23="",S23=""),"",IF($D23="",S23,$D23+S23)) -> 0 | V23: =IF(AND($D23="",T23=""),"",IF($D23="",T23,$D23+T23)) -> 0 | X23: =IF($A23<>"(DC)", $E23*$W$7, $E23) -> #REF! | Y23: =IF($A23<>"(DC)", $F23*$W$7, $F23) -> #REF! | Z23: =IF(AND($D23="",X23=""),"",IF($D23="",X23,$D23+X23)) -> #REF! | AA23: =IF(AND($D23="",Y23=""),"",IF($D23="",Y23,$D23+Y23)) -> #REF! | AC23: =IF($A23<>"(DC)", $E23*$AB$7, $E23) -> #REF! | AD23: =IF($A23<>"(DC)", $F23*$AB$7, $F23) -> #REF! | AE23: =IF(AND($D23="",AC23=""),"",IF($D23="",AC23,$D23+AC23)) -> #REF! | AF23: =IF(AND($D23="",AD23=""),"",IF($D23="",AD23,$D23+AD23)) -> #REF! | AH23: =IF($A23<>"(DC)", $E23*$AG$7, $E23) -> #REF! | AI23: =IF($A23<>"(DC)", $F23*$AG$7, $F23) -> #REF! | AJ23: =IF(AND($D23="",AH23=""),"",IF($D23="",AH23,$D23+AH23)) -> #REF! | AK23: =IF(AND($D23="",AI23=""),"",IF($D23="",AI23,$D23+AI23)) -> #REF!
A24: I | B24: FAI9 | C24: 1.5 | E24: 0.03 | G24: =IF(AND(D24="",E24=""),"",IF(D24="",E24,D24+E24)) -> 0.03 | H24: =IF(AND(D24="",F24=""),"",IF(D24="",F24,D24+F24)) | S24: =IF($A24<>"(DC)", $E24*$R$7, $E24) -> 0 | T24: =IF($A24<>"(DC)", $F24*$R$7, $F24) -> 0 | U24: =IF(AND($D24="",S24=""),"",IF($D24="",S24,$D24+S24)) -> 0 | V24: =IF(AND($D24="",T24=""),"",IF($D24="",T24,$D24+T24)) -> 0 | X24: =IF($A24<>"(DC)", $E24*$W$7, $E24) -> #REF! | Y24: =IF($A24<>"(DC)", $F24*$W$7, $F24) -> #REF! | Z24: =IF(AND($D24="",X24=""),"",IF($D24="",X24,$D24+X24)) -> #REF! | AA24: =IF(AND($D24="",Y24=""),"",IF($D24="",Y24,$D24+Y24)) -> #REF! | AC24: =IF($A24<>"(DC)", $E24*$AB$7, $E24) -> #REF! | AD24: =IF($A24<>"(DC)", $F24*$AB$7, $F24) -> #REF! | AE24: =IF(AND($D24="",AC24=""),"",IF($D24="",AC24,$D24+AC24)) -> #REF! | AF24: =IF(AND($D24="",AD24=""),"",IF($D24="",AD24,$D24+AD24)) -> #REF! | AH24: =IF($A24<>"(DC)", $E24*$AG$7, $E24) -> #REF! | AI24: =IF($A24<>"(DC)", $F24*$AG$7, $F24) -> #REF! | AJ24: =IF(AND($D24="",AH24=""),"",IF($D24="",AH24,$D24+AH24)) -> #REF! | AK24: =IF(AND($D24="",AI24=""),"",IF($D24="",AI24,$D24+AI24)) -> #REF!
A25: J | B25: FAI10-1 | C25: 1.33 | D25: 1.09 | E25: 0.015 | F25: -0.01 | G25: =IF(AND(D25="",E25=""),"",IF(D25="",E25,D25+E25)) -> 1.105 | H25: =IF(AND(D25="",F25=""),"",IF(D25="",F25,D25+F25)) -> 1.08 | S25: =IF($A25<>"(DC)", $E25*$R$7, $E25) -> 0 | T25: =IF($A25<>"(DC)", $F25*$R$7, $F25) -> 0 | U25: =IF(AND($D25="",S25=""),"",IF($D25="",S25,$D25+S25)) -> 1.09 | V25: =IF(AND($D25="",T25=""),"",IF($D25="",T25,$D25+T25)) -> 1.09 | X25: =IF($A25<>"(DC)", $E25*$W$7, $E25) -> #REF! | Y25: =IF($A25<>"(DC)", $F25*$W$7, $F25) -> #REF! | Z25: =IF(AND($D25="",X25=""),"",IF($D25="",X25,$D25+X25)) -> #REF! | AA25: =IF(AND($D25="",Y25=""),"",IF($D25="",Y25,$D25+Y25)) -> #REF! | AC25: =IF($A25<>"(DC)", $E25*$AB$7, $E25) -> #REF! | AD25: =IF($A25<>"(DC)", $F25*$AB$7, $F25) -> #REF! | AE25: =IF(AND($D25="",AC25=""),"",IF($D25="",AC25,$D25+AC25)) -> #REF! | AF25: =IF(AND($D25="",AD25=""),"",IF($D25="",AD25,$D25+AD25)) -> #REF! | AH25: =IF($A25<>"(DC)", $E25*$AG$7, $E25) -> #REF! | AI25: =IF($A25<>"(DC)", $F25*$AG$7, $F25) -> #REF! | AJ25: =IF(AND($D25="",AH25=""),"",IF($D25="",AH25,$D25+AH25)) -> #REF! | AK25: =IF(AND($D25="",AI25=""),"",IF($D25="",AI25,$D25+AI25)) -> #REF!
S26: =IF($A26<>"(DC)", $E26*$R$7, $E26) -> 0 | T26: =IF($A26<>"(DC)", $F26*$R$7, $F26) -> 0 | U26: =IF(AND($D26="",S26=""),"",IF($D26="",S26,$D26+S26)) -> 0 | V26: =IF(AND($D26="",T26=""),"",IF($D26="",T26,$D26+T26)) -> 0 | X26: =IF($A26<>"(DC)", $E26*$W$7, $E26) -> #REF! | Y26: =IF($A26<>"(DC)", $F26*$W$7, $F26) -> #REF! | Z26: =IF(AND($D26="",X26=""),"",IF($D26="",X26,$D26+X26)) -> #REF! | AA26: =IF(AND($D26="",Y26=""),"",IF($D26="",Y26,$D26+Y26)) -> #REF! | AC26: =IF($A26<>"(DC)", $E26*$AB$7, $E26) -> #REF! | AD26: =IF($A26<>"(DC)", $F26*$AB$7, $F26) -> #REF! | AE26: =IF(AND($D26="",AC26=""),"",IF($D26="",AC26,$D26+AC26)) -> #REF! | AF26: =IF(AND($D26="",AD26=""),"",IF($D26="",AD26,$D26+AD26)) -> #REF! | AH26: =IF($A26<>"(DC)", $E26*$AG$7, $E26) -> #REF! | AI26: =IF($A26<>"(DC)", $F26*$AG$7, $F26) -> #REF! | AJ26: =IF(AND($D26="",AH26=""),"",IF($D26="",AH26,$D26+AH26)) -> #REF! | AK26: =IF(AND($D26="",AI26=""),"",IF($D26="",AI26,$D26+AI26)) -> #REF!
S27: =IF($A27<>"(DC)", $E27*$R$7, $E27) -> 0 | T27: =IF($A27<>"(DC)", $F27*$R$7, $F27) -> 0 | U27: =IF(AND($D27="",S27=""),"",IF($D27="",S27,$D27+S27)) -> 0 | V27: =IF(AND($D27="",T27=""),"",IF($D27="",T27,$D27+T27)) -> 0 | X27: =IF($A27<>"(DC)", $E27*$W$7, $E27) -> #REF! | Y27: =IF($A27<>"(DC)", $F27*$W$7, $F27) -> #REF! | Z27: =IF(AND($D27="",X27=""),"",IF($D27="",X27,$D27+X27)) -> #REF! | AA27: =IF(AND($D27="",Y27=""),"",IF($D27="",Y27,$D27+Y27)) -> #REF! | AC27: =IF($A27<>"(DC)", $E27*$AB$7, $E27) -> #REF! | AD27: =IF($A27<>"(DC)", $F27*$AB$7, $F27) -> #REF! | AE27: =IF(AND($D27="",AC27=""),"",IF($D27="",AC27,$D27+AC27)) -> #REF! | AF27: =IF(AND($D27="",AD27=""),"",IF($D27="",AD27,$D27+AD27)) -> #REF! | AH27: =IF($A27<>"(DC)", $E27*$AG$7, $E27) -> #REF! | AI27: =IF($A27<>"(DC)", $F27*$AG$7, $F27) -> #REF! | AJ27: =IF(AND($D27="",AH27=""),"",IF($D27="",AH27,$D27+AH27)) -> #REF! | AK27: =IF(AND($D27="",AI27=""),"",IF($D27="",AI27,$D27+AI27)) -> #REF!
A28: J | B28: FAI10-2 | C28: 1.33 | D28: 1.09 | E28: 0.015 | F28: -0.01 | G28: =IF(AND(D28="",E28=""),"",IF(D28="",E28,D28+E28)) -> 1.105 | H28: =IF(AND(D28="",F28=""),"",IF(D28="",F28,D28+F28)) -> 1.08 | S28: =IF($A28<>"(DC)", $E28*$R$7, $E28) -> 0 | T28: =IF($A28<>"(DC)", $F28*$R$7, $F28) -> 0 | U28: =IF(AND($D28="",S28=""),"",IF($D28="",S28,$D28+S28)) -> 1.09 | V28: =IF(AND($D28="",T28=""),"",IF($D28="",T28,$D28+T28)) -> 1.09 | X28: =IF($A28<>"(DC)", $E28*$W$7, $E28) -> #REF! | Y28: =IF($A28<>"(DC)", $F28*$W$7, $F28) -> #REF! | Z28: =IF(AND($D28="",X28=""),"",IF($D28="",X28,$D28+X28)) -> #REF! | AA28: =IF(AND($D28="",Y28=""),"",IF($D28="",Y28,$D28+Y28)) -> #REF! | AC28: =IF($A28<>"(DC)", $E28*$AB$7, $E28) -> #REF! | AD28: =IF($A28<>"(DC)", $F28*$AB$7, $F28) -> #REF! | AE28: =IF(AND($D28="",AC28=""),"",IF($D28="",AC28,$D28+AC28)) -> #REF! | AF28: =IF(AND($D28="",AD28=""),"",IF($D28="",AD28,$D28+AD28)) -> #REF! | AH28: =IF($A28<>"(DC)", $E28*$AG$7, $E28) -> #REF! | AI28: =IF($A28<>"(DC)", $F28*$AG$7, $F28) -> #REF! | AJ28: =IF(AND($D28="",AH28=""),"",IF($D28="",AH28,$D28+AH28)) -> #REF! | AK28: =IF(AND($D28="",AI28=""),"",IF($D28="",AI28,$D28+AI28)) -> #REF!
S29: =IF($A29<>"(DC)", $E29*$R$7, $E29) -> 0 | T29: =IF($A29<>"(DC)", $F29*$R$7, $F29) -> 0 | U29: =IF(AND($D29="",S29=""),"",IF($D29="",S29,$D29+S29)) -> 0 | V29: =IF(AND($D29="",T29=""),"",IF($D29="",T29,$D29+T29)) -> 0 | X29: =IF($A29<>"(DC)", $E29*$W$7, $E29) -> #REF! | Y29: =IF($A29<>"(DC)", $F29*$W$7, $F29) -> #REF! | Z29: =IF(AND($D29="",X29=""),"",IF($D29="",X29,$D29+X29)) -> #REF! | AA29: =IF(AND($D29="",Y29=""),"",IF($D29="",Y29,$D29+Y29)) -> #REF! | AC29: =IF($A29<>"(DC)", $E29*$AB$7, $E29) -> #REF! | AD29: =IF($A29<>"(DC)", $F29*$AB$7, $F29) -> #REF! | AE29: =IF(AND($D29="",AC29=""),"",IF($D29="",AC29,$D29+AC29)) -> #REF! | AF29: =IF(AND($D29="",AD29=""),"",IF($D29="",AD29,$D29+AD29)) -> #REF! | AH29: =IF($A29<>"(DC)", $E29*$AG$7, $E29) -> #REF! | AI29: =IF($A29<>"(DC)", $F29*$AG$7, $F29) -> #REF! | AJ29: =IF(AND($D29="",AH29=""),"",IF($D29="",AH29,$D29+AH29)) -> #REF! | AK29: =IF(AND($D29="",AI29=""),"",IF($D29="",AI29,$D29+AI29)) -> #REF!
S30: =IF($A30<>"(DC)", $E30*$R$7, $E30) -> 0 | T30: =IF($A30<>"(DC)", $F30*$R$7, $F30) -> 0 | U30: =IF(AND($D30="",S30=""),"",IF($D30="",S30,$D30+S30)) -> 0 | V30: =IF(AND($D30="",T30=""),"",IF($D30="",T30,$D30+T30)) -> 0 | X30: =IF($A30<>"(DC)", $E30*$W$7, $E30) -> #REF! | Y30: =IF($A30<>"(DC)", $F30*$W$7, $F30) -> #REF! | Z30: =IF(AND($D30="",X30=""),"",IF($D30="",X30,$D30+X30)) -> #REF! | AA30: =IF(AND($D30="",Y30=""),"",IF($D30="",Y30,$D30+Y30)) -> #REF! | AC30: =IF($A30<>"(DC)", $E30*$AB$7, $E30) -> #REF! | AD30: =IF($A30<>"(DC)", $F30*$AB$7, $F30) -> #REF! | AE30: =IF(AND($D30="",AC30=""),"",IF($D30="",AC30,$D30+AC30)) -> #REF! | AF30: =IF(AND($D30="",AD30=""),"",IF($D30="",AD30,$D30+AD30)) -> #REF! | AH30: =IF($A30<>"(DC)", $E30*$AG$7, $E30) -> #REF! | AI30: =IF($A30<>"(DC)", $F30*$AG$7, $F30) -> #REF! | AJ30: =IF(AND($D30="",AH30=""),"",IF($D30="",AH30,$D30+AH30)) -> #REF! | AK30: =IF(AND($D30="",AI30=""),"",IF($D30="",AI30,$D30+AI30)) -> #REF!
A31: J | B31: FAI10-3 | C31: 1.33 | D31: 1.09 | E31: 0.015 | F31: -0.01 | G31: =IF(AND(D31="",E31=""),"",IF(D31="",E31,D31+E31)) -> 1.105 | H31: =IF(AND(D31="",F31=""),"",IF(D31="",F31,D31+F31)) -> 1.08 | S31: =IF($A31<>"(DC)", $E31*$R$7, $E31) -> 0 | T31: =IF($A31<>"(DC)", $F31*$R$7, $F31) -> 0 | U31: =IF(AND($D31="",S31=""),"",IF($D31="",S31,$D31+S31)) -> 1.09 | V31: =IF(AND($D31="",T31=""),"",IF($D31="",T31,$D31+T31)) -> 1.09 | X31: =IF($A31<>"(DC)", $E31*$W$7, $E31) -> #REF! | Y31: =IF($A31<>"(DC)", $F31*$W$7, $F31) -> #REF! | Z31: =IF(AND($D31="",X31=""),"",IF($D31="",X31,$D31+X31)) -> #REF! | AA31: =IF(AND($D31="",Y31=""),"",IF($D31="",Y31,$D31+Y31)) -> #REF! | AC31: =IF($A31<>"(DC)", $E31*$AB$7, $E31) -> #REF! | AD31: =IF($A31<>"(DC)", $F31*$AB$7, $F31) -> #REF! | AE31: =IF(AND($D31="",AC31=""),"",IF($D31="",AC31,$D31+AC31)) -> #REF! | AF31: =IF(AND($D31="",AD31=""),"",IF($D31="",AD31,$D31+AD31)) -> #REF! | AH31: =IF($A31<>"(DC)", $E31*$AG$7, $E31) -> #REF! | AI31: =IF($A31<>"(DC)", $F31*$AG$7, $F31) -> #REF! | AJ31: =IF(AND($D31="",AH31=""),"",IF($D31="",AH31,$D31+AH31)) -> #REF! | AK31: =IF(AND($D31="",AI31=""),"",IF($D31="",AI31,$D31+AI31)) -> #REF!
S32: =IF($A32<>"(DC)", $E32*$R$7, $E32) -> 0 | T32: =IF($A32<>"(DC)", $F32*$R$7, $F32) -> 0 | U32: =IF(AND($D32="",S32=""),"",IF($D32="",S32,$D32+S32)) -> 0 | V32: =IF(AND($D32="",T32=""),"",IF($D32="",T32,$D32+T32)) -> 0 | X32: =IF($A32<>"(DC)", $E32*$W$7, $E32) -> #REF! | Y32: =IF($A32<>"(DC)", $F32*$W$7, $F32) -> #REF! | Z32: =IF(AND($D32="",X32=""),"",IF($D32="",X32,$D32+X32)) -> #REF! | AA32: =IF(AND($D32="",Y32=""),"",IF($D32="",Y32,$D32+Y32)) -> #REF! | AC32: =IF($A32<>"(DC)", $E32*$AB$7, $E32) -> #REF! | AD32: =IF($A32<>"(DC)", $F32*$AB$7, $F32) -> #REF! | AE32: =IF(AND($D32="",AC32=""),"",IF($D32="",AC32,$D32+AC32)) -> #REF! | AF32: =IF(AND($D32="",AD32=""),"",IF($D32="",AD32,$D32+AD32)) -> #REF! | AH32: =IF($A32<>"(DC)", $E32*$AG$7, $E32) -> #REF! | AI32: =IF($A32<>"(DC)", $F32*$AG$7, $F32) -> #REF! | AJ32: =IF(AND($D32="",AH32=""),"",IF($D32="",AH32,$D32+AH32)) -> #REF! | AK32: =IF(AND($D32="",AI32=""),"",IF($D32="",AI32,$D32+AI32)) -> #REF!
S33: =IF($A33<>"(DC)", $E33*$R$7, $E33) -> 0 | T33: =IF($A33<>"(DC)", $F33*$R$7, $F33) -> 0 | U33: =IF(AND($D33="",S33=""),"",IF($D33="",S33,$D33+S33)) -> 0 | V33: =IF(AND($D33="",T33=""),"",IF($D33="",T33,$D33+T33)) -> 0 | X33: =IF($A33<>"(DC)", $E33*$W$7, $E33) -> #REF! | Y33: =IF($A33<>"(DC)", $F33*$W$7, $F33) -> #REF! | Z33: =IF(AND($D33="",X33=""),"",IF($D33="",X33,$D33+X33)) -> #REF! | AA33: =IF(AND($D33="",Y33=""),"",IF($D33="",Y33,$D33+Y33)) -> #REF! | AC33: =IF($A33<>"(DC)", $E33*$AB$7, $E33) -> #REF! | AD33: =IF($A33<>"(DC)", $F33*$AB$7, $F33) -> #REF! | AE33: =IF(AND($D33="",AC33=""),"",IF($D33="",AC33,$D33+AC33)) -> #REF! | AF33: =IF(AND($D33="",AD33=""),"",IF($D33="",AD33,$D33+AD33)) -> #REF! | AH33: =IF($A33<>"(DC)", $E33*$AG$7, $E33) -> #REF! | AI33: =IF($A33<>"(DC)", $F33*$AG$7, $F33) -> #REF! | AJ33: =IF(AND($D33="",AH33=""),"",IF($D33="",AH33,$D33+AH33)) -> #REF! | AK33: =IF(AND($D33="",AI33=""),"",IF($D33="",AI33,$D33+AI33)) -> #REF!
S34: =IF($A34<>"(DC)", $E34*$R$7, $E34) -> 0 | T34: =IF($A34<>"(DC)", $F34*$R$7, $F34) -> 0 | U34: =IF(AND($D34="",S34=""),"",IF($D34="",S34,$D34+S34)) -> 0 | V34: =IF(AND($D34="",T34=""),"",IF($D34="",T34,$D34+T34)) -> 0 | X34: =IF($A34<>"(DC)", $E34*$W$7, $E34) -> #REF! | Y34: =IF($A34<>"(DC)", $F34*$W$7, $F34) -> #REF! | Z34: =IF(AND($D34="",X34=""),"",IF($D34="",X34,$D34+X34)) -> #REF! | AA34: =IF(AND($D34="",Y34=""),"",IF($D34="",Y34,$D34+Y34)) -> #REF! | AC34: =IF($A34<>"(DC)", $E34*$AB$7, $E34) -> #REF! | AD34: =IF($A34<>"(DC)", $F34*$AB$7, $F34) -> #REF! | AE34: =IF(AND($D34="",AC34=""),"",IF($D34="",AC34,$D34+AC34)) -> #REF! | AF34: =IF(AND($D34="",AD34=""),"",IF($D34="",AD34,$D34+AD34)) -> #REF! | AH34: =IF($A34<>"(DC)", $E34*$AG$7, $E34) -> #REF! | AI34: =IF($A34<>"(DC)", $F34*$AG$7, $F34) -> #REF! | AJ34: =IF(AND($D34="",AH34=""),"",IF($D34="",AH34,$D34+AH34)) -> #REF! | AK34: =IF(AND($D34="",AI34=""),"",IF($D34="",AI34,$D34+AI34)) -> #REF!
S35: =IF($A35<>"(DC)", $E35*$R$7, $E35) -> 0 | T35: =IF($A35<>"(DC)", $F35*$R$7, $F35) -> 0 | U35: =IF(AND($D35="",S35=""),"",IF($D35="",S35,$D35+S35)) -> 0 | V35: =IF(AND($D35="",T35=""),"",IF($D35="",T35,$D35+T35)) -> 0 | X35: =IF($A35<>"(DC)", $E35*$W$7, $E35) -> #REF! | Y35: =IF($A35<>"(DC)", $F35*$W$7, $F35) -> #REF! | Z35: =IF(AND($D35="",X35=""),"",IF($D35="",X35,$D35+X35)) -> #REF! | AA35: =IF(AND($D35="",Y35=""),"",IF($D35="",Y35,$D35+Y35)) -> #REF! | AC35: =IF($A35<>"(DC)", $E35*$AB$7, $E35) -> #REF! | AD35: =IF($A35<>"(DC)", $F35*$AB$7, $F35) -> #REF! | AE35: =IF(AND($D35="",AC35=""),"",IF($D35="",AC35,$D35+AC35)) -> #REF! | AF35: =IF(AND($D35="",AD35=""),"",IF($D35="",AD35,$D35+AD35)) -> #REF! | AH35: =IF($A35<>"(DC)", $E35*$AG$7, $E35) -> #REF! | AI35: =IF($A35<>"(DC)", $F35*$AG$7, $F35) -> #REF! | AJ35: =IF(AND($D35="",AH35=""),"",IF($D35="",AH35,$D35+AH35)) -> #REF! | AK35: =IF(AND($D35="",AI35=""),"",IF($D35="",AI35,$D35+AI35)) -> #REF!
S36: =IF($A36<>"(DC)", $E36*$R$7, $E36) -> 0 | T36: =IF($A36<>"(DC)", $F36*$R$7, $F36) -> 0 | U36: =IF(AND($D36="",S36=""),"",IF($D36="",S36,$D36+S36)) -> 0 | V36: =IF(AND($D36="",T36=""),"",IF($D36="",T36,$D36+T36)) -> 0 | X36: =IF($A36<>"(DC)", $E36*$W$7, $E36) -> #REF! | Y36: =IF($A36<>"(DC)", $F36*$W$7, $F36) -> #REF! | Z36: =IF(AND($D36="",X36=""),"",IF($D36="",X36,$D36+X36)) -> #REF! | AA36: =IF(AND($D36="",Y36=""),"",IF($D36="",Y36,$D36+Y36)) -> #REF! | AC36: =IF($A36<>"(DC)", $E36*$AB$7, $E36) -> #REF! | AD36: =IF($A36<>"(DC)", $F36*$AB$7, $F36) -> #REF! | AE36: =IF(AND($D36="",AC36=""),"",IF($D36="",AC36,$D36+AC36)) -> #REF! | AF36: =IF(AND($D36="",AD36=""),"",IF($D36="",AD36,$D36+AD36)) -> #REF! | AH36: =IF($A36<>"(DC)", $E36*$AG$7, $E36) -> #REF! | AI36: =IF($A36<>"(DC)", $F36*$AG$7, $F36) -> #REF! | AJ36: =IF(AND($D36="",AH36=""),"",IF($D36="",AH36,$D36+AH36)) -> #REF! | AK36: =IF(AND($D36="",AI36=""),"",IF($D36="",AI36,$D36+AI36)) -> #REF!
S37: =IF($A37<>"(DC)", $E37*$R$7, $E37) -> 0 | T37: =IF($A37<>"(DC)", $F37*$R$7, $F37) -> 0 | U37: =IF(AND($D37="",S37=""),"",IF($D37="",S37,$D37+S37)) -> 0 | V37: =IF(AND($D37="",T37=""),"",IF($D37="",T37,$D37+T37)) -> 0 | X37: =IF($A37<>"(DC)", $E37*$W$7, $E37) -> #REF! | Y37: =IF($A37<>"(DC)", $F37*$W$7, $F37) -> #REF! | Z37: =IF(AND($D37="",X37=""),"",IF($D37="",X37,$D37+X37)) -> #REF! | AA37: =IF(AND($D37="",Y37=""),"",IF($D37="",Y37,$D37+Y37)) -> #REF! | AC37: =IF($A37<>"(DC)", $E37*$AB$7, $E37) -> #REF! | AD37: =IF($A37<>"(DC)", $F37*$AB$7, $F37) -> #REF! | AE37: =IF(AND($D37="",AC37=""),"",IF($D37="",AC37,$D37+AC37)) -> #REF! | AF37: =IF(AND($D37="",AD37=""),"",IF($D37="",AD37,$D37+AD37)) -> #REF! | AH37: =IF($A37<>"(DC)", $E37*$AG$7, $E37) -> #REF! | AI37: =IF($A37<>"(DC)", $F37*$AG$7, $F37) -> #REF! | AJ37: =IF(AND($D37="",AH37=""),"",IF($D37="",AH37,$D37+AH37)) -> #REF! | AK37: =IF(AND($D37="",AI37=""),"",IF($D37="",AI37,$D37+AI37)) -> #REF!
S38: =IF($A38<>"(DC)", $E38*$R$7, $E38) -> 0 | T38: =IF($A38<>"(DC)", $F38*$R$7, $F38) -> 0 | U38: =IF(AND($D38="",S38=""),"",IF($D38="",S38,$D38+S38)) -> 0 | V38: =IF(AND($D38="",T38=""),"",IF($D38="",T38,$D38+T38)) -> 0 | X38: =IF($A38<>"(DC)", $E38*$W$7, $E38) -> #REF! | Y38: =IF($A38<>"(DC)", $F38*$W$7, $F38) -> #REF! | Z38: =IF(AND($D38="",X38=""),"",IF($D38="",X38,$D38+X38)) -> #REF! | AA38: =IF(AND($D38="",Y38=""),"",IF($D38="",Y38,$D38+Y38)) -> #REF! | AC38: =IF($A38<>"(DC)", $E38*$AB$7, $E38) -> #REF! | AD38: =IF($A38<>"(DC)", $F38*$AB$7, $F38) -> #REF! | AE38: =IF(AND($D38="",AC38=""),"",IF($D38="",AC38,$D38+AC38)) -> #REF! | AF38: =IF(AND($D38="",AD38=""),"",IF($D38="",AD38,$D38+AD38)) -> #REF! | AH38: =IF($A38<>"(DC)", $E38*$AG$7, $E38) -> #REF! | AI38: =IF($A38<>"(DC)", $F38*$AG$7, $F38) -> #REF! | AJ38: =IF(AND($D38="",AH38=""),"",IF($D38="",AH38,$D38+AH38)) -> #REF! | AK38: =IF(AND($D38="",AI38=""),"",IF($D38="",AI38,$D38+AI38)) -> #REF!
S39: =IF($A39<>"(DC)", $E39*$R$7, $E39) -> 0 | T39: =IF($A39<>"(DC)", $F39*$R$7, $F39) -> 0 | U39: =IF(AND($D39="",S39=""),"",IF($D39="",S39,$D39+S39)) -> 0 | V39: =IF(AND($D39="",T39=""),"",IF($D39="",T39,$D39+T39)) -> 0 | X39: =IF($A39<>"(DC)", $E39*$W$7, $E39) -> #REF! | Y39: =IF($A39<>"(DC)", $F39*$W$7, $F39) -> #REF! | Z39: =IF(AND($D39="",X39=""),"",IF($D39="",X39,$D39+X39)) -> #REF! | AA39: =IF(AND($D39="",Y39=""),"",IF($D39="",Y39,$D39+Y39)) -> #REF! | AC39: =IF($A39<>"(DC)", $E39*$AB$7, $E39) -> #REF! | AD39: =IF($A39<>"(DC)", $F39*$AB$7, $F39) -> #REF! | AE39: =IF(AND($D39="",AC39=""),"",IF($D39="",AC39,$D39+AC39)) -> #REF! | AF39: =IF(AND($D39="",AD39=""),"",IF($D39="",AD39,$D39+AD39)) -> #REF! | AH39: =IF($A39<>"(DC)", $E39*$AG$7, $E39) -> #REF! | AI39: =IF($A39<>"(DC)", $F39*$AG$7, $F39) -> #REF! | AJ39: =IF(AND($D39="",AH39=""),"",IF($D39="",AH39,$D39+AH39)) -> #REF! | AK39: =IF(AND($D39="",AI39=""),"",IF($D39="",AI39,$D39+AI39)) -> #REF!
S40: =IF($A40<>"(DC)", $E40*$R$7, $E40) -> 0 | T40: =IF($A40<>"(DC)", $F40*$R$7, $F40) -> 0 | U40: =IF(AND($D40="",S40=""),"",IF($D40="",S40,$D40+S40)) -> 0 | V40: =IF(AND($D40="",T40=""),"",IF($D40="",T40,$D40+T40)) -> 0 | X40: =IF($A40<>"(DC)", $E40*$W$7, $E40) -> #REF! | Y40: =IF($A40<>"(DC)", $F40*$W$7, $F40) -> #REF! | Z40: =IF(AND($D40="",X40=""),"",IF($D40="",X40,$D40+X40)) -> #REF! | AA40: =IF(AND($D40="",Y40=""),"",IF($D40="",Y40,$D40+Y40)) -> #REF! | AC40: =IF($A40<>"(DC)", $E40*$AB$7, $E40) -> #REF! | AD40: =IF($A40<>"(DC)", $F40*$AB$7, $F40) -> #REF! | AE40: =IF(AND($D40="",AC40=""),"",IF($D40="",AC40,$D40+AC40)) -> #REF! | AF40: =IF(AND($D40="",AD40=""),"",IF($D40="",AD40,$D40+AD40)) -> #REF! | AH40: =IF($A40<>"(DC)", $E40*$AG$7, $E40) -> #REF! | AI40: =IF($A40<>"(DC)", $F40*$AG$7, $F40) -> #REF! | AJ40: =IF(AND($D40="",AH40=""),"",IF($D40="",AH40,$D40+AH40)) -> #REF! | AK40: =IF(AND($D40="",AI40=""),"",IF($D40="",AI40,$D40+AI40)) -> #REF!
S41: =IF($A41<>"(DC)", $E41*$R$7, $E41) -> 0 | T41: =IF($A41<>"(DC)", $F41*$R$7, $F41) -> 0 | U41: =IF(AND($D41="",S41=""),"",IF($D41="",S41,$D41+S41)) -> 0 | V41: =IF(AND($D41="",T41=""),"",IF($D41="",T41,$D41+T41)) -> 0 | X41: =IF($A41<>"(DC)", $E41*$W$7, $E41) -> #REF! | Y41: =IF($A41<>"(DC)", $F41*$W$7, $F41) -> #REF! | Z41: =IF(AND($D41="",X41=""),"",IF($D41="",X41,$D41+X41)) -> #REF! | AA41: =IF(AND($D41="",Y41=""),"",IF($D41="",Y41,$D41+Y41)) -> #REF! | AC41: =IF($A41<>"(DC)", $E41*$AB$7, $E41) -> #REF! | AD41: =IF($A41<>"(DC)", $F41*$AB$7, $F41) -> #REF! | AE41: =IF(AND($D41="",AC41=""),"",IF($D41="",AC41,$D41+AC41)) -> #REF! | AF41: =IF(AND($D41="",AD41=""),"",IF($D41="",AD41,$D41+AD41)) -> #REF! | AH41: =IF($A41<>"(DC)", $E41*$AG$7, $E41) -> #REF! | AI41: =IF($A41<>"(DC)", $F41*$AG$7, $F41) -> #REF! | AJ41: =IF(AND($D41="",AH41=""),"",IF($D41="",AH41,$D41+AH41)) -> #REF! | AK41: =IF(AND($D41="",AI41=""),"",IF($D41="",AI41,$D41+AI41)) -> #REF!
S42: =IF($A42<>"(DC)", $E42*$R$7, $E42) -> 0 | T42: =IF($A42<>"(DC)", $F42*$R$7, $F42) -> 0 | U42: =IF(AND($D42="",S42=""),"",IF($D42="",S42,$D42+S42)) -> 0 | V42: =IF(AND($D42="",T42=""),"",IF($D42="",T42,$D42+T42)) -> 0 | X42: =IF($A42<>"(DC)", $E42*$W$7, $E42) -> #REF! | Y42: =IF($A42<>"(DC)", $F42*$W$7, $F42) -> #REF! | Z42: =IF(AND($D42="",X42=""),"",IF($D42="",X42,$D42+X42)) -> #REF! | AA42: =IF(AND($D42="",Y42=""),"",IF($D42="",Y42,$D42+Y42)) -> #REF! | AC42: =IF($A42<>"(DC)", $E42*$AB$7, $E42) -> #REF! | AD42: =IF($A42<>"(DC)", $F42*$AB$7, $F42) -> #REF! | AE42: =IF(AND($D42="",AC42=""),"",IF($D42="",AC42,$D42+AC42)) -> #REF! | AF42: =IF(AND($D42="",AD42=""),"",IF($D42="",AD42,$D42+AD42)) -> #REF! | AH42: =IF($A42<>"(DC)", $E42*$AG$7, $E42) -> #REF! | AI42: =IF($A42<>"(DC)", $F42*$AG$7, $F42) -> #REF! | AJ42: =IF(AND($D42="",AH42=""),"",IF($D42="",AH42,$D42+AH42)) -> #REF! | AK42: =IF(AND($D42="",AI42=""),"",IF($D42="",AI42,$D42+AI42)) -> #REF!
S43: =IF($A43<>"(DC)", $E43*$R$7, $E43) -> 0 | T43: =IF($A43<>"(DC)", $F43*$R$7, $F43) -> 0 | U43: =IF(AND($D43="",S43=""),"",IF($D43="",S43,$D43+S43)) -> 0 | V43: =IF(AND($D43="",T43=""),"",IF($D43="",T43,$D43+T43)) -> 0 | X43: =IF($A43<>"(DC)", $E43*$W$7, $E43) -> #REF! | Y43: =IF($A43<>"(DC)", $F43*$W$7, $F43) -> #REF! | Z43: =IF(AND($D43="",X43=""),"",IF($D43="",X43,$D43+X43)) -> #REF! | AA43: =IF(AND($D43="",Y43=""),"",IF($D43="",Y43,$D43+Y43)) -> #REF! | AC43: =IF($A43<>"(DC)", $E43*$AB$7, $E43) -> #REF! | AD43: =IF($A43<>"(DC)", $F43*$AB$7, $F43) -> #REF! | AE43: =IF(AND($D43="",AC43=""),"",IF($D43="",AC43,$D43+AC43)) -> #REF! | AF43: =IF(AND($D43="",AD43=""),"",IF($D43="",AD43,$D43+AD43)) -> #REF! | AH43: =IF($A43<>"(DC)", $E43*$AG$7, $E43) -> #REF! | AI43: =IF($A43<>"(DC)", $F43*$AG$7, $F43) -> #REF! | AJ43: =IF(AND($D43="",AH43=""),"",IF($D43="",AH43,$D43+AH43)) -> #REF! | AK43: =IF(AND($D43="",AI43=""),"",IF($D43="",AI43,$D43+AI43)) -> #REF!
... S45: =IF($A45<>"(DC)", $E45*$R$7, $E45) -> 0 | T45: =IF($A45<>"(DC)", $F45*$R$7, $F45) -> 0 | U45: =IF(AND($D45="",S45=""),"",IF($D45="",S45,$D45+S45)) -> 0 | V45: =IF(AND($D45="",T45=""),"",IF($D45="",T45,$D45+T45)) -> 0 | X45: =IF($A45<>"(DC)", $E45*$W$7, $E45) -> #REF! | Y45: =IF($A45<>"(DC)", $F45*$W$7, $F45) -> #REF! | Z45: =IF(AND($D45="",X45=""),"",IF($D45="",X45,$D45+X45)) -> #REF! | AA45: =IF(AND($D45="",Y45=""),"",IF($D45="",Y45,$D45+Y45)) -> #REF! | AC45: =IF($A45<>"(DC)", $E45*$AB$7, $E45) -> #REF! | AD45: =IF($A45<>"(DC)", $F45*$AB$7, $F45) -> #REF! | AE45: =IF(AND($D45="",AC45=""),"",IF($D45="",AC45,$D45+AC45)) -> #REF! | AF45: =IF(AND($D45="",AD45=""),"",IF($D45="",AD45,$D45+AD45)) -> #REF! | AH45: =IF($A45<>"(DC)", $E45*$AG$7, $E45) -> #REF! | AI45: =IF($A45<>"(DC)", $F45*$AG$7, $F45) -> #REF! | AJ45: =IF(AND($D45="",AH45=""),"",IF($D45="",AH45,$D45+AH45)) -> #REF! | AK45: =IF(AND($D45="",AI45=""),"",IF($D45="",AI45,$D45+AI45)) -> #REF!
A46: W | B46: FAI23 | C46: 1.33 | D46: 1.852 | E46: 0.02 | F46: -0.02 | G46: =IF(AND(D46="",E46=""),"",IF(D46="",E46,D46+E46)) -> 1.872 | H46: =IF(AND(D46="",F46=""),"",IF(D46="",F46,D46+F46)) -> 1.832 | S46: =IF($A46<>"(DC)", $E46*$R$7, $E46) -> 0 | T46: =IF($A46<>"(DC)", $F46*$R$7, $F46) -> 0 | U46: =IF(AND($D46="",S46=""),"",IF($D46="",S46,$D46+S46)) -> 1.852 | V46: =IF(AND($D46="",T46=""),"",IF($D46="",T46,$D46+T46)) -> 1.852 | X46: =IF($A46<>"(DC)", $E46*$W$7, $E46) -> #REF! | Y46: =IF($A46<>"(DC)", $F46*$W$7, $F46) -> #REF! | Z46: =IF(AND($D46="",X46=""),"",IF($D46="",X46,$D46+X46)) -> #REF! | AA46: =IF(AND($D46="",Y46=""),"",IF($D46="",Y46,$D46+Y46)) -> #REF! | AC46: =IF($A46<>"(DC)", $E46*$AB$7, $E46) -> #REF! | AD46: =IF($A46<>"(DC)", $F46*$AB$7, $F46) -> #REF! | AE46: =IF(AND($D46="",AC46=""),"",IF($D46="",AC46,$D46+AC46)) -> #REF! | AF46: =IF(AND($D46="",AD46=""),"",IF($D46="",AD46,$D46+AD46)) -> #REF! | AH46: =IF($A46<>"(DC)", $E46*$AG$7, $E46) -> #REF! | AI46: =IF($A46<>"(DC)", $F46*$AG$7, $F46) -> #REF! | AJ46: =IF(AND($D46="",AH46=""),"",IF($D46="",AH46,$D46+AH46)) -> #REF! | AK46: =IF(AND($D46="",AI46=""),"",IF($D46="",AI46,$D46+AI46)) -> #REF!
A47: X | B47: h | C47: 1.33 | D47: 0.214 | E47: 0.02 | F47: -0.02 | G47: =IF(AND(D47="",E47=""),"",IF(D47="",E47,D47+E47)) -> 0.234 | H47: =IF(AND(D47="",F47=""),"",IF(D47="",F47,D47+F47)) -> 0.194 | S47: =IF($A47<>"(DC)", $E47*$R$7, $E47) -> 0 | T47: =IF($A47<>"(DC)", $F47*$R$7, $F47) -> 0 | U47: =IF(AND($D47="",S47=""),"",IF($D47="",S47,$D47+S47)) -> 0.214 | V47: =IF(AND($D47="",T47=""),"",IF($D47="",T47,$D47+T47)) -> 0.214 | X47: =IF($A47<>"(DC)", $E47*$W$7, $E47) -> #REF! | Y47: =IF($A47<>"(DC)", $F47*$W$7, $F47) -> #REF! | Z47: =IF(AND($D47="",X47=""),"",IF($D47="",X47,$D47+X47)) -> #REF! | AA47: =IF(AND($D47="",Y47=""),"",IF($D47="",Y47,$D47+Y47)) -> #REF! | AC47: =IF($A47<>"(DC)", $E47*$AB$7, $E47) -> #REF! | AD47: =IF($A47<>"(DC)", $F47*$AB$7, $F47) -> #REF! | AE47: =IF(AND($D47="",AC47=""),"",IF($D47="",AC47,$D47+AC47)) -> #REF! | AF47: =IF(AND($D47="",AD47=""),"",IF($D47="",AD47,$D47+AD47)) -> #REF! | AH47: =IF($A47<>"(DC)", $E47*$AG$7, $E47) -> #REF! | AI47: =IF($A47<>"(DC)", $F47*$AG$7, $F47) -> #REF! | AJ47: =IF(AND($D47="",AH47=""),"",IF($D47="",AH47,$D47+AH47)) -> #REF! | AK47: =IF(AND($D47="",AI47=""),"",IF($D47="",AI47,$D47+AI47)) -> #REF!
B48: FAI25A-1 | D48: 1.29 | E48: 0.03 | F48: -0.03 | G48: =IF(AND(D48="",E48=""),"",IF(D48="",E48,D48+E48)) -> 1.32 | H48: =IF(AND(D48="",F48=""),"",IF(D48="",F48,D48+F48)) -> 1.26 | S48: =IF($A48<>"(DC)", $E48*$R$7, $E48) -> 0 | T48: =IF($A48<>"(DC)", $F48*$R$7, $F48) -> 0 | U48: =IF(AND($D48="",S48=""),"",IF($D48="",S48,$D48+S48)) -> 1.29 | V48: =IF(AND($D48="",T48=""),"",IF($D48="",T48,$D48+T48)) -> 1.29 | X48: =IF($A48<>"(DC)", $E48*$W$7, $E48) -> #REF! | Y48: =IF($A48<>"(DC)", $F48*$W$7, $F48) -> #REF! | Z48: =IF(AND($D48="",X48=""),"",IF($D48="",X48,$D48+X48)) -> #REF! | AA48: =IF(AND($D48="",Y48=""),"",IF($D48="",Y48,$D48+Y48)) -> #REF! | AC48: =IF($A48<>"(DC)", $E48*$AB$7, $E48) -> #REF! | AD48: =IF($A48<>"(DC)", $F48*$AB$7, $F48) -> #REF! | AE48: =IF(AND($D48="",AC48=""),"",IF($D48="",AC48,$D48+AC48)) -> #REF! | AF48: =IF(AND($D48="",AD48=""),"",IF($D48="",AD48,$D48+AD48)) -> #REF! | AH48: =IF($A48<>"(DC)", $E48*$AG$7, $E48) -> #REF! | AI48: =IF($A48<>"(DC)", $F48*$AG$7, $F48) -> #REF! | AJ48: =IF(AND($D48="",AH48=""),"",IF($D48="",AH48,$D48+AH48)) -> #REF! | AK48: =IF(AND($D48="",AI48=""),"",IF($D48="",AI48,$D48+AI48)) -> #REF!
B49: FAI25A-2 | D49: 1.29 | E49: 0.03 | F49: -0.03 | G49: =IF(AND(D49="",E49=""),"",IF(D49="",E49,D49+E49)) -> 1.32 | H49: =IF(AND(D49="",F49=""),"",IF(D49="",F49,D49+F49)) -> 1.26 | S49: =IF($A49<>"(DC)", $E49*$R$7, $E49) -> 0 | T49: =IF($A49<>"(DC)", $F49*$R$7, $F49) -> 0 | U49: =IF(AND($D49="",S49=""),"",IF($D49="",S49,$D49+S49)) -> 1.29 | V49: =IF(AND($D49="",T49=""),"",IF($D49="",T49,$D49+T49)) -> 1.29 | X49: =IF($A49<>"(DC)", $E49*$W$7, $E49) -> #REF! | Y49: =IF($A49<>"(DC)", $F49*$W$7, $F49) -> #REF! | Z49: =IF(AND($D49="",X49=""),"",IF($D49="",X49,$D49+X49)) -> #REF! | AA49: =IF(AND($D49="",Y49=""),"",IF($D49="",Y49,$D49+Y49)) -> #REF! | AC49: =IF($A49<>"(DC)", $E49*$AB$7, $E49) -> #REF! | AD49: =IF($A49<>"(DC)", $F49*$AB$7, $F49) -> #REF! | AE49: =IF(AND($D49="",AC49=""),"",IF($D49="",AC49,$D49+AC49)) -> #REF! | AF49: =IF(AND($D49="",AD49=""),"",IF($D49="",AD49,$D49+AD49)) -> #REF! | AH49: =IF($A49<>"(DC)", $E49*$AG$7, $E49) -> #REF! | AI49: =IF($A49<>"(DC)", $F49*$AG$7, $F49) -> #REF! | AJ49: =IF(AND($D49="",AH49=""),"",IF($D49="",AH49,$D49+AH49)) -> #REF! | AK49: =IF(AND($D49="",AI49=""),"",IF($D49="",AI49,$D49+AI49)) -> #REF!
B50: FAI25A-3 | D50: 1.29 | E50: 0.03 | F50: -0.03 | G50: =IF(AND(D50="",E50=""),"",IF(D50="",E50,D50+E50)) -> 1.32 | H50: =IF(AND(D50="",F50=""),"",IF(D50="",F50,D50+F50)) -> 1.26 | S50: =IF($A50<>"(DC)", $E50*$R$7, $E50) -> 0 | T50: =IF($A50<>"(DC)", $F50*$R$7, $F50) -> 0 | U50: =IF(AND($D50="",S50=""),"",IF($D50="",S50,$D50+S50)) -> 1.29 | V50: =IF(AND($D50="",T50=""),"",IF($D50="",T50,$D50+T50)) -> 1.29 | X50: =IF($A50<>"(DC)", $E50*$W$7, $E50) -> #REF! | Y50: =IF($A50<>"(DC)", $F50*$W$7, $F50) -> #REF! | Z50: =IF(AND($D50="",X50=""),"",IF($D50="",X50,$D50+X50)) -> #REF! | AA50: =IF(AND($D50="",Y50=""),"",IF($D50="",Y50,$D50+Y50)) -> #REF! | AC50: =IF($A50<>"(DC)", $E50*$AB$7, $E50) -> #REF! | AD50: =IF($A50<>"(DC)", $F50*$AB$7, $F50) -> #REF! | AE50: =IF(AND($D50="",AC50=""),"",IF($D50="",AC50,$D50+AC50)) -> #REF! | AF50: =IF(AND($D50="",AD50=""),"",IF($D50="",AD50,$D50+AD50)) -> #REF! | AH50: =IF($A50<>"(DC)", $E50*$AG$7, $E50) -> #REF! | AI50: =IF($A50<>"(DC)", $F50*$AG$7, $F50) -> #REF! | AJ50: =IF(AND($D50="",AH50=""),"",IF($D50="",AH50,$D50+AH50)) -> #REF! | AK50: =IF(AND($D50="",AI50=""),"",IF($D50="",AI50,$D50+AI50)) -> #REF!
A51: (DC) | B51: FAI25B-1 | D51: 1.29 | E51: 0.03 | F51: -0.03 | G51: =IF(AND(D51="",E51=""),"",IF(D51="",E51,D51+E51)) -> 1.32 | H51: =IF(AND(D51="",F51=""),"",IF(D51="",F51,D51+F51)) -> 1.26 | S51: =IF($A51<>"(DC)", $E51*$R$7, $E51) -> 0.03 | T51: =IF($A51<>"(DC)", $F51*$R$7, $F51) -> -0.03 | U51: =IF(AND($D51="",S51=""),"",IF($D51="",S51,$D51+S51)) -> 1.32 | V51: =IF(AND($D51="",T51=""),"",IF($D51="",T51,$D51+T51)) -> 1.26 | X51: =IF($A51<>"(DC)", $E51*$W$7, $E51) -> 0.03 | Y51: =IF($A51<>"(DC)", $F51*$W$7, $F51) -> -0.03 | Z51: =IF(AND($D51="",X51=""),"",IF($D51="",X51,$D51+X51)) -> 1.32 | AA51: =IF(AND($D51="",Y51=""),"",IF($D51="",Y51,$D51+Y51)) -> 1.26 | AC51: =IF($A51<>"(DC)", $E51*$AB$7, $E51) -> 0.03 | AD51: =IF($A51<>"(DC)", $F51*$AB$7, $F51) -> -0.03 | AE51: =IF(AND($D51="",AC51=""),"",IF($D51="",AC51,$D51+AC51)) -> 1.32 | AF51: =IF(AND($D51="",AD51=""),"",IF($D51="",AD51,$D51+AD51)) -> 1.26 | AH51: =IF($A51<>"(DC)", $E51*$AG$7, $E51) -> 0.03 | AI51: =IF($A51<>"(DC)", $F51*$AG$7, $F51) -> -0.03 | AJ51: =IF(AND($D51="",AH51=""),"",IF($D51="",AH51,$D51+AH51)) -> 1.32 | AK51: =IF(AND($D51="",AI51=""),"",IF($D51="",AI51,$D51+AI51)) -> 1.26
A52: (DC) | B52: FAI25B-2 | D52: 1.29 | E52: 0.03 | F52: -0.03 | G52: =IF(AND(D52="",E52=""),"",IF(D52="",E52,D52+E52)) -> 1.32 | H52: =IF(AND(D52="",F52=""),"",IF(D52="",F52,D52+F52)) -> 1.26 | S52: =IF($A52<>"(DC)", $E52*$R$7, $E52) -> 0.03 | T52: =IF($A52<>"(DC)", $F52*$R$7, $F52) -> -0.03 | U52: =IF(AND($D52="",S52=""),"",IF($D52="",S52,$D52+S52)) -> 1.32 | V52: =IF(AND($D52="",T52=""),"",IF($D52="",T52,$D52+T52)) -> 1.26 | X52: =IF($A52<>"(DC)", $E52*$W$7, $E52) -> 0.03 | Y52: =IF($A52<>"(DC)", $F52*$W$7, $F52) -> -0.03 | Z52: =IF(AND($D52="",X52=""),"",IF($D52="",X52,$D52+X52)) -> 1.32 | AA52: =IF(AND($D52="",Y52=""),"",IF($D52="",Y52,$D52+Y52)) -> 1.26 | AC52: =IF($A52<>"(DC)", $E52*$AB$7, $E52) -> 0.03 | AD52: =IF($A52<>"(DC)", $F52*$AB$7, $F52) -> -0.03 | AE52: =IF(AND($D52="",AC52=""),"",IF($D52="",AC52,$D52+AC52)) -> 1.32 | AF52: =IF(AND($D52="",AD52=""),"",IF($D52="",AD52,$D52+AD52)) -> 1.26 | AH52: =IF($A52<>"(DC)", $E52*$AG$7, $E52) -> 0.03 | AI52: =IF($A52<>"(DC)", $F52*$AG$7, $F52) -> -0.03 | AJ52: =IF(AND($D52="",AH52=""),"",IF($D52="",AH52,$D52+AH52)) -> 1.32 | AK52: =IF(AND($D52="",AI52=""),"",IF($D52="",AI52,$D52+AI52)) -> 1.26
A53: (DC) | B53: FAI25B-3 | D53: 1.29 | E53: 0.03 | F53: -0.03 | G53: =IF(AND(D53="",E53=""),"",IF(D53="",E53,D53+E53)) -> 1.32 | H53: =IF(AND(D53="",F53=""),"",IF(D53="",F53,D53+F53)) -> 1.26 | S53: =IF($A53<>"(DC)", $E53*$R$7, $E53) -> 0.03 | T53: =IF($A53<>"(DC)", $F53*$R$7, $F53) -> -0.03 | U53: =IF(AND($D53="",S53=""),"",IF($D53="",S53,$D53+S53)) -> 1.32 | V53: =IF(AND($D53="",T53=""),"",IF($D53="",T53,$D53+T53)) -> 1.26 | X53: =IF($A53<>"(DC)", $E53*$W$7, $E53) -> 0.03 | Y53: =IF($A53<>"(DC)", $F53*$W$7, $F53) -> -0.03 | Z53: =IF(AND($D53="",X53=""),"",IF($D53="",X53,$D53+X53)) -> 1.32 | AA53: =IF(AND($D53="",Y53=""),"",IF($D53="",Y53,$D53+Y53)) -> 1.26 | AC53: =IF($A53<>"(DC)", $E53*$AB$7, $E53) -> 0.03 | AD53: =IF($A53<>"(DC)", $F53*$AB$7, $F53) -> -0.03 | AE53: =IF(AND($D53="",AC53=""),"",IF($D53="",AC53,$D53+AC53)) -> 1.32 | AF53: =IF(AND($D53="",AD53=""),"",IF($D53="",AD53,$D53+AD53)) -> 1.26 | AH53: =IF($A53<>"(DC)", $E53*$AG$7, $E53) -> 0.03 | AI53: =IF($A53<>"(DC)", $F53*$AG$7, $F53) -> -0.03 | AJ53: =IF(AND($D53="",AH53=""),"",IF($D53="",AH53,$D53+AH53)) -> 1.32 | AK53: =IF(AND($D53="",AI53=""),"",IF($D53="",AI53,$D53+AI53)) -> 1.26
B54: FAI26 | D54: 15.262 | E54: 0.03 | F54: -0.03 | G54: =IF(AND(D54="",E54=""),"",IF(D54="",E54,D54+E54)) -> 15.292 | H54: =IF(AND(D54="",F54=""),"",IF(D54="",F54,D54+F54)) -> 15.232 | S54: =IF($A54<>"(DC)", $E54*$R$7, $E54) -> 0 | T54: =IF($A54<>"(DC)", $F54*$R$7, $F54) -> 0 | U54: =IF(AND($D54="",S54=""),"",IF($D54="",S54,$D54+S54)) -> 15.262 | V54: =IF(AND($D54="",T54=""),"",IF($D54="",T54,$D54+T54)) -> 15.262 | X54: =IF($A54<>"(DC)", $E54*$W$7, $E54) -> #REF! | Y54: =IF($A54<>"(DC)", $F54*$W$7, $F54) -> #REF! | Z54: =IF(AND($D54="",X54=""),"",IF($D54="",X54,$D54+X54)) -> #REF! | AA54: =IF(AND($D54="",Y54=""),"",IF($D54="",Y54,$D54+Y54)) -> #REF! | AC54: =IF($A54<>"(DC)", $E54*$AB$7, $E54) -> #REF! | AD54: =IF($A54<>"(DC)", $F54*$AB$7, $F54) -> #REF! | AE54: =IF(AND($D54="",AC54=""),"",IF($D54="",AC54,$D54+AC54)) -> #REF! | AF54: =IF(AND($D54="",AD54=""),"",IF($D54="",AD54,$D54+AD54)) -> #REF! | AH54: =IF($A54<>"(DC)", $E54*$AG$7, $E54) -> #REF! | AI54: =IF($A54<>"(DC)", $F54*$AG$7, $F54) -> #REF! | AJ54: =IF(AND($D54="",AH54=""),"",IF($D54="",AH54,$D54+AH54)) -> #REF! | AK54: =IF(AND($D54="",AI54=""),"",IF($D54="",AI54,$D54+AI54)) -> #REF!
B55: FAI27 | D55: 12.839 | E55: 0.03 | F55: -0.03 | G55: =IF(AND(D55="",E55=""),"",IF(D55="",E55,D55+E55)) -> 12.869 | H55: =IF(AND(D55="",F55=""),"",IF(D55="",F55,D55+F55)) -> 12.809 | S55: =IF($A55<>"(DC)", $E55*$R$7, $E55) -> 0 | T55: =IF($A55<>"(DC)", $F55*$R$7, $F55) -> 0 | U55: =IF(AND($D55="",S55=""),"",IF($D55="",S55,$D55+S55)) -> 12.839 | V55: =IF(AND($D55="",T55=""),"",IF($D55="",T55,$D55+T55)) -> 12.839 | X55: =IF($A55<>"(DC)", $E55*$W$7, $E55) -> #REF! | Y55: =IF($A55<>"(DC)", $F55*$W$7, $F55) -> #REF! | Z55: =IF(AND($D55="",X55=""),"",IF($D55="",X55,$D55+X55)) -> #REF! | AA55: =IF(AND($D55="",Y55=""),"",IF($D55="",Y55,$D55+Y55)) -> #REF! | AC55: =IF($A55<>"(DC)", $E55*$AB$7, $E55) -> #REF! | AD55: =IF($A55<>"(DC)", $F55*$AB$7, $F55) -> #REF! | AE55: =IF(AND($D55="",AC55=""),"",IF($D55="",AC55,$D55+AC55)) -> #REF! | AF55: =IF(AND($D55="",AD55=""),"",IF($D55="",AD55,$D55+AD55)) -> #REF! | AH55: =IF($A55<>"(DC)", $E55*$AG$7, $E55) -> #REF! | AI55: =IF($A55<>"(DC)", $F55*$AG$7, $F55) -> #REF! | AJ55: =IF(AND($D55="",AH55=""),"",IF($D55="",AH55,$D55+AH55)) -> #REF! | AK55: =IF(AND($D55="",AI55=""),"",IF($D55="",AI55,$D55+AI55)) -> #REF!
B56: FAI28 | D56: 2.627 | E56: 0.03 | F56: -0.03 | G56: =IF(AND(D56="",E56=""),"",IF(D56="",E56,D56+E56)) -> 2.657 | H56: =IF(AND(D56="",F56=""),"",IF(D56="",F56,D56+F56)) -> 2.597 | S56: =IF($A56<>"(DC)", $E56*$R$7, $E56) -> 0 | T56: =IF($A56<>"(DC)", $F56*$R$7, $F56) -> 0 | U56: =IF(AND($D56="",S56=""),"",IF($D56="",S56,$D56+S56)) -> 2.627 | V56: =IF(AND($D56="",T56=""),"",IF($D56="",T56,$D56+T56)) -> 2.627 | X56: =IF($A56<>"(DC)", $E56*$W$7, $E56) -> #REF! | Y56: =IF($A56<>"(DC)", $F56*$W$7, $F56) -> #REF! | Z56: =IF(AND($D56="",X56=""),"",IF($D56="",X56,$D56+X56)) -> #REF! | AA56: =IF(AND($D56="",Y56=""),"",IF($D56="",Y56,$D56+Y56)) -> #REF! | AC56: =IF($A56<>"(DC)", $E56*$AB$7, $E56) -> #REF! | AD56: =IF($A56<>"(DC)", $F56*$AB$7, $F56) -> #REF! | AE56: =IF(AND($D56="",AC56=""),"",IF($D56="",AC56,$D56+AC56)) -> #REF! | AF56: =IF(AND($D56="",AD56=""),"",IF($D56="",AD56,$D56+AD56)) -> #REF! | AH56: =IF($A56<>"(DC)", $E56*$AG$7, $E56) -> #REF! | AI56: =IF($A56<>"(DC)", $F56*$AG$7, $F56) -> #REF! | AJ56: =IF(AND($D56="",AH56=""),"",IF($D56="",AH56,$D56+AH56)) -> #REF! | AK56: =IF(AND($D56="",AI56=""),"",IF($D56="",AI56,$D56+AI56)) -> #REF!
S57: =IF($A57<>"(DC)", $E57*$R$7, $E57) -> 0 | T57: =IF($A57<>"(DC)", $F57*$R$7, $F57) -> 0 | U57: =IF(AND($D57="",S57=""),"",IF($D57="",S57,$D57+S57)) -> 0 | V57: =IF(AND($D57="",T57=""),"",IF($D57="",T57,$D57+T57)) -> 0 | X57: =IF($A57<>"(DC)", $E57*$W$7, $E57) -> #REF! | Y57: =IF($A57<>"(DC)", $F57*$W$7, $F57) -> #REF! | Z57: =IF(AND($D57="",X57=""),"",IF($D57="",X57,$D57+X57)) -> #REF! | AA57: =IF(AND($D57="",Y57=""),"",IF($D57="",Y57,$D57+Y57)) -> #REF! | AC57: =IF($A57<>"(DC)", $E57*$AB$7, $E57) -> #REF! | AD57: =IF($A57<>"(DC)", $F57*$AB$7, $F57) -> #REF! | AE57: =IF(AND($D57="",AC57=""),"",IF($D57="",AC57,$D57+AC57)) -> #REF! | AF57: =IF(AND($D57="",AD57=""),"",IF($D57="",AD57,$D57+AD57)) -> #REF! | AH57: =IF($A57<>"(DC)", $E57*$AG$7, $E57) -> #REF! | AI57: =IF($A57<>"(DC)", $F57*$AG$7, $F57) -> #REF! | AJ57: =IF(AND($D57="",AH57=""),"",IF($D57="",AH57,$D57+AH57)) -> #REF! | AK57: =IF(AND($D57="",AI57=""),"",IF($D57="",AI57,$D57+AI57)) -> #REF!
S58: =IF($A58<>"(DC)", $E58*$R$7, $E58) -> 0 | T58: =IF($A58<>"(DC)", $F58*$R$7, $F58) -> 0 | U58: =IF(AND($D58="",S58=""),"",IF($D58="",S58,$D58+S58)) -> 0 | V58: =IF(AND($D58="",T58=""),"",IF($D58="",T58,$D58+T58)) -> 0 | X58: =IF($A58<>"(DC)", $E58*$W$7, $E58) -> #REF! | Y58: =IF($A58<>"(DC)", $F58*$W$7, $F58) -> #REF! | Z58: =IF(AND($D58="",X58=""),"",IF($D58="",X58,$D58+X58)) -> #REF! | AA58: =IF(AND($D58="",Y58=""),"",IF($D58="",Y58,$D58+Y58)) -> #REF! | AC58: =IF($A58<>"(DC)", $E58*$AB$7, $E58) -> #REF! | AD58: =IF($A58<>"(DC)", $F58*$AB$7, $F58) -> #REF! | AE58: =IF(AND($D58="",AC58=""),"",IF($D58="",AC58,$D58+AC58)) -> #REF! | AF58: =IF(AND($D58="",AD58=""),"",IF($D58="",AD58,$D58+AD58)) -> #REF! | AH58: =IF($A58<>"(DC)", $E58*$AG$7, $E58) -> #REF! | AI58: =IF($A58<>"(DC)", $F58*$AG$7, $F58) -> #REF! | AJ58: =IF(AND($D58="",AH58=""),"",IF($D58="",AH58,$D58+AH58)) -> #REF! | AK58: =IF(AND($D58="",AI58=""),"",IF($D58="",AI58,$D58+AI58)) -> #REF!
S59: =IF($A59<>"(DC)", $E59*$R$7, $E59) -> 0 | T59: =IF($A59<>"(DC)", $F59*$R$7, $F59) -> 0 | U59: =IF(AND($D59="",S59=""),"",IF($D59="",S59,$D59+S59)) -> 0 | V59: =IF(AND($D59="",T59=""),"",IF($D59="",T59,$D59+T59)) -> 0 | X59: =IF($A59<>"(DC)", $E59*$W$7, $E59) -> #REF! | Y59: =IF($A59<>"(DC)", $F59*$W$7, $F59) -> #REF! | Z59: =IF(AND($D59="",X59=""),"",IF($D59="",X59,$D59+X59)) -> #REF! | AA59: =IF(AND($D59="",Y59=""),"",IF($D59="",Y59,$D59+Y59)) -> #REF! | AC59: =IF($A59<>"(DC)", $E59*$AB$7, $E59) -> #REF! | AD59: =IF($A59<>"(DC)", $F59*$AB$7, $F59) -> #REF! | AE59: =IF(AND($D59="",AC59=""),"",IF($D59="",AC59,$D59+AC59)) -> #REF! | AF59: =IF(AND($D59="",AD59=""),"",IF($D59="",AD59,$D59+AD59)) -> #REF! | AH59: =IF($A59<>"(DC)", $E59*$AG$7, $E59) -> #REF! | AI59: =IF($A59<>"(DC)", $F59*$AG$7, $F59) -> #REF! | AJ59: =IF(AND($D59="",AH59=""),"",IF($D59="",AH59,$D59+AH59)) -> #REF! | AK59: =IF(AND($D59="",AI59=""),"",IF($D59="",AI59,$D59+AI59)) -> #REF!
S60: =IF($A60<>"(DC)", $E60*$R$7, $E60) -> 0 | T60: =IF($A60<>"(DC)", $F60*$R$7, $F60) -> 0 | U60: =IF(AND($D60="",S60=""),"",IF($D60="",S60,$D60+S60)) -> 0 | V60: =IF(AND($D60="",T60=""),"",IF($D60="",T60,$D60+T60)) -> 0 | X60: =IF($A60<>"(DC)", $E60*$W$7, $E60) -> #REF! | Y60: =IF($A60<>"(DC)", $F60*$W$7, $F60) -> #REF! | Z60: =IF(AND($D60="",X60=""),"",IF($D60="",X60,$D60+X60)) -> #REF! | AA60: =IF(AND($D60="",Y60=""),"",IF($D60="",Y60,$D60+Y60)) -> #REF! | AC60: =IF($A60<>"(DC)", $E60*$AB$7, $E60) -> #REF! | AD60: =IF($A60<>"(DC)", $F60*$AB$7, $F60) -> #REF! | AE60: =IF(AND($D60="",AC60=""),"",IF($D60="",AC60,$D60+AC60)) -> #REF! | AF60: =IF(AND($D60="",AD60=""),"",IF($D60="",AD60,$D60+AD60)) -> #REF! | AH60: =IF($A60<>"(DC)", $E60*$AG$7, $E60) -> #REF! | AI60: =IF($A60<>"(DC)", $F60*$AG$7, $F60) -> #REF! | AJ60: =IF(AND($D60="",AH60=""),"",IF($D60="",AH60,$D60+AH60)) -> #REF! | AK60: =IF(AND($D60="",AI60=""),"",IF($D60="",AI60,$D60+AI60)) -> #REF!
S61: =IF($A61<>"(DC)", $E61*$R$7, $E61) -> 0 | T61: =IF($A61<>"(DC)", $F61*$R$7, $F61) -> 0 | U61: =IF(AND($D61="",S61=""),"",IF($D61="",S61,$D61+S61)) -> 0 | V61: =IF(AND($D61="",T61=""),"",IF($D61="",T61,$D61+T61)) -> 0 | X61: =IF($A61<>"(DC)", $E61*$W$7, $E61) -> #REF! | Y61: =IF($A61<>"(DC)", $F61*$W$7, $F61) -> #REF! | Z61: =IF(AND($D61="",X61=""),"",IF($D61="",X61,$D61+X61)) -> #REF! | AA61: =IF(AND($D61="",Y61=""),"",IF($D61="",Y61,$D61+Y61)) -> #REF! | AC61: =IF($A61<>"(DC)", $E61*$AB$7, $E61) -> #REF! | AD61: =IF($A61<>"(DC)", $F61*$AB$7, $F61) -> #REF! | AE61: =IF(AND($D61="",AC61=""),"",IF($D61="",AC61,$D61+AC61)) -> #REF! | AF61: =IF(AND($D61="",AD61=""),"",IF($D61="",AD61,$D61+AD61)) -> #REF! | AH61: =IF($A61<>"(DC)", $E61*$AG$7, $E61) -> #REF! | AI61: =IF($A61<>"(DC)", $F61*$AG$7, $F61) -> #REF! | AJ61: =IF(AND($D61="",AH61=""),"",IF($D61="",AH61,$D61+AH61)) -> #REF! | AK61: =IF(AND($D61="",AI61=""),"",IF($D61="",AI61,$D61+AI61)) -> #REF!
S62: =IF($A62<>"(DC)", $E62*$R$7, $E62) -> 0 | T62: =IF($A62<>"(DC)", $F62*$R$7, $F62) -> 0 | U62: =IF(AND($D62="",S62=""),"",IF($D62="",S62,$D62+S62)) -> 0 | V62: =IF(AND($D62="",T62=""),"",IF($D62="",T62,$D62+T62)) -> 0 | X62: =IF($A62<>"(DC)", $E62*$W$7, $E62) -> #REF! | Y62: =IF($A62<>"(DC)", $F62*$W$7, $F62) -> #REF! | Z62: =IF(AND($D62="",X62=""),"",IF($D62="",X62,$D62+X62)) -> #REF! | AA62: =IF(AND($D62="",Y62=""),"",IF($D62="",Y62,$D62+Y62)) -> #REF! | AC62: =IF($A62<>"(DC)", $E62*$AB$7, $E62) -> #REF! | AD62: =IF($A62<>"(DC)", $F62*$AB$7, $F62) -> #REF! | AE62: =IF(AND($D62="",AC62=""),"",IF($D62="",AC62,$D62+AC62)) -> #REF! | AF62: =IF(AND($D62="",AD62=""),"",IF($D62="",AD62,$D62+AD62)) -> #REF! | AH62: =IF($A62<>"(DC)", $E62*$AG$7, $E62) -> #REF! | AI62: =IF($A62<>"(DC)", $F62*$AG$7, $F62) -> #REF! | AJ62: =IF(AND($D62="",AH62=""),"",IF($D62="",AH62,$D62+AH62)) -> #REF! | AK62: =IF(AND($D62="",AI62=""),"",IF($D62="",AI62,$D62+AI62)) -> #REF!
S63: =IF($A63<>"(DC)", $E63*$R$7, $E63) -> 0 | T63: =IF($A63<>"(DC)", $F63*$R$7, $F63) -> 0 | U63: =IF(AND($D63="",S63=""),"",IF($D63="",S63,$D63+S63)) -> 0 | V63: =IF(AND($D63="",T63=""),"",IF($D63="",T63,$D63+T63)) -> 0 | X63: =IF($A63<>"(DC)", $E63*$W$7, $E63) -> #REF! | Y63: =IF($A63<>"(DC)", $F63*$W$7, $F63) -> #REF! | Z63: =IF(AND($D63="",X63=""),"",IF($D63="",X63,$D63+X63)) -> #REF! | AA63: =IF(AND($D63="",Y63=""),"",IF($D63="",Y63,$D63+Y63)) -> #REF! | AC63: =IF($A63<>"(DC)", $E63*$AB$7, $E63) -> #REF! | AD63: =IF($A63<>"(DC)", $F63*$AB$7, $F63) -> #REF! | AE63: =IF(AND($D63="",AC63=""),"",IF($D63="",AC63,$D63+AC63)) -> #REF! | AF63: =IF(AND($D63="",AD63=""),"",IF($D63="",AD63,$D63+AD63)) -> #REF! | AH63: =IF($A63<>"(DC)", $E63*$AG$7, $E63) -> #REF! | AI63: =IF($A63<>"(DC)", $F63*$AG$7, $F63) -> #REF! | AJ63: =IF(AND($D63="",AH63=""),"",IF($D63="",AH63,$D63+AH63)) -> #REF! | AK63: =IF(AND($D63="",AI63=""),"",IF($D63="",AI63,$D63+AI63)) -> #REF!
S64: =IF($A64<>"(DC)", $E64*$R$7, $E64) -> 0 | T64: =IF($A64<>"(DC)", $F64*$R$7, $F64) -> 0 | U64: =IF(AND($D64="",S64=""),"",IF($D64="",S64,$D64+S64)) -> 0 | V64: =IF(AND($D64="",T64=""),"",IF($D64="",T64,$D64+T64)) -> 0 | X64: =IF($A64<>"(DC)", $E64*$W$7, $E64) -> #REF! | Y64: =IF($A64<>"(DC)", $F64*$W$7, $F64) -> #REF! | Z64: =IF(AND($D64="",X64=""),"",IF($D64="",X64,$D64+X64)) -> #REF! | AA64: =IF(AND($D64="",Y64=""),"",IF($D64="",Y64,$D64+Y64)) -> #REF! | AC64: =IF($A64<>"(DC)", $E64*$AB$7, $E64) -> #REF! | AD64: =IF($A64<>"(DC)", $F64*$AB$7, $F64) -> #REF! | AE64: =IF(AND($D64="",AC64=""),"",IF($D64="",AC64,$D64+AC64)) -> #REF! | AF64: =IF(AND($D64="",AD64=""),"",IF($D64="",AD64,$D64+AD64)) -> #REF! | AH64: =IF($A64<>"(DC)", $E64*$AG$7, $E64) -> #REF! | AI64: =IF($A64<>"(DC)", $F64*$AG$7, $F64) -> #REF! | AJ64: =IF(AND($D64="",AH64=""),"",IF($D64="",AH64,$D64+AH64)) -> #REF! | AK64: =IF(AND($D64="",AI64=""),"",IF($D64="",AI64,$D64+AI64)) -> #REF!
S65: =IF($A65<>"(DC)", $E65*$R$7, $E65) -> 0 | T65: =IF($A65<>"(DC)", $F65*$R$7, $F65) -> 0 | U65: =IF(AND($D65="",S65=""),"",IF($D65="",S65,$D65+S65)) -> 0 | V65: =IF(AND($D65="",T65=""),"",IF($D65="",T65,$D65+T65)) -> 0 | X65: =IF($A65<>"(DC)", $E65*$W$7, $E65) -> #REF! | Y65: =IF($A65<>"(DC)", $F65*$W$7, $F65) -> #REF! | Z65: =IF(AND($D65="",X65=""),"",IF($D65="",X65,$D65+X65)) -> #REF! | AA65: =IF(AND($D65="",Y65=""),"",IF($D65="",Y65,$D65+Y65)) -> #REF! | AC65: =IF($A65<>"(DC)", $E65*$AB$7, $E65) -> #REF! | AD65: =IF($A65<>"(DC)", $F65*$AB$7, $F65) -> #REF! | AE65: =IF(AND($D65="",AC65=""),"",IF($D65="",AC65,$D65+AC65)) -> #REF! | AF65: =IF(AND($D65="",AD65=""),"",IF($D65="",AD65,$D65+AD65)) -> #REF! | AH65: =IF($A65<>"(DC)", $E65*$AG$7, $E65) -> #REF! | AI65: =IF($A65<>"(DC)", $F65*$AG$7, $F65) -> #REF! | AJ65: =IF(AND($D65="",AH65=""),"",IF($D65="",AH65,$D65+AH65)) -> #REF! | AK65: =IF(AND($D65="",AI65=""),"",IF($D65="",AI65,$D65+AI65)) -> #REF!
S66: =IF($A66<>"(DC)", $E66*$R$7, $E66) -> 0 | T66: =IF($A66<>"(DC)", $F66*$R$7, $F66) -> 0 | U66: =IF(AND($D66="",S66=""),"",IF($D66="",S66,$D66+S66)) -> 0 | V66: =IF(AND($D66="",T66=""),"",IF($D66="",T66,$D66+T66)) -> 0 | X66: =IF($A66<>"(DC)", $E66*$W$7, $E66) -> #REF! | Y66: =IF($A66<>"(DC)", $F66*$W$7, $F66) -> #REF! | Z66: =IF(AND($D66="",X66=""),"",IF($D66="",X66,$D66+X66)) -> #REF! | AA66: =IF(AND($D66="",Y66=""),"",IF($D66="",Y66,$D66+Y66)) -> #REF! | AC66: =IF($A66<>"(DC)", $E66*$AB$7, $E66) -> #REF! | AD66: =IF($A66<>"(DC)", $F66*$AB$7, $F66) -> #REF! | AE66: =IF(AND($D66="",AC66=""),"",IF($D66="",AC66,$D66+AC66)) -> #REF! | AF66: =IF(AND($D66="",AD66=""),"",IF($D66="",AD66,$D66+AD66)) -> #REF! | AH66: =IF($A66<>"(DC)", $E66*$AG$7, $E66) -> #REF! | AI66: =IF($A66<>"(DC)", $F66*$AG$7, $F66) -> #REF! | AJ66: =IF(AND($D66="",AH66=""),"",IF($D66="",AH66,$D66+AH66)) -> #REF! | AK66: =IF(AND($D66="",AI66=""),"",IF($D66="",AI66,$D66+AI66)) -> #REF!
S67: =IF($A67<>"(DC)", $E67*$R$7, $E67) -> 0 | T67: =IF($A67<>"(DC)", $F67*$R$7, $F67) -> 0 | U67: =IF(AND($D67="",S67=""),"",IF($D67="",S67,$D67+S67)) -> 0 | V67: =IF(AND($D67="",T67=""),"",IF($D67="",T67,$D67+T67)) -> 0 | X67: =IF($A67<>"(DC)", $E67*$W$7, $E67) -> #REF! | Y67: =IF($A67<>"(DC)", $F67*$W$7, $F67) -> #REF! | Z67: =IF(AND($D67="",X67=""),"",IF($D67="",X67,$D67+X67)) -> #REF! | AA67: =IF(AND($D67="",Y67=""),"",IF($D67="",Y67,$D67+Y67)) -> #REF! | AC67: =IF($A67<>"(DC)", $E67*$AB$7, $E67) -> #REF! | AD67: =IF($A67<>"(DC)", $F67*$AB$7, $F67) -> #REF! | AE67: =IF(AND($D67="",AC67=""),"",IF($D67="",AC67,$D67+AC67)) -> #REF! | AF67: =IF(AND($D67="",AD67=""),"",IF($D67="",AD67,$D67+AD67)) -> #REF! | AH67: =IF($A67<>"(DC)", $E67*$AG$7, $E67) -> #REF! | AI67: =IF($A67<>"(DC)", $F67*$AG$7, $F67) -> #REF! | AJ67: =IF(AND($D67="",AH67=""),"",IF($D67="",AH67,$D67+AH67)) -> #REF! | AK67: =IF(AND($D67="",AI67=""),"",IF($D67="",AI67,$D67+AI67)) -> #REF!
S68: =IF($A68<>"(DC)", $E68*$R$7, $E68) -> 0 | T68: =IF($A68<>"(DC)", $F68*$R$7, $F68) -> 0 | U68: =IF(AND($D68="",S68=""),"",IF($D68="",S68,$D68+S68)) -> 0 | V68: =IF(AND($D68="",T68=""),"",IF($D68="",T68,$D68+T68)) -> 0 | X68: =IF($A68<>"(DC)", $E68*$W$7, $E68) -> #REF! | Y68: =IF($A68<>"(DC)", $F68*$W$7, $F68) -> #REF! | Z68: =IF(AND($D68="",X68=""),"",IF($D68="",X68,$D68+X68)) -> #REF! | AA68: =IF(AND($D68="",Y68=""),"",IF($D68="",Y68,$D68+Y68)) -> #REF! | AC68: =IF($A68<>"(DC)", $E68*$AB$7, $E68) -> #REF! | AD68: =IF($A68<>"(DC)", $F68*$AB$7, $F68) -> #REF! | AE68: =IF(AND($D68="",AC68=""),"",IF($D68="",AC68,$D68+AC68)) -> #REF! | AF68: =IF(AND($D68="",AD68=""),"",IF($D68="",AD68,$D68+AD68)) -> #REF! | AH68: =IF($A68<>"(DC)", $E68*$AG$7, $E68) -> #REF! | AI68: =IF($A68<>"(DC)", $F68*$AG$7, $F68) -> #REF! | AJ68: =IF(AND($D68="",AH68=""),"",IF($D68="",AH68,$D68+AH68)) -> #REF! | AK68: =IF(AND($D68="",AI68=""),"",IF($D68="",AI68,$D68+AI68)) -> #REF!
... S72: =IF($A72<>"(DC)", $E72*$R$7, $E72) -> 0 | T72: =IF($A72<>"(DC)", $F72*$R$7, $F72) -> 0 | U72: =IF(AND($D72="",S72=""),"",IF($D72="",S72,$D72+S72)) -> 0 | V72: =IF(AND($D72="",T72=""),"",IF($D72="",T72,$D72+T72)) -> 0 | X72: =IF($A72<>"(DC)", $E72*$W$7, $E72) -> #REF! | Y72: =IF($A72<>"(DC)", $F72*$W$7, $F72) -> #REF! | Z72: =IF(AND($D72="",X72=""),"",IF($D72="",X72,$D72+X72)) -> #REF! | AA72: =IF(AND($D72="",Y72=""),"",IF($D72="",Y72,$D72+Y72)) -> #REF! | AC72: =IF($A72<>"(DC)", $E72*$AB$7, $E72) -> #REF! | AD72: =IF($A72<>"(DC)", $F72*$AB$7, $F72) -> #REF! | AE72: =IF(AND($D72="",AC72=""),"",IF($D72="",AC72,$D72+AC72)) -> #REF! | AF72: =IF(AND($D72="",AD72=""),"",IF($D72="",AD72,$D72+AD72)) -> #REF! | AH72: =IF($A72<>"(DC)", $E72*$AG$7, $E72) -> #REF! | AI72: =IF($A72<>"(DC)", $F72*$AG$7, $F72) -> #REF! | AJ72: =IF(AND($D72="",AH72=""),"",IF($D72="",AH72,$D72+AH72)) -> #REF! | AK72: =IF(AND($D72="",AI72=""),"",IF($D72="",AI72,$D72+AI72)) -> #REF!
B73: FAI30 | D73: 12.482 | E73: 0.03 | F73: -0.03 | G73: =IF(AND(D73="",E73=""),"",IF(D73="",E73,D73+E73)) -> 12.512 | H73: =IF(AND(D73="",F73=""),"",IF(D73="",F73,D73+F73)) -> 12.452 | S73: =IF($A73<>"(DC)", $E73*$R$7, $E73) -> 0 | T73: =IF($A73<>"(DC)", $F73*$R$7, $F73) -> 0 | U73: =IF(AND($D73="",S73=""),"",IF($D73="",S73,$D73+S73)) -> 12.482 | V73: =IF(AND($D73="",T73=""),"",IF($D73="",T73,$D73+T73)) -> 12.482 | X73: =IF($A73<>"(DC)", $E73*$W$7, $E73) -> #REF! | Y73: =IF($A73<>"(DC)", $F73*$W$7, $F73) -> #REF! | Z73: =IF(AND($D73="",X73=""),"",IF($D73="",X73,$D73+X73)) -> #REF! | AA73: =IF(AND($D73="",Y73=""),"",IF($D73="",Y73,$D73+Y73)) -> #REF! | AC73: =IF($A73<>"(DC)", $E73*$AB$7, $E73) -> #REF! | AD73: =IF($A73<>"(DC)", $F73*$AB$7, $F73) -> #REF! | AE73: =IF(AND($D73="",AC73=""),"",IF($D73="",AC73,$D73+AC73)) -> #REF! | AF73: =IF(AND($D73="",AD73=""),"",IF($D73="",AD73,$D73+AD73)) -> #REF! | AH73: =IF($A73<>"(DC)", $E73*$AG$7, $E73) -> #REF! | AI73: =IF($A73<>"(DC)", $F73*$AG$7, $F73) -> #REF! | AJ73: =IF(AND($D73="",AH73=""),"",IF($D73="",AH73,$D73+AH73)) -> #REF! | AK73: =IF(AND($D73="",AI73=""),"",IF($D73="",AI73,$D73+AI73)) -> #REF!
B74: FAI31 | D74: 11.089 | E74: 0.03 | F74: -0.03 | G74: =IF(AND(D74="",E74=""),"",IF(D74="",E74,D74+E74)) -> 11.119 | H74: =IF(AND(D74="",F74=""),"",IF(D74="",F74,D74+F74)) -> 11.059 | S74: =IF($A74<>"(DC)", $E74*$R$7, $E74) -> 0 | T74: =IF($A74<>"(DC)", $F74*$R$7, $F74) -> 0 | U74: =IF(AND($D74="",S74=""),"",IF($D74="",S74,$D74+S74)) -> 11.089 | V74: =IF(AND($D74="",T74=""),"",IF($D74="",T74,$D74+T74)) -> 11.089 | X74: =IF($A74<>"(DC)", $E74*$W$7, $E74) -> #REF! | Y74: =IF($A74<>"(DC)", $F74*$W$7, $F74) -> #REF! | Z74: =IF(AND($D74="",X74=""),"",IF($D74="",X74,$D74+X74)) -> #REF! | AA74: =IF(AND($D74="",Y74=""),"",IF($D74="",Y74,$D74+Y74)) -> #REF! | AC74: =IF($A74<>"(DC)", $E74*$AB$7, $E74) -> #REF! | AD74: =IF($A74<>"(DC)", $F74*$AB$7, $F74) -> #REF! | AE74: =IF(AND($D74="",AC74=""),"",IF($D74="",AC74,$D74+AC74)) -> #REF! | AF74: =IF(AND($D74="",AD74=""),"",IF($D74="",AD74,$D74+AD74)) -> #REF! | AH74: =IF($A74<>"(DC)", $E74*$AG$7, $E74) -> #REF! | AI74: =IF($A74<>"(DC)", $F74*$AG$7, $F74) -> #REF! | AJ74: =IF(AND($D74="",AH74=""),"",IF($D74="",AH74,$D74+AH74)) -> #REF! | AK74: =IF(AND($D74="",AI74=""),"",IF($D74="",AI74,$D74+AI74)) -> #REF!
B75: FAI32 | D75: 2.092 | E75: 0.03 | F75: -0.03 | G75: =IF(AND(D75="",E75=""),"",IF(D75="",E75,D75+E75)) -> 2.122 | H75: =IF(AND(D75="",F75=""),"",IF(D75="",F75,D75+F75)) -> 2.062 | S75: =IF($A75<>"(DC)", $E75*$R$7, $E75) -> 0 | T75: =IF($A75<>"(DC)", $F75*$R$7, $F75) -> 0 | U75: =IF(AND($D75="",S75=""),"",IF($D75="",S75,$D75+S75)) -> 2.092 | V75: =IF(AND($D75="",T75=""),"",IF($D75="",T75,$D75+T75)) -> 2.092 | X75: =IF($A75<>"(DC)", $E75*$W$7, $E75) -> #REF! | Y75: =IF($A75<>"(DC)", $F75*$W$7, $F75) -> #REF! | Z75: =IF(AND($D75="",X75=""),"",IF($D75="",X75,$D75+X75)) -> #REF! | AA75: =IF(AND($D75="",Y75=""),"",IF($D75="",Y75,$D75+Y75)) -> #REF! | AC75: =IF($A75<>"(DC)", $E75*$AB$7, $E75) -> #REF! | AD75: =IF($A75<>"(DC)", $F75*$AB$7, $F75) -> #REF! | AE75: =IF(AND($D75="",AC75=""),"",IF($D75="",AC75,$D75+AC75)) -> #REF! | AF75: =IF(AND($D75="",AD75=""),"",IF($D75="",AD75,$D75+AD75)) -> #REF! | AH75: =IF($A75<>"(DC)", $E75*$AG$7, $E75) -> #REF! | AI75: =IF($A75<>"(DC)", $F75*$AG$7, $F75) -> #REF! | AJ75: =IF(AND($D75="",AH75=""),"",IF($D75="",AH75,$D75+AH75)) -> #REF! | AK75: =IF(AND($D75="",AI75=""),"",IF($D75="",AI75,$D75+AI75)) -> #REF!
B76: FAI33 | E76: 0.03 | G76: =IF(AND(D76="",E76=""),"",IF(D76="",E76,D76+E76)) -> 0.03 | H76: =IF(AND(D76="",F76=""),"",IF(D76="",F76,D76+F76)) | S76: =IF($A76<>"(DC)", $E76*$R$7, $E76) -> 0 | T76: =IF($A76<>"(DC)", $F76*$R$7, $F76) -> 0 | U76: =IF(AND($D76="",S76=""),"",IF($D76="",S76,$D76+S76)) -> 0 | V76: =IF(AND($D76="",T76=""),"",IF($D76="",T76,$D76+T76)) -> 0 | X76: =IF($A76<>"(DC)", $E76*$W$7, $E76) -> #REF! | Y76: =IF($A76<>"(DC)", $F76*$W$7, $F76) -> #REF! | Z76: =IF(AND($D76="",X76=""),"",IF($D76="",X76,$D76+X76)) -> #REF! | AA76: =IF(AND($D76="",Y76=""),"",IF($D76="",Y76,$D76+Y76)) -> #REF! | AC76: =IF($A76<>"(DC)", $E76*$AB$7, $E76) -> #REF! | AD76: =IF($A76<>"(DC)", $F76*$AB$7, $F76) -> #REF! | AE76: =IF(AND($D76="",AC76=""),"",IF($D76="",AC76,$D76+AC76)) -> #REF! | AF76: =IF(AND($D76="",AD76=""),"",IF($D76="",AD76,$D76+AD76)) -> #REF! | AH76: =IF($A76<>"(DC)", $E76*$AG$7, $E76) -> #REF! | AI76: =IF($A76<>"(DC)", $F76*$AG$7, $F76) -> #REF! | AJ76: =IF(AND($D76="",AH76=""),"",IF($D76="",AH76,$D76+AH76)) -> #REF! | AK76: =IF(AND($D76="",AI76=""),"",IF($D76="",AI76,$D76+AI76)) -> #REF!
S77: =IF($A77<>"(DC)", $E77*$R$7, $E77) -> 0 | T77: =IF($A77<>"(DC)", $F77*$R$7, $F77) -> 0 | U77: =IF(AND($D77="",S77=""),"",IF($D77="",S77,$D77+S77)) -> 0 | V77: =IF(AND($D77="",T77=""),"",IF($D77="",T77,$D77+T77)) -> 0 | X77: =IF($A77<>"(DC)", $E77*$W$7, $E77) -> #REF! | Y77: =IF($A77<>"(DC)", $F77*$W$7, $F77) -> #REF! | Z77: =IF(AND($D77="",X77=""),"",IF($D77="",X77,$D77+X77)) -> #REF! | AA77: =IF(AND($D77="",Y77=""),"",IF($D77="",Y77,$D77+Y77)) -> #REF! | AC77: =IF($A77<>"(DC)", $E77*$AB$7, $E77) -> #REF! | AD77: =IF($A77<>"(DC)", $F77*$AB$7, $F77) -> #REF! | AE77: =IF(AND($D77="",AC77=""),"",IF($D77="",AC77,$D77+AC77)) -> #REF! | AF77: =IF(AND($D77="",AD77=""),"",IF($D77="",AD77,$D77+AD77)) -> #REF! | AH77: =IF($A77<>"(DC)", $E77*$AG$7, $E77) -> #REF! | AI77: =IF($A77<>"(DC)", $F77*$AG$7, $F77) -> #REF! | AJ77: =IF(AND($D77="",AH77=""),"",IF($D77="",AH77,$D77+AH77)) -> #REF! | AK77: =IF(AND($D77="",AI77=""),"",IF($D77="",AI77,$D77+AI77)) -> #REF!
S78: =IF($A78<>"(DC)", $E78*$R$7, $E78) -> 0 | T78: =IF($A78<>"(DC)", $F78*$R$7, $F78) -> 0 | U78: =IF(AND($D78="",S78=""),"",IF($D78="",S78,$D78+S78)) -> 0 | V78: =IF(AND($D78="",T78=""),"",IF($D78="",T78,$D78+T78)) -> 0 | X78: =IF($A78<>"(DC)", $E78*$W$7, $E78) -> #REF! | Y78: =IF($A78<>"(DC)", $F78*$W$7, $F78) -> #REF! | Z78: =IF(AND($D78="",X78=""),"",IF($D78="",X78,$D78+X78)) -> #REF! | AA78: =IF(AND($D78="",Y78=""),"",IF($D78="",Y78,$D78+Y78)) -> #REF! | AC78: =IF($A78<>"(DC)", $E78*$AB$7, $E78) -> #REF! | AD78: =IF($A78<>"(DC)", $F78*$AB$7, $F78) -> #REF! | AE78: =IF(AND($D78="",AC78=""),"",IF($D78="",AC78,$D78+AC78)) -> #REF! | AF78: =IF(AND($D78="",AD78=""),"",IF($D78="",AD78,$D78+AD78)) -> #REF! | AH78: =IF($A78<>"(DC)", $E78*$AG$7, $E78) -> #REF! | AI78: =IF($A78<>"(DC)", $F78*$AG$7, $F78) -> #REF! | AJ78: =IF(AND($D78="",AH78=""),"",IF($D78="",AH78,$D78+AH78)) -> #REF! | AK78: =IF(AND($D78="",AI78=""),"",IF($D78="",AI78,$D78+AI78)) -> #REF!
S79: =IF($A79<>"(DC)", $E79*$R$7, $E79) -> 0 | T79: =IF($A79<>"(DC)", $F79*$R$7, $F79) -> 0 | U79: =IF(AND($D79="",S79=""),"",IF($D79="",S79,$D79+S79)) -> 0 | V79: =IF(AND($D79="",T79=""),"",IF($D79="",T79,$D79+T79)) -> 0 | X79: =IF($A79<>"(DC)", $E79*$W$7, $E79) -> #REF! | Y79: =IF($A79<>"(DC)", $F79*$W$7, $F79) -> #REF! | Z79: =IF(AND($D79="",X79=""),"",IF($D79="",X79,$D79+X79)) -> #REF! | AA79: =IF(AND($D79="",Y79=""),"",IF($D79="",Y79,$D79+Y79)) -> #REF! | AC79: =IF($A79<>"(DC)", $E79*$AB$7, $E79) -> #REF! | AD79: =IF($A79<>"(DC)", $F79*$AB$7, $F79) -> #REF! | AE79: =IF(AND($D79="",AC79=""),"",IF($D79="",AC79,$D79+AC79)) -> #REF! | AF79: =IF(AND($D79="",AD79=""),"",IF($D79="",AD79,$D79+AD79)) -> #REF! | AH79: =IF($A79<>"(DC)", $E79*$AG$7, $E79) -> #REF! | AI79: =IF($A79<>"(DC)", $F79*$AG$7, $F79) -> #REF! | AJ79: =IF(AND($D79="",AH79=""),"",IF($D79="",AH79,$D79+AH79)) -> #REF! | AK79: =IF(AND($D79="",AI79=""),"",IF($D79="",AI79,$D79+AI79)) -> #REF!
S80: =IF($A80<>"(DC)", $E80*$R$7, $E80) -> 0 | T80: =IF($A80<>"(DC)", $F80*$R$7, $F80) -> 0 | U80: =IF(AND($D80="",S80=""),"",IF($D80="",S80,$D80+S80)) -> 0 | V80: =IF(AND($D80="",T80=""),"",IF($D80="",T80,$D80+T80)) -> 0 | X80: =IF($A80<>"(DC)", $E80*$W$7, $E80) -> #REF! | Y80: =IF($A80<>"(DC)", $F80*$W$7, $F80) -> #REF! | Z80: =IF(AND($D80="",X80=""),"",IF($D80="",X80,$D80+X80)) -> #REF! | AA80: =IF(AND($D80="",Y80=""),"",IF($D80="",Y80,$D80+Y80)) -> #REF! | AC80: =IF($A80<>"(DC)", $E80*$AB$7, $E80) -> #REF! | AD80: =IF($A80<>"(DC)", $F80*$AB$7, $F80) -> #REF! | AE80: =IF(AND($D80="",AC80=""),"",IF($D80="",AC80,$D80+AC80)) -> #REF! | AF80: =IF(AND($D80="",AD80=""),"",IF($D80="",AD80,$D80+AD80)) -> #REF! | AH80: =IF($A80<>"(DC)", $E80*$AG$7, $E80) -> #REF! | AI80: =IF($A80<>"(DC)", $F80*$AG$7, $F80) -> #REF! | AJ80: =IF(AND($D80="",AH80=""),"",IF($D80="",AH80,$D80+AH80)) -> #REF! | AK80: =IF(AND($D80="",AI80=""),"",IF($D80="",AI80,$D80+AI80)) -> #REF!
B81: FAI34 | E81: 0.02 | G81: =IF(AND(D81="",E81=""),"",IF(D81="",E81,D81+E81)) -> 0.02 | H81: =IF(AND(D81="",F81=""),"",IF(D81="",F81,D81+F81)) | S81: =IF($A81<>"(DC)", $E81*$R$7, $E81) -> 0 | T81: =IF($A81<>"(DC)", $F81*$R$7, $F81) -> 0 | U81: =IF(AND($D81="",S81=""),"",IF($D81="",S81,$D81+S81)) -> 0 | V81: =IF(AND($D81="",T81=""),"",IF($D81="",T81,$D81+T81)) -> 0 | X81: =IF($A81<>"(DC)", $E81*$W$7, $E81) -> #REF! | Y81: =IF($A81<>"(DC)", $F81*$W$7, $F81) -> #REF! | Z81: =IF(AND($D81="",X81=""),"",IF($D81="",X81,$D81+X81)) -> #REF! | AA81: =IF(AND($D81="",Y81=""),"",IF($D81="",Y81,$D81+Y81)) -> #REF! | AC81: =IF($A81<>"(DC)", $E81*$AB$7, $E81) -> #REF! | AD81: =IF($A81<>"(DC)", $F81*$AB$7, $F81) -> #REF! | AE81: =IF(AND($D81="",AC81=""),"",IF($D81="",AC81,$D81+AC81)) -> #REF! | AF81: =IF(AND($D81="",AD81=""),"",IF($D81="",AD81,$D81+AD81)) -> #REF! | AH81: =IF($A81<>"(DC)", $E81*$AG$7, $E81) -> #REF! | AI81: =IF($A81<>"(DC)", $F81*$AG$7, $F81) -> #REF! | AJ81: =IF(AND($D81="",AH81=""),"",IF($D81="",AH81,$D81+AH81)) -> #REF! | AK81: =IF(AND($D81="",AI81=""),"",IF($D81="",AI81,$D81+AI81)) -> #REF!
S82: =IF($A82<>"(DC)", $E82*$R$7, $E82) -> 0 | T82: =IF($A82<>"(DC)", $F82*$R$7, $F82) -> 0 | U82: =IF(AND($D82="",S82=""),"",IF($D82="",S82,$D82+S82)) -> 0 | V82: =IF(AND($D82="",T82=""),"",IF($D82="",T82,$D82+T82)) -> 0 | X82: =IF($A82<>"(DC)", $E82*$W$7, $E82) -> #REF! | Y82: =IF($A82<>"(DC)", $F82*$W$7, $F82) -> #REF! | Z82: =IF(AND($D82="",X82=""),"",IF($D82="",X82,$D82+X82)) -> #REF! | AA82: =IF(AND($D82="",Y82=""),"",IF($D82="",Y82,$D82+Y82)) -> #REF! | AC82: =IF($A82<>"(DC)", $E82*$AB$7, $E82) -> #REF! | AD82: =IF($A82<>"(DC)", $F82*$AB$7, $F82) -> #REF! | AE82: =IF(AND($D82="",AC82=""),"",IF($D82="",AC82,$D82+AC82)) -> #REF! | AF82: =IF(AND($D82="",AD82=""),"",IF($D82="",AD82,$D82+AD82)) -> #REF! | AH82: =IF($A82<>"(DC)", $E82*$AG$7, $E82) -> #REF! | AI82: =IF($A82<>"(DC)", $F82*$AG$7, $F82) -> #REF! | AJ82: =IF(AND($D82="",AH82=""),"",IF($D82="",AH82,$D82+AH82)) -> #REF! | AK82: =IF(AND($D82="",AI82=""),"",IF($D82="",AI82,$D82+AI82)) -> #REF!
S83: =IF($A83<>"(DC)", $E83*$R$7, $E83) -> 0 | T83: =IF($A83<>"(DC)", $F83*$R$7, $F83) -> 0 | U83: =IF(AND($D83="",S83=""),"",IF($D83="",S83,$D83+S83)) -> 0 | V83: =IF(AND($D83="",T83=""),"",IF($D83="",T83,$D83+T83)) -> 0 | X83: =IF($A83<>"(DC)", $E83*$W$7, $E83) -> #REF! | Y83: =IF($A83<>"(DC)", $F83*$W$7, $F83) -> #REF! | Z83: =IF(AND($D83="",X83=""),"",IF($D83="",X83,$D83+X83)) -> #REF! | AA83: =IF(AND($D83="",Y83=""),"",IF($D83="",Y83,$D83+Y83)) -> #REF! | AC83: =IF($A83<>"(DC)", $E83*$AB$7, $E83) -> #REF! | AD83: =IF($A83<>"(DC)", $F83*$AB$7, $F83) -> #REF! | AE83: =IF(AND($D83="",AC83=""),"",IF($D83="",AC83,$D83+AC83)) -> #REF! | AF83: =IF(AND($D83="",AD83=""),"",IF($D83="",AD83,$D83+AD83)) -> #REF! | AH83: =IF($A83<>"(DC)", $E83*$AG$7, $E83) -> #REF! | AI83: =IF($A83<>"(DC)", $F83*$AG$7, $F83) -> #REF! | AJ83: =IF(AND($D83="",AH83=""),"",IF($D83="",AH83,$D83+AH83)) -> #REF! | AK83: =IF(AND($D83="",AI83=""),"",IF($D83="",AI83,$D83+AI83)) -> #REF!
S84: =IF($A84<>"(DC)", $E84*$R$7, $E84) -> 0 | T84: =IF($A84<>"(DC)", $F84*$R$7, $F84) -> 0 | U84: =IF(AND($D84="",S84=""),"",IF($D84="",S84,$D84+S84)) -> 0 | V84: =IF(AND($D84="",T84=""),"",IF($D84="",T84,$D84+T84)) -> 0 | X84: =IF($A84<>"(DC)", $E84*$W$7, $E84) -> #REF! | Y84: =IF($A84<>"(DC)", $F84*$W$7, $F84) -> #REF! | Z84: =IF(AND($D84="",X84=""),"",IF($D84="",X84,$D84+X84)) -> #REF! | AA84: =IF(AND($D84="",Y84=""),"",IF($D84="",Y84,$D84+Y84)) -> #REF! | AC84: =IF($A84<>"(DC)", $E84*$AB$7, $E84) -> #REF! | AD84: =IF($A84<>"(DC)", $F84*$AB$7, $F84) -> #REF! | AE84: =IF(AND($D84="",AC84=""),"",IF($D84="",AC84,$D84+AC84)) -> #REF! | AF84: =IF(AND($D84="",AD84=""),"",IF($D84="",AD84,$D84+AD84)) -> #REF! | AH84: =IF($A84<>"(DC)", $E84*$AG$7, $E84) -> #REF! | AI84: =IF($A84<>"(DC)", $F84*$AG$7, $F84) -> #REF! | AJ84: =IF(AND($D84="",AH84=""),"",IF($D84="",AH84,$D84+AH84)) -> #REF! | AK84: =IF(AND($D84="",AI84=""),"",IF($D84="",AI84,$D84+AI84)) -> #REF!
S85: =IF($A85<>"(DC)", $E85*$R$7, $E85) -> 0 | T85: =IF($A85<>"(DC)", $F85*$R$7, $F85) -> 0 | U85: =IF(AND($D85="",S85=""),"",IF($D85="",S85,$D85+S85)) -> 0 | V85: =IF(AND($D85="",T85=""),"",IF($D85="",T85,$D85+T85)) -> 0 | X85: =IF($A85<>"(DC)", $E85*$W$7, $E85) -> #REF! | Y85: =IF($A85<>"(DC)", $F85*$W$7, $F85) -> #REF! | Z85: =IF(AND($D85="",X85=""),"",IF($D85="",X85,$D85+X85)) -> #REF! | AA85: =IF(AND($D85="",Y85=""),"",IF($D85="",Y85,$D85+Y85)) -> #REF! | AC85: =IF($A85<>"(DC)", $E85*$AB$7, $E85) -> #REF! | AD85: =IF($A85<>"(DC)", $F85*$AB$7, $F85) -> #REF! | AE85: =IF(AND($D85="",AC85=""),"",IF($D85="",AC85,$D85+AC85)) -> #REF! | AF85: =IF(AND($D85="",AD85=""),"",IF($D85="",AD85,$D85+AD85)) -> #REF! | AH85: =IF($A85<>"(DC)", $E85*$AG$7, $E85) -> #REF! | AI85: =IF($A85<>"(DC)", $F85*$AG$7, $F85) -> #REF! | AJ85: =IF(AND($D85="",AH85=""),"",IF($D85="",AH85,$D85+AH85)) -> #REF! | AK85: =IF(AND($D85="",AI85=""),"",IF($D85="",AI85,$D85+AI85)) -> #REF!
B86: FAI35 | D86: 13.614 | E86: 0.03 | F86: -0.03 | G86: =IF(AND(D86="",E86=""),"",IF(D86="",E86,D86+E86)) -> 13.644 | H86: =IF(AND(D86="",F86=""),"",IF(D86="",F86,D86+F86)) -> 13.584 | S86: =IF($A86<>"(DC)", $E86*$R$7, $E86) -> 0 | T86: =IF($A86<>"(DC)", $F86*$R$7, $F86) -> 0 | U86: =IF(AND($D86="",S86=""),"",IF($D86="",S86,$D86+S86)) -> 13.614 | V86: =IF(AND($D86="",T86=""),"",IF($D86="",T86,$D86+T86)) -> 13.614 | X86: =IF($A86<>"(DC)", $E86*$W$7, $E86) -> #REF! | Y86: =IF($A86<>"(DC)", $F86*$W$7, $F86) -> #REF! | Z86: =IF(AND($D86="",X86=""),"",IF($D86="",X86,$D86+X86)) -> #REF! | AA86: =IF(AND($D86="",Y86=""),"",IF($D86="",Y86,$D86+Y86)) -> #REF! | AC86: =IF($A86<>"(DC)", $E86*$AB$7, $E86) -> #REF! | AD86: =IF($A86<>"(DC)", $F86*$AB$7, $F86) -> #REF! | AE86: =IF(AND($D86="",AC86=""),"",IF($D86="",AC86,$D86+AC86)) -> #REF! | AF86: =IF(AND($D86="",AD86=""),"",IF($D86="",AD86,$D86+AD86)) -> #REF! | AH86: =IF($A86<>"(DC)", $E86*$AG$7, $E86) -> #REF! | AI86: =IF($A86<>"(DC)", $F86*$AG$7, $F86) -> #REF! | AJ86: =IF(AND($D86="",AH86=""),"",IF($D86="",AH86,$D86+AH86)) -> #REF! | AK86: =IF(AND($D86="",AI86=""),"",IF($D86="",AI86,$D86+AI86)) -> #REF!
B87: FAI36 | D87: 1.951 | E87: 0.03 | F87: -0.03 | G87: =IF(AND(D87="",E87=""),"",IF(D87="",E87,D87+E87)) -> 1.981 | H87: =IF(AND(D87="",F87=""),"",IF(D87="",F87,D87+F87)) -> 1.921 | S87: =IF($A87<>"(DC)", $E87*$R$7, $E87) -> 0 | T87: =IF($A87<>"(DC)", $F87*$R$7, $F87) -> 0 | U87: =IF(AND($D87="",S87=""),"",IF($D87="",S87,$D87+S87)) -> 1.951 | V87: =IF(AND($D87="",T87=""),"",IF($D87="",T87,$D87+T87)) -> 1.951 | X87: =IF($A87<>"(DC)", $E87*$W$7, $E87) -> #REF! | Y87: =IF($A87<>"(DC)", $F87*$W$7, $F87) -> #REF! | Z87: =IF(AND($D87="",X87=""),"",IF($D87="",X87,$D87+X87)) -> #REF! | AA87: =IF(AND($D87="",Y87=""),"",IF($D87="",Y87,$D87+Y87)) -> #REF! | AC87: =IF($A87<>"(DC)", $E87*$AB$7, $E87) -> #REF! | AD87: =IF($A87<>"(DC)", $F87*$AB$7, $F87) -> #REF! | AE87: =IF(AND($D87="",AC87=""),"",IF($D87="",AC87,$D87+AC87)) -> #REF! | AF87: =IF(AND($D87="",AD87=""),"",IF($D87="",AD87,$D87+AD87)) -> #REF! | AH87: =IF($A87<>"(DC)", $E87*$AG$7, $E87) -> #REF! | AI87: =IF($A87<>"(DC)", $F87*$AG$7, $F87) -> #REF! | AJ87: =IF(AND($D87="",AH87=""),"",IF($D87="",AH87,$D87+AH87)) -> #REF! | AK87: =IF(AND($D87="",AI87=""),"",IF($D87="",AI87,$D87+AI87)) -> #REF!
B88: FAI37 | D88: 2.355 | E88: 0.03 | F88: -0.03 | G88: =IF(AND(D88="",E88=""),"",IF(D88="",E88,D88+E88)) -> 2.385 | H88: =IF(AND(D88="",F88=""),"",IF(D88="",F88,D88+F88)) -> 2.325 | S88: =IF($A88<>"(DC)", $E88*$R$7, $E88) -> 0 | T88: =IF($A88<>"(DC)", $F88*$R$7, $F88) -> 0 | U88: =IF(AND($D88="",S88=""),"",IF($D88="",S88,$D88+S88)) -> 2.355 | V88: =IF(AND($D88="",T88=""),"",IF($D88="",T88,$D88+T88)) -> 2.355 | X88: =IF($A88<>"(DC)", $E88*$W$7, $E88) -> #REF! | Y88: =IF($A88<>"(DC)", $F88*$W$7, $F88) -> #REF! | Z88: =IF(AND($D88="",X88=""),"",IF($D88="",X88,$D88+X88)) -> #REF! | AA88: =IF(AND($D88="",Y88=""),"",IF($D88="",Y88,$D88+Y88)) -> #REF! | AC88: =IF($A88<>"(DC)", $E88*$AB$7, $E88) -> #REF! | AD88: =IF($A88<>"(DC)", $F88*$AB$7, $F88) -> #REF! | AE88: =IF(AND($D88="",AC88=""),"",IF($D88="",AC88,$D88+AC88)) -> #REF! | AF88: =IF(AND($D88="",AD88=""),"",IF($D88="",AD88,$D88+AD88)) -> #REF! | AH88: =IF($A88<>"(DC)", $E88*$AG$7, $E88) -> #REF! | AI88: =IF($A88<>"(DC)", $F88*$AG$7, $F88) -> #REF! | AJ88: =IF(AND($D88="",AH88=""),"",IF($D88="",AH88,$D88+AH88)) -> #REF! | AK88: =IF(AND($D88="",AI88=""),"",IF($D88="",AI88,$D88+AI88)) -> #REF!
B89: FAI38 | D89: 10.182 | E89: 0.03 | F89: -0.03 | G89: =IF(AND(D89="",E89=""),"",IF(D89="",E89,D89+E89)) -> 10.212 | H89: =IF(AND(D89="",F89=""),"",IF(D89="",F89,D89+F89)) -> 10.152 | S89: =IF($A89<>"(DC)", $E89*$R$7, $E89) -> 0 | T89: =IF($A89<>"(DC)", $F89*$R$7, $F89) -> 0 | U89: =IF(AND($D89="",S89=""),"",IF($D89="",S89,$D89+S89)) -> 10.182 | V89: =IF(AND($D89="",T89=""),"",IF($D89="",T89,$D89+T89)) -> 10.182 | X89: =IF($A89<>"(DC)", $E89*$W$7, $E89) -> #REF! | Y89: =IF($A89<>"(DC)", $F89*$W$7, $F89) -> #REF! | Z89: =IF(AND($D89="",X89=""),"",IF($D89="",X89,$D89+X89)) -> #REF! | AA89: =IF(AND($D89="",Y89=""),"",IF($D89="",Y89,$D89+Y89)) -> #REF! | AC89: =IF($A89<>"(DC)", $E89*$AB$7, $E89) -> #REF! | AD89: =IF($A89<>"(DC)", $F89*$AB$7, $F89) -> #REF! | AE89: =IF(AND($D89="",AC89=""),"",IF($D89="",AC89,$D89+AC89)) -> #REF! | AF89: =IF(AND($D89="",AD89=""),"",IF($D89="",AD89,$D89+AD89)) -> #REF! | AH89: =IF($A89<>"(DC)", $E89*$AG$7, $E89) -> #REF! | AI89: =IF($A89<>"(DC)", $F89*$AG$7, $F89) -> #REF! | AJ89: =IF(AND($D89="",AH89=""),"",IF($D89="",AH89,$D89+AH89)) -> #REF! | AK89: =IF(AND($D89="",AI89=""),"",IF($D89="",AI89,$D89+AI89)) -> #REF!
B90: FAI39 | D90: 0.2 | E90: 0.03 | F90: -0.03 | G90: =IF(AND(D90="",E90=""),"",IF(D90="",E90,D90+E90)) -> 0.23 | H90: =IF(AND(D90="",F90=""),"",IF(D90="",F90,D90+F90)) -> 0.17 | S90: =IF($A90<>"(DC)", $E90*$R$7, $E90) -> 0 | T90: =IF($A90<>"(DC)", $F90*$R$7, $F90) -> 0 | U90: =IF(AND($D90="",S90=""),"",IF($D90="",S90,$D90+S90)) -> 0.2 | V90: =IF(AND($D90="",T90=""),"",IF($D90="",T90,$D90+T90)) -> 0.2 | X90: =IF($A90<>"(DC)", $E90*$W$7, $E90) -> #REF! | Y90: =IF($A90<>"(DC)", $F90*$W$7, $F90) -> #REF! | Z90: =IF(AND($D90="",X90=""),"",IF($D90="",X90,$D90+X90)) -> #REF! | AA90: =IF(AND($D90="",Y90=""),"",IF($D90="",Y90,$D90+Y90)) -> #REF! | AC90: =IF($A90<>"(DC)", $E90*$AB$7, $E90) -> #REF! | AD90: =IF($A90<>"(DC)", $F90*$AB$7, $F90) -> #REF! | AE90: =IF(AND($D90="",AC90=""),"",IF($D90="",AC90,$D90+AC90)) -> #REF! | AF90: =IF(AND($D90="",AD90=""),"",IF($D90="",AD90,$D90+AD90)) -> #REF! | AH90: =IF($A90<>"(DC)", $E90*$AG$7, $E90) -> #REF! | AI90: =IF($A90<>"(DC)", $F90*$AG$7, $F90) -> #REF! | AJ90: =IF(AND($D90="",AH90=""),"",IF($D90="",AH90,$D90+AH90)) -> #REF! | AK90: =IF(AND($D90="",AI90=""),"",IF($D90="",AI90,$D90+AI90)) -> #REF!
B91: FAI40 | D91: 0.35 | E91: 0.03 | F91: -0.03 | G91: =IF(AND(D91="",E91=""),"",IF(D91="",E91,D91+E91)) -> 0.38 | H91: =IF(AND(D91="",F91=""),"",IF(D91="",F91,D91+F91)) -> 0.32 | S91: =IF($A91<>"(DC)", $E91*$R$7, $E91) -> 0 | T91: =IF($A91<>"(DC)", $F91*$R$7, $F91) -> 0 | U91: =IF(AND($D91="",S91=""),"",IF($D91="",S91,$D91+S91)) -> 0.35 | V91: =IF(AND($D91="",T91=""),"",IF($D91="",T91,$D91+T91)) -> 0.35 | X91: =IF($A91<>"(DC)", $E91*$W$7, $E91) -> #REF! | Y91: =IF($A91<>"(DC)", $F91*$W$7, $F91) -> #REF! | Z91: =IF(AND($D91="",X91=""),"",IF($D91="",X91,$D91+X91)) -> #REF! | AA91: =IF(AND($D91="",Y91=""),"",IF($D91="",Y91,$D91+Y91)) -> #REF! | AC91: =IF($A91<>"(DC)", $E91*$AB$7, $E91) -> #REF! | AD91: =IF($A91<>"(DC)", $F91*$AB$7, $F91) -> #REF! | AE91: =IF(AND($D91="",AC91=""),"",IF($D91="",AC91,$D91+AC91)) -> #REF! | AF91: =IF(AND($D91="",AD91=""),"",IF($D91="",AD91,$D91+AD91)) -> #REF! | AH91: =IF($A91<>"(DC)", $E91*$AG$7, $E91) -> #REF! | AI91: =IF($A91<>"(DC)", $F91*$AG$7, $F91) -> #REF! | AJ91: =IF(AND($D91="",AH91=""),"",IF($D91="",AH91,$D91+AH91)) -> #REF! | AK91: =IF(AND($D91="",AI91=""),"",IF($D91="",AI91,$D91+AI91)) -> #REF!
B92: FAI40 | D92: 0.35 | E92: 0.03 | F92: -0.03 | G92: =IF(AND(D92="",E92=""),"",IF(D92="",E92,D92+E92)) -> 0.38 | H92: =IF(AND(D92="",F92=""),"",IF(D92="",F92,D92+F92)) -> 0.32 | S92: =IF($A92<>"(DC)", $E92*$R$7, $E92) -> 0 | T92: =IF($A92<>"(DC)", $F92*$R$7, $F92) -> 0 | U92: =IF(AND($D92="",S92=""),"",IF($D92="",S92,$D92+S92)) -> 0.35 | V92: =IF(AND($D92="",T92=""),"",IF($D92="",T92,$D92+T92)) -> 0.35 | X92: =IF($A92<>"(DC)", $E92*$W$7, $E92) -> #REF! | Y92: =IF($A92<>"(DC)", $F92*$W$7, $F92) -> #REF! | Z92: =IF(AND($D92="",X92=""),"",IF($D92="",X92,$D92+X92)) -> #REF! | AA92: =IF(AND($D92="",Y92=""),"",IF($D92="",Y92,$D92+Y92)) -> #REF! | AC92: =IF($A92<>"(DC)", $E92*$AB$7, $E92) -> #REF! | AD92: =IF($A92<>"(DC)", $F92*$AB$7, $F92) -> #REF! | AE92: =IF(AND($D92="",AC92=""),"",IF($D92="",AC92,$D92+AC92)) -> #REF! | AF92: =IF(AND($D92="",AD92=""),"",IF($D92="",AD92,$D92+AD92)) -> #REF! | AH92: =IF($A92<>"(DC)", $E92*$AG$7, $E92) -> #REF! | AI92: =IF($A92<>"(DC)", $F92*$AG$7, $F92) -> #REF! | AJ92: =IF(AND($D92="",AH92=""),"",IF($D92="",AH92,$D92+AH92)) -> #REF! | AK92: =IF(AND($D92="",AI92=""),"",IF($D92="",AI92,$D92+AI92)) -> #REF!
B93: FAI40 | D93: 0.35 | E93: 0.03 | F93: -0.03 | G93: =IF(AND(D93="",E93=""),"",IF(D93="",E93,D93+E93)) -> 0.38 | H93: =IF(AND(D93="",F93=""),"",IF(D93="",F93,D93+F93)) -> 0.32 | S93: =IF($A93<>"(DC)", $E93*$R$7, $E93) -> 0 | T93: =IF($A93<>"(DC)", $F93*$R$7, $F93) -> 0 | U93: =IF(AND($D93="",S93=""),"",IF($D93="",S93,$D93+S93)) -> 0.35 | V93: =IF(AND($D93="",T93=""),"",IF($D93="",T93,$D93+T93)) -> 0.35 | X93: =IF($A93<>"(DC)", $E93*$W$7, $E93) -> #REF! | Y93: =IF($A93<>"(DC)", $F93*$W$7, $F93) -> #REF! | Z93: =IF(AND($D93="",X93=""),"",IF($D93="",X93,$D93+X93)) -> #REF! | AA93: =IF(AND($D93="",Y93=""),"",IF($D93="",Y93,$D93+Y93)) -> #REF! | AC93: =IF($A93<>"(DC)", $E93*$AB$7, $E93) -> #REF! | AD93: =IF($A93<>"(DC)", $F93*$AB$7, $F93) -> #REF! | AE93: =IF(AND($D93="",AC93=""),"",IF($D93="",AC93,$D93+AC93)) -> #REF! | AF93: =IF(AND($D93="",AD93=""),"",IF($D93="",AD93,$D93+AD93)) -> #REF! | AH93: =IF($A93<>"(DC)", $E93*$AG$7, $E93) -> #REF! | AI93: =IF($A93<>"(DC)", $F93*$AG$7, $F93) -> #REF! | AJ93: =IF(AND($D93="",AH93=""),"",IF($D93="",AH93,$D93+AH93)) -> #REF! | AK93: =IF(AND($D93="",AI93=""),"",IF($D93="",AI93,$D93+AI93)) -> #REF!
B94: FAI40 | D94: 0.35 | E94: 0.03 | F94: -0.03 | G94: =IF(AND(D94="",E94=""),"",IF(D94="",E94,D94+E94)) -> 0.38 | H94: =IF(AND(D94="",F94=""),"",IF(D94="",F94,D94+F94)) -> 0.32 | S94: =IF($A94<>"(DC)", $E94*$R$7, $E94) -> 0 | T94: =IF($A94<>"(DC)", $F94*$R$7, $F94) -> 0 | U94: =IF(AND($D94="",S94=""),"",IF($D94="",S94,$D94+S94)) -> 0.35 | V94: =IF(AND($D94="",T94=""),"",IF($D94="",T94,$D94+T94)) -> 0.35 | X94: =IF($A94<>"(DC)", $E94*$W$7, $E94) -> #REF! | Y94: =IF($A94<>"(DC)", $F94*$W$7, $F94) -> #REF! | Z94: =IF(AND($D94="",X94=""),"",IF($D94="",X94,$D94+X94)) -> #REF! | AA94: =IF(AND($D94="",Y94=""),"",IF($D94="",Y94,$D94+Y94)) -> #REF! | AC94: =IF($A94<>"(DC)", $E94*$AB$7, $E94) -> #REF! | AD94: =IF($A94<>"(DC)", $F94*$AB$7, $F94) -> #REF! | AE94: =IF(AND($D94="",AC94=""),"",IF($D94="",AC94,$D94+AC94)) -> #REF! | AF94: =IF(AND($D94="",AD94=""),"",IF($D94="",AD94,$D94+AD94)) -> #REF! | AH94: =IF($A94<>"(DC)", $E94*$AG$7, $E94) -> #REF! | AI94: =IF($A94<>"(DC)", $F94*$AG$7, $F94) -> #REF! | AJ94: =IF(AND($D94="",AH94=""),"",IF($D94="",AH94,$D94+AH94)) -> #REF! | AK94: =IF(AND($D94="",AI94=""),"",IF($D94="",AI94,$D94+AI94)) -> #REF!
B95: FAI41 | D95: 1.902 | E95: 0.02 | F95: -0.02 | G95: =IF(AND(D95="",E95=""),"",IF(D95="",E95,D95+E95)) -> 1.922 | H95: =IF(AND(D95="",F95=""),"",IF(D95="",F95,D95+F95)) -> 1.882 | S95: =IF($A95<>"(DC)", $E95*$R$7, $E95) -> 0 | T95: =IF($A95<>"(DC)", $F95*$R$7, $F95) -> 0 | U95: =IF(AND($D95="",S95=""),"",IF($D95="",S95,$D95+S95)) -> 1.902 | V95: =IF(AND($D95="",T95=""),"",IF($D95="",T95,$D95+T95)) -> 1.902 | X95: =IF($A95<>"(DC)", $E95*$W$7, $E95) -> #REF! | Y95: =IF($A95<>"(DC)", $F95*$W$7, $F95) -> #REF! | Z95: =IF(AND($D95="",X95=""),"",IF($D95="",X95,$D95+X95)) -> #REF! | AA95: =IF(AND($D95="",Y95=""),"",IF($D95="",Y95,$D95+Y95)) -> #REF! | AC95: =IF($A95<>"(DC)", $E95*$AB$7, $E95) -> #REF! | AD95: =IF($A95<>"(DC)", $F95*$AB$7, $F95) -> #REF! | AE95: =IF(AND($D95="",AC95=""),"",IF($D95="",AC95,$D95+AC95)) -> #REF! | AF95: =IF(AND($D95="",AD95=""),"",IF($D95="",AD95,$D95+AD95)) -> #REF! | AH95: =IF($A95<>"(DC)", $E95*$AG$7, $E95) -> #REF! | AI95: =IF($A95<>"(DC)", $F95*$AG$7, $F95) -> #REF! | AJ95: =IF(AND($D95="",AH95=""),"",IF($D95="",AH95,$D95+AH95)) -> #REF! | AK95: =IF(AND($D95="",AI95=""),"",IF($D95="",AI95,$D95+AI95)) -> #REF!
S96: =IF($A96<>"(DC)", $E96*$R$7, $E96) -> 0 | T96: =IF($A96<>"(DC)", $F96*$R$7, $F96) -> 0 | U96: =IF(AND($D96="",S96=""),"",IF($D96="",S96,$D96+S96)) -> 0 | V96: =IF(AND($D96="",T96=""),"",IF($D96="",T96,$D96+T96)) -> 0 | X96: =IF($A96<>"(DC)", $E96*$W$7, $E96) -> #REF! | Y96: =IF($A96<>"(DC)", $F96*$W$7, $F96) -> #REF! | Z96: =IF(AND($D96="",X96=""),"",IF($D96="",X96,$D96+X96)) -> #REF! | AA96: =IF(AND($D96="",Y96=""),"",IF($D96="",Y96,$D96+Y96)) -> #REF! | AC96: =IF($A96<>"(DC)", $E96*$AB$7, $E96) -> #REF! | AD96: =IF($A96<>"(DC)", $F96*$AB$7, $F96) -> #REF! | AE96: =IF(AND($D96="",AC96=""),"",IF($D96="",AC96,$D96+AC96)) -> #REF! | AF96: =IF(AND($D96="",AD96=""),"",IF($D96="",AD96,$D96+AD96)) -> #REF! | AH96: =IF($A96<>"(DC)", $E96*$AG$7, $E96) -> #REF! | AI96: =IF($A96<>"(DC)", $F96*$AG$7, $F96) -> #REF! | AJ96: =IF(AND($D96="",AH96=""),"",IF($D96="",AH96,$D96+AH96)) -> #REF! | AK96: =IF(AND($D96="",AI96=""),"",IF($D96="",AI96,$D96+AI96)) -> #REF!
S97: =IF($A97<>"(DC)", $E97*$R$7, $E97) -> 0 | T97: =IF($A97<>"(DC)", $F97*$R$7, $F97) -> 0 | U97: =IF(AND($D97="",S97=""),"",IF($D97="",S97,$D97+S97)) -> 0 | V97: =IF(AND($D97="",T97=""),"",IF($D97="",T97,$D97+T97)) -> 0 | X97: =IF($A97<>"(DC)", $E97*$W$7, $E97) -> #REF! | Y97: =IF($A97<>"(DC)", $F97*$W$7, $F97) -> #REF! | Z97: =IF(AND($D97="",X97=""),"",IF($D97="",X97,$D97+X97)) -> #REF! | AA97: =IF(AND($D97="",Y97=""),"",IF($D97="",Y97,$D97+Y97)) -> #REF! | AC97: =IF($A97<>"(DC)", $E97*$AB$7, $E97) -> #REF! | AD97: =IF($A97<>"(DC)", $F97*$AB$7, $F97) -> #REF! | AE97: =IF(AND($D97="",AC97=""),"",IF($D97="",AC97,$D97+AC97)) -> #REF! | AF97: =IF(AND($D97="",AD97=""),"",IF($D97="",AD97,$D97+AD97)) -> #REF! | AH97: =IF($A97<>"(DC)", $E97*$AG$7, $E97) -> #REF! | AI97: =IF($A97<>"(DC)", $F97*$AG$7, $F97) -> #REF! | AJ97: =IF(AND($D97="",AH97=""),"",IF($D97="",AH97,$D97+AH97)) -> #REF! | AK97: =IF(AND($D97="",AI97=""),"",IF($D97="",AI97,$D97+AI97)) -> #REF!
S98: =IF($A98<>"(DC)", $E98*$R$7, $E98) -> 0 | T98: =IF($A98<>"(DC)", $F98*$R$7, $F98) -> 0 | U98: =IF(AND($D98="",S98=""),"",IF($D98="",S98,$D98+S98)) -> 0 | V98: =IF(AND($D98="",T98=""),"",IF($D98="",T98,$D98+T98)) -> 0 | X98: =IF($A98<>"(DC)", $E98*$W$7, $E98) -> #REF! | Y98: =IF($A98<>"(DC)", $F98*$W$7, $F98) -> #REF! | Z98: =IF(AND($D98="",X98=""),"",IF($D98="",X98,$D98+X98)) -> #REF! | AA98: =IF(AND($D98="",Y98=""),"",IF($D98="",Y98,$D98+Y98)) -> #REF! | AC98: =IF($A98<>"(DC)", $E98*$AB$7, $E98) -> #REF! | AD98: =IF($A98<>"(DC)", $F98*$AB$7, $F98) -> #REF! | AE98: =IF(AND($D98="",AC98=""),"",IF($D98="",AC98,$D98+AC98)) -> #REF! | AF98: =IF(AND($D98="",AD98=""),"",IF($D98="",AD98,$D98+AD98)) -> #REF! | AH98: =IF($A98<>"(DC)", $E98*$AG$7, $E98) -> #REF! | AI98: =IF($A98<>"(DC)", $F98*$AG$7, $F98) -> #REF! | AJ98: =IF(AND($D98="",AH98=""),"",IF($D98="",AH98,$D98+AH98)) -> #REF! | AK98: =IF(AND($D98="",AI98=""),"",IF($D98="",AI98,$D98+AI98)) -> #REF!
S99: =IF($A99<>"(DC)", $E99*$R$7, $E99) -> 0 | T99: =IF($A99<>"(DC)", $F99*$R$7, $F99) -> 0 | U99: =IF(AND($D99="",S99=""),"",IF($D99="",S99,$D99+S99)) -> 0 | V99: =IF(AND($D99="",T99=""),"",IF($D99="",T99,$D99+T99)) -> 0 | X99: =IF($A99<>"(DC)", $E99*$W$7, $E99) -> #REF! | Y99: =IF($A99<>"(DC)", $F99*$W$7, $F99) -> #REF! | Z99: =IF(AND($D99="",X99=""),"",IF($D99="",X99,$D99+X99)) -> #REF! | AA99: =IF(AND($D99="",Y99=""),"",IF($D99="",Y99,$D99+Y99)) -> #REF! | AC99: =IF($A99<>"(DC)", $E99*$AB$7, $E99) -> #REF! | AD99: =IF($A99<>"(DC)", $F99*$AB$7, $F99) -> #REF! | AE99: =IF(AND($D99="",AC99=""),"",IF($D99="",AC99,$D99+AC99)) -> #REF! | AF99: =IF(AND($D99="",AD99=""),"",IF($D99="",AD99,$D99+AD99)) -> #REF! | AH99: =IF($A99<>"(DC)", $E99*$AG$7, $E99) -> #REF! | AI99: =IF($A99<>"(DC)", $F99*$AG$7, $F99) -> #REF! | AJ99: =IF(AND($D99="",AH99=""),"",IF($D99="",AH99,$D99+AH99)) -> #REF! | AK99: =IF(AND($D99="",AI99=""),"",IF($D99="",AI99,$D99+AI99)) -> #REF!
S100: =IF($A100<>"(DC)", $E100*$R$7, $E100) -> 0 | T100: =IF($A100<>"(DC)", $F100*$R$7, $F100) -> 0 | U100: =IF(AND($D100="",S100=""),"",IF($D100="",S100,$D100+S100)) -> 0 | V100: =IF(AND($D100="",T100=""),"",IF($D100="",T100,$D100+T100)) -> 0 | X100: =IF($A100<>"(DC)", $E100*$W$7, $E100) -> #REF! | Y100: =IF($A100<>"(DC)", $F100*$W$7, $F100) -> #REF! | Z100: =IF(AND($D100="",X100=""),"",IF($D100="",X100,$D100+X100)) -> #REF! | AA100: =IF(AND($D100="",Y100=""),"",IF($D100="",Y100,$D100+Y100)) -> #REF! | AC100: =IF($A100<>"(DC)", $E100*$AB$7, $E100) -> #REF! | AD100: =IF($A100<>"(DC)", $F100*$AB$7, $F100) -> #REF! | AE100: =IF(AND($D100="",AC100=""),"",IF($D100="",AC100,$D100+AC100)) -> #REF! | AF100: =IF(AND($D100="",AD100=""),"",IF($D100="",AD100,$D100+AD100)) -> #REF! | AH100: =IF($A100<>"(DC)", $E100*$AG$7, $E100) -> #REF! | AI100: =IF($A100<>"(DC)", $F100*$AG$7, $F100) -> #REF! | AJ100: =IF(AND($D100="",AH100=""),"",IF($D100="",AH100,$D100+AH100)) -> #REF! | AK100: =IF(AND($D100="",AI100=""),"",IF($D100="",AI100,$D100+AI100)) -> #REF!
S101: =IF($A101<>"(DC)", $E101*$R$7, $E101) -> 0 | T101: =IF($A101<>"(DC)", $F101*$R$7, $F101) -> 0 | U101: =IF(AND($D101="",S101=""),"",IF($D101="",S101,$D101+S101)) -> 0 | V101: =IF(AND($D101="",T101=""),"",IF($D101="",T101,$D101+T101)) -> 0 | X101: =IF($A101<>"(DC)", $E101*$W$7, $E101) -> #REF! | Y101: =IF($A101<>"(DC)", $F101*$W$7, $F101) -> #REF! | Z101: =IF(AND($D101="",X101=""),"",IF($D101="",X101,$D101+X101)) -> #REF! | AA101: =IF(AND($D101="",Y101=""),"",IF($D101="",Y101,$D101+Y101)) -> #REF! | AC101: =IF($A101<>"(DC)", $E101*$AB$7, $E101) -> #REF! | AD101: =IF($A101<>"(DC)", $F101*$AB$7, $F101) -> #REF! | AE101: =IF(AND($D101="",AC101=""),"",IF($D101="",AC101,$D101+AC101)) -> #REF! | AF101: =IF(AND($D101="",AD101=""),"",IF($D101="",AD101,$D101+AD101)) -> #REF! | AH101: =IF($A101<>"(DC)", $E101*$AG$7, $E101) -> #REF! | AI101: =IF($A101<>"(DC)", $F101*$AG$7, $F101) -> #REF! | AJ101: =IF(AND($D101="",AH101=""),"",IF($D101="",AH101,$D101+AH101)) -> #REF! | AK101: =IF(AND($D101="",AI101=""),"",IF($D101="",AI101,$D101+AI101)) -> #REF!
S102: =IF($A102<>"(DC)", $E102*$R$7, $E102) -> 0 | T102: =IF($A102<>"(DC)", $F102*$R$7, $F102) -> 0 | U102: =IF(AND($D102="",S102=""),"",IF($D102="",S102,$D102+S102)) -> 0 | V102: =IF(AND($D102="",T102=""),"",IF($D102="",T102,$D102+T102)) -> 0 | X102: =IF($A102<>"(DC)", $E102*$W$7, $E102) -> #REF! | Y102: =IF($A102<>"(DC)", $F102*$W$7, $F102) -> #REF! | Z102: =IF(AND($D102="",X102=""),"",IF($D102="",X102,$D102+X102)) -> #REF! | AA102: =IF(AND($D102="",Y102=""),"",IF($D102="",Y102,$D102+Y102)) -> #REF! | AC102: =IF($A102<>"(DC)", $E102*$AB$7, $E102) -> #REF! | AD102: =IF($A102<>"(DC)", $F102*$AB$7, $F102) -> #REF! | AE102: =IF(AND($D102="",AC102=""),"",IF($D102="",AC102,$D102+AC102)) -> #REF! | AF102: =IF(AND($D102="",AD102=""),"",IF($D102="",AD102,$D102+AD102)) -> #REF! | AH102: =IF($A102<>"(DC)", $E102*$AG$7, $E102) -> #REF! | AI102: =IF($A102<>"(DC)", $F102*$AG$7, $F102) -> #REF! | AJ102: =IF(AND($D102="",AH102=""),"",IF($D102="",AH102,$D102+AH102)) -> #REF! | AK102: =IF(AND($D102="",AI102=""),"",IF($D102="",AI102,$D102+AI102)) -> #REF!
S103: =IF($A103<>"(DC)", $E103*$R$7, $E103) -> 0 | T103: =IF($A103<>"(DC)", $F103*$R$7, $F103) -> 0 | U103: =IF(AND($D103="",S103=""),"",IF($D103="",S103,$D103+S103)) -> 0 | V103: =IF(AND($D103="",T103=""),"",IF($D103="",T103,$D103+T103)) -> 0 | X103: =IF($A103<>"(DC)", $E103*$W$7, $E103) -> #REF! | Y103: =IF($A103<>"(DC)", $F103*$W$7, $F103) -> #REF! | Z103: =IF(AND($D103="",X103=""),"",IF($D103="",X103,$D103+X103)) -> #REF! | AA103: =IF(AND($D103="",Y103=""),"",IF($D103="",Y103,$D103+Y103)) -> #REF! | AC103: =IF($A103<>"(DC)", $E103*$AB$7, $E103) -> #REF! | AD103: =IF($A103<>"(DC)", $F103*$AB$7, $F103) -> #REF! | AE103: =IF(AND($D103="",AC103=""),"",IF($D103="",AC103,$D103+AC103)) -> #REF! | AF103: =IF(AND($D103="",AD103=""),"",IF($D103="",AD103,$D103+AD103)) -> #REF! | AH103: =IF($A103<>"(DC)", $E103*$AG$7, $E103) -> #REF! | AI103: =IF($A103<>"(DC)", $F103*$AG$7, $F103) -> #REF! | AJ103: =IF(AND($D103="",AH103=""),"",IF($D103="",AH103,$D103+AH103)) -> #REF! | AK103: =IF(AND($D103="",AI103=""),"",IF($D103="",AI103,$D103+AI103)) -> #REF!
S104: =IF($A104<>"(DC)", $E104*$R$7, $E104) -> 0 | T104: =IF($A104<>"(DC)", $F104*$R$7, $F104) -> 0 | U104: =IF(AND($D104="",S104=""),"",IF($D104="",S104,$D104+S104)) -> 0 | V104: =IF(AND($D104="",T104=""),"",IF($D104="",T104,$D104+T104)) -> 0 | X104: =IF($A104<>"(DC)", $E104*$W$7, $E104) -> #REF! | Y104: =IF($A104<>"(DC)", $F104*$W$7, $F104) -> #REF! | Z104: =IF(AND($D104="",X104=""),"",IF($D104="",X104,$D104+X104)) -> #REF! | AA104: =IF(AND($D104="",Y104=""),"",IF($D104="",Y104,$D104+Y104)) -> #REF! | AC104: =IF($A104<>"(DC)", $E104*$AB$7, $E104) -> #REF! | AD104: =IF($A104<>"(DC)", $F104*$AB$7, $F104) -> #REF! | AE104: =IF(AND($D104="",AC104=""),"",IF($D104="",AC104,$D104+AC104)) -> #REF! | AF104: =IF(AND($D104="",AD104=""),"",IF($D104="",AD104,$D104+AD104)) -> #REF! | AH104: =IF($A104<>"(DC)", $E104*$AG$7, $E104) -> #REF! | AI104: =IF($A104<>"(DC)", $F104*$AG$7, $F104) -> #REF! | AJ104: =IF(AND($D104="",AH104=""),"",IF($D104="",AH104,$D104+AH104)) -> #REF! | AK104: =IF(AND($D104="",AI104=""),"",IF($D104="",AI104,$D104+AI104)) -> #REF!
S105: =IF($A105<>"(DC)", $E105*$R$7, $E105) -> 0 | T105: =IF($A105<>"(DC)", $F105*$R$7, $F105) -> 0 | U105: =IF(AND($D105="",S105=""),"",IF($D105="",S105,$D105+S105)) -> 0 | V105: =IF(AND($D105="",T105=""),"",IF($D105="",T105,$D105+T105)) -> 0 | X105: =IF($A105<>"(DC)", $E105*$W$7, $E105) -> #REF! | Y105: =IF($A105<>"(DC)", $F105*$W$7, $F105) -> #REF! | Z105: =IF(AND($D105="",X105=""),"",IF($D105="",X105,$D105+X105)) -> #REF! | AA105: =IF(AND($D105="",Y105=""),"",IF($D105="",Y105,$D105+Y105)) -> #REF! | AC105: =IF($A105<>"(DC)", $E105*$AB$7, $E105) -> #REF! | AD105: =IF($A105<>"(DC)", $F105*$AB$7, $F105) -> #REF! | AE105: =IF(AND($D105="",AC105=""),"",IF($D105="",AC105,$D105+AC105)) -> #REF! | AF105: =IF(AND($D105="",AD105=""),"",IF($D105="",AD105,$D105+AD105)) -> #REF! | AH105: =IF($A105<>"(DC)", $E105*$AG$7, $E105) -> #REF! | AI105: =IF($A105<>"(DC)", $F105*$AG$7, $F105) -> #REF! | AJ105: =IF(AND($D105="",AH105=""),"",IF($D105="",AH105,$D105+AH105)) -> #REF! | AK105: =IF(AND($D105="",AI105=""),"",IF($D105="",AI105,$D105+AI105)) -> #REF!
...

Sheet 1Cav기존
A1: Enhanced Cpk Data Sheet - Enclosures MD
B2: Rev 4.3 | V2: Instructions
B4: Part Number : | D4: 817-11233-05 | F4: Supplier : | H4: Dpamstech | O4: Tool # / Build / DOE Name : | R4: A3.1 / T@ / POR @
B5: Part Description : | D5: X CARRIER | F5: Inspector : | H5: @@@@@@@@ | O5: Notes/Comments :
B6: Revision : | D6: MSOP Rev.02 | F6: Date : | H6: 25@@@@ (Lot.25@@@@) | O6: CMM/OMM Program version : | R6: OMM PGM Rev.09
B8: DRAWING SPECIFICATIONS | O8: CALCULATED RESULTS | AG8: DO NOT DELETE COLUMNS | AK8: MEASURED DATA 1CAV | BX8: 판정
H9: (USL for one sided spec) | I9: (LSL for one sided spec) | Z9: Tolerance needed to hit target Cpk | AB9: Cp* = | AC9: 1.5
B10: SPC | C10: FAI# | D10: Description | E10: Target Cpk | F10: Dimension Type | G10: Nominal | H10: TOL+ | I10: TOL- | J10: Inspection Method | K10: 100% Gauged | L10: USL | M10: LSL | O10: Maximum | P10: Minimum | Q10: Mean | R10: Std Dev | S10: Cp | T10: Ca | U10: Ca Level | V10: UCPK | W10: LCPK | X10: Cpk | Y10: Yield | Z10: +Tol => Cpk* | AA10: -Tol => Cpk* | AB10: Mean Shift | AC10: Tol Range => Cp* | AD10: Normality Test | AE10: Normality Result | AF10: Notes | AK10: 1 | AL10: 2 | AM10: 3 | AN10: 4 | AO10: 5 | AP10: 6 | AQ10: 7 | AR10: 8 | AS10: 9 | AT10: 10 | AU10: 11 | AV10: 12 | AW10: 13 | AX10: 14 | AY10: 15 | AZ10: 16 | BA10: 17 | BB10: 18 | BC10: 19 | BD10: 20 | BE10: 21 | BF10: 22 | BG10: 23 | BH10: 24 | BI10: 25 | BJ10: 26 | BK10: 27 | BL10: 28 | BM10: 29 | BN10: 30 | BO10: 31 | BP10: 32 | BR10: FAI | BS10: USL | BT10: LSL | BU10: Maximum | BV10: Minimum | BW10: Mean
